## SPECTRUM TYPE:
LCE

## DATE:
25-Jan-08

## COMMENTS:

## NUMBER OF SPECTRUM:
1

## ELLIPSOMETRIC CONFIGURATION:
0.00 ø :Modulator
+45.00 øAnalyser

## UNIT:
nm


# SPECTRUM:
1

# START TIME:
14:31:20

# END TIME:
14:31:20

# THETA ANGLE:
0.00 ø

# INCIDENCE ANGLE:
70.00 ø

# ACCUMULATION NUMBER:
28

# ELLIPSOMETRIC CONFIGURATION:
0.00 ø :Modulator
+45.00 øAnalyser

# INTEGRATION TIME:
60 ms

# FIRST POINT:
849.54 nm

# LAST POINT:
430.78 nm

# INCREMENT:
0.00 nm

# NUMBER OF POINTS:
500

# DATA:
nm Psi Delta Ic Is IcPrim IntensityMax Polarization PolarizationGen Mueller11 Mueller12 Mueller13 Mueller14 Mueller21 Mueller22 Mueller23 Mueller24 Mueller31 Mueller32 Mueller33 Mueller34 Mueller41 Mueller42 Mueller43 Mueller44 
849.54 11.769 242.166 -0.18649 -0.35320 0.91691 11.49 0.9986 0.9986 1.00010 -0.91260 -0.00900 0.00179 -0.91844 0.99688 0.00743 -0.00479 0.00545 -0.00493 -0.18831 -0.35226 -0.00107 0.00126 0.35307 -0.1841 
848.50 11.700 241.709 -0.18823 -0.34971 0.91777 11.58 0.9987 0.9988 1.00020 -0.91423 -0.00918 0.00196 -0.91896 0.99724 0.00793 -0.00464 0.00547 -0.00479 -0.18992 -0.34874 -0.00029 0.00046 0.34978 -0.1861 
847.81 11.654 241.400 -0.18939 -0.34738 0.91834 11.74 0.9986 0.9986 1.00000 -0.91503 -0.00928 0.00204 -0.91908 0.99722 0.00824 -0.00454 0.00546 -0.00468 -0.19095 -0.34629 0.00017 -0.00003 0.34749 -0.1873 
846.77 11.586 240.930 -0.19115 -0.34386 0.91918 12.03 0.9988 0.9988 1.00010 -0.91655 -0.00943 0.00214 -0.91970 0.99760 0.00867 -0.00439 0.00541 -0.00451 -0.19259 -0.34275 0.00078 -0.00070 0.34417 -0.1893 
846.07 11.540 240.611 -0.19234 -0.34150 0.91974 12.20 0.9987 0.9988 1.00000 -0.91737 -0.00951 0.00218 -0.91998 0.99770 0.00893 -0.00427 0.00535 -0.00439 -0.19366 -0.34033 0.00112 -0.00110 0.34189 -0.1906 
845.03 11.473 240.125 -0.19413 -0.33795 0.92056 12.50 0.9991 0.9992 1.00030 -0.91896 -0.00962 0.00221 -0.92089 0.99831 0.00929 -0.00410 0.00523 -0.00419 -0.19537 -0.33683 0.00155 -0.00163 0.33860 -0.1926 
844.34 11.429 239.798 -0.19532 -0.33558 0.92110 12.58 0.9987 0.9987 0.99980 -0.91933 -0.00968 0.00221 -0.92088 0.99803 0.00950 -0.00397 0.00512 -0.00406 -0.19637 -0.33426 0.00177 -0.00194 0.33617 -0.1939 
843.30 11.363 239.301 -0.19713 -0.33202 0.92191 12.88 0.9989 0.9990 0.99990 -0.92061 -0.00975 0.00217 -0.92170 0.99847 0.00977 -0.00377 0.00492 -0.00384 -0.19806 -0.33070 0.00203 -0.00234 0.33280 -0.1959 
842.61 11.319 238.962 -0.19835 -0.32962 0.92244 13.08 0.9995 0.9996 1.00040 -0.92184 -0.00979 0.00213 -0.92268 0.99921 0.00994 -0.00364 0.00477 -0.00369 -0.19929 -0.32844 0.00214 -0.00255 0.33066 -0.1973 
841.56 11.254 238.449 -0.20018 -0.32602 0.92322 13.33 0.9994 0.9994 1.00010 -0.92264 -0.00982 0.00202 -0.92324 0.99928 0.01014 -0.00342 0.00450 -0.00344 -0.20094 -0.32472 0.00222 -0.00282 0.32712 -0.1993 
840.87 11.212 238.103 -0.20141 -0.32362 0.92374 13.51 0.9994 0.9994 1.00000 -0.92323 -0.00984 0.00193 -0.92374 0.99944 0.01025 -0.00328 0.00429 -0.00327 -0.20206 -0.32227 0.00222 -0.00295 0.32479 -0.2006 
840.18 11.163 237.693 -0.20286 -0.32081 0.92427 13.67 0.9998 0.9998 1.00050 -0.92408 -0.01034 0.00098 -0.92479 0.99985 0.01080 -0.00226 0.00359 -0.00260 -0.20382 -0.31941 0.00151 -0.00243 0.32232 -0.2020 
839.14 11.108 237.186 -0.20474 -0.31753 0.92509 13.97 0.9992 0.9992 0.99970 -0.92450 -0.01002 0.00147 -0.92488 0.99945 0.01071 -0.00284 0.00310 -0.00240 -0.20510 -0.31589 0.00109 -0.00259 0.31891 -0.2042 
838.44 11.068 236.898 -0.20563 -0.31540 0.92561 14.25 1.0001 1.0002 0.99990 -0.92564 -0.01019 0.00209 -0.92650 1.00110 0.01100 -0.00354 0.00288 -0.00236 -0.20567 -0.31390 0.00116 -0.00286 0.31721 -0.2058 
837.40 10.993 236.352 -0.20723 -0.31134 0.92633 14.54 1.0004 1.0004 0.99990 -0.92637 -0.01021 0.00163 -0.92791 1.00186 0.01100 -0.00310 0.00313 -0.00286 -0.20710 -0.31004 0.00096 -0.00281 0.31319 -0.2077 
836.71 10.968 235.963 -0.20890 -0.30926 0.92674 14.73 1.0005 1.0005 1.00000 -0.92680 -0.00928 0.00158 -0.92849 1.00197 0.01002 -0.00316 0.00283 -0.00256 -0.20870 -0.30814 0.00150 -0.00349 0.31099 -0.2095 
835.67 10.890 235.231 -0.21137 -0.30447 0.92764 15.01 1.0002 1.0003 0.99970 -0.92709 -0.00906 0.00138 -0.92962 1.00184 0.00977 -0.00296 0.00275 -0.00264 -0.21090 -0.30346 0.00147 -0.00364 0.30596 -0.2122 
834.98 10.840 234.833 -0.21250 -0.30160 0.92809 15.22 1.0006 1.0006 0.99970 -0.92769 -0.00873 0.00103 -0.93070 1.00268 0.00945 -0.00253 0.00234 -0.00234 -0.21213 -0.30081 0.00117 -0.00339 0.30311 -0.2134 
833.94 10.778 234.292 -0.21417 -0.29795 0.92887 15.58 1.0006 1.0006 0.99970 -0.92833 -0.00793 0.00034 -0.93166 1.00273 0.00860 -0.00182 0.00202 -0.00207 -0.21375 -0.29726 0.00118 -0.00368 0.29937 -0.2151 
833.24 10.737 233.897 -0.21541 -0.29536 0.92929 15.79 1.0007 1.0007 0.99970 -0.92856 -0.00757 0.00009 -0.93265 1.00312 0.00823 -0.00159 0.00211 -0.00218 -0.21509 -0.29462 0.00127 -0.00384 0.29694 -0.2163 
832.55 10.708 233.511 -0.21684 -0.29315 0.92965 16.05 1.0010 1.0011 0.99970 -0.92886 -0.00728 -0.00001 -0.93367 1.00377 0.00792 -0.00160 0.00128 -0.00127 -0.21646 -0.29248 0.00094 -0.00342 0.29485 -0.2180 
831.51 10.665 232.956 -0.21882 -0.28991 0.93014 16.53 1.0011 1.0011 0.99970 -0.92935 -0.00700 -0.00013 -0.93433 1.00394 0.00743 -0.00148 0.00097 -0.00088 -0.21838 -0.28941 0.00090 -0.00339 0.29147 -0.2201 
830.82 10.634 232.582 -0.22008 -0.28767 0.93050 16.71 1.0011 1.0011 0.99970 -0.92954 -0.00673 -0.00026 -0.93494 1.00404 0.00689 -0.00131 0.00106 -0.00101 -0.21956 -0.28722 0.00105 -0.00349 0.28919 -0.2214 
829.78 10.587 231.984 -0.22210 -0.28411 0.93100 17.09 1.0010 1.0010 0.99970 -0.92930 -0.00574 -0.00064 -0.93612 1.00397 0.00572 -0.00094 0.00092 -0.00084 -0.22154 -0.28354 0.00029 -0.00268 0.28572 -0.2235 
829.08 10.564 231.602 -0.22354 -0.28206 0.93132 17.39 1.0008 1.0008 0.99970 -0.92884 -0.00525 -0.00114 -0.93669 1.00342 0.00521 -0.00035 0.00103 -0.00093 -0.22276 -0.28142 0.00012 -0.00255 0.28357 -0.2250 
828.04 10.520 230.998 -0.22558 -0.27855 0.93178 17.74 1.0010 1.0011 0.99970 -0.92943 -0.00460 -0.00146 -0.93763 1.00404 0.00444 0.00008 0.00100 -0.00070 -0.22489 -0.27809 0.00008 -0.00247 0.28006 -0.2271 
827.35 10.486 230.605 -0.22676 -0.27611 0.93217 17.95 1.0014 1.0014 0.99970 -0.93026 -0.00433 -0.00126 -0.93823 1.00476 0.00416 -0.00020 0.00122 -0.00076 -0.22615 -0.27591 0.00023 -0.00253 0.27755 -0.2284 
826.31 10.432 229.997 -0.22853 -0.27233 0.93273 18.39 1.0016 1.0016 0.99970 -0.93086 -0.00367 -0.00109 -0.93933 1.00537 0.00340 -0.00055 0.00130 -0.00085 -0.22815 -0.27227 0.00080 -0.00303 0.27377 -0.2301 
825.62 10.402 229.572 -0.22990 -0.26986 0.93303 18.57 1.0015 1.0015 0.99970 -0.93123 -0.00333 -0.00114 -0.93944 1.00523 0.00287 -0.00041 0.00140 -0.00080 -0.22960 -0.26989 0.00060 -0.00280 0.27115 -0.2313 
824.58 10.347 228.929 -0.23170 -0.26587 0.93363 18.84 1.0014 1.0014 0.99970 -0.93149 -0.00310 -0.00139 -0.94014 1.00498 0.00275 -0.00026 0.00163 -0.00094 -0.23158 -0.26586 0.00072 -0.00279 0.26713 -0.2329 
823.89 10.324 228.513 -0.23313 -0.26363 0.93393 19.06 1.0009 1.0009 0.99970 -0.93132 -0.00310 -0.00168 -0.94009 1.00409 0.00271 0.00005 0.00194 -0.00115 -0.23294 -0.26339 0.00067 -0.00258 0.26486 -0.2342 
823.19 10.298 228.082 -0.23456 -0.26126 0.93426 19.24 1.0005 1.0005 0.99970 -0.93140 -0.00360 -0.00199 -0.93979 1.00316 0.00325 0.00045 0.00212 -0.00128 -0.23441 -0.26091 0.00054 -0.00232 0.26236 -0.2354 
822.15 10.260 227.431 -0.23666 -0.25764 0.93465 19.65 0.9998 0.9998 0.99970 -0.93160 -0.00412 -0.00210 -0.93920 1.00189 0.00380 0.00078 0.00225 -0.00132 -0.23656 -0.25713 0.00024 -0.00182 0.25857 -0.2371 
821.46 10.232 227.009 -0.23790 -0.25520 0.93496 19.94 1.0000 1.0000 0.99970 -0.93242 -0.00409 -0.00223 -0.93935 1.00228 0.00372 0.00109 0.00237 -0.00123 -0.23799 -0.25466 0.00000 -0.00134 0.25625 -0.2383 
820.42 10.206 226.375 -0.24016 -0.25197 0.93536 20.26 0.9996 0.9996 0.99970 -0.93285 -0.00449 -0.00187 -0.93902 1.00152 0.00423 0.00078 0.00253 -0.00140 -0.24029 -0.25135 -0.00008 -0.00113 0.25290 -0.2403 
819.73 10.177 225.946 -0.24137 -0.24948 0.93573 20.42 0.9996 0.9996 0.99970 -0.93352 -0.00424 -0.00162 -0.93910 1.00154 0.00391 0.00055 0.00234 -0.00118 -0.24149 -0.24884 0.00002 -0.00125 0.25043 -0.2416 
818.69 10.131 225.306 -0.24311 -0.24572 0.93629 20.56 0.9997 0.9998 0.99970 -0.93462 -0.00421 -0.00156 -0.93931 1.00174 0.00386 0.00053 0.00261 -0.00143 -0.24341 -0.24510 -0.00043 -0.00093 0.24668 -0.2431 
818.00 10.109 224.854 -0.24450 -0.24326 0.93655 20.82 0.9997 0.9997 0.99970 -0.93526 -0.00431 -0.00150 -0.93903 1.00156 0.00395 0.00064 0.00248 -0.00112 -0.24488 -0.24260 -0.00128 -0.00005 0.24423 -0.2444 
816.96 10.074 224.170 -0.24660 -0.23956 0.93701 21.03 0.9993 0.9993 0.99970 -0.93557 -0.00483 -0.00178 -0.93893 1.00080 0.00460 0.00102 0.00268 -0.00131 -0.24703 -0.23866 -0.00191 0.00053 0.24058 -0.2463 
816.27 10.057 223.753 -0.24795 -0.23738 0.93735 21.23 0.9993 0.9993 0.99970 -0.93590 -0.00480 -0.00174 -0.93921 1.00075 0.00464 0.00098 0.00269 -0.00133 -0.24840 -0.23642 -0.00184 0.00036 0.23846 -0.2476 
815.23 10.034 223.145 -0.24995 -0.23427 0.93778 21.40 0.9994 0.9994 0.99970 -0.93655 -0.00536 -0.00108 -0.93937 1.00068 0.00532 0.00031 0.00287 -0.00155 -0.25017 -0.23322 -0.00204 0.00047 0.23540 -0.2498 
814.54 10.011 222.735 -0.25108 -0.23198 0.93807 21.43 0.9995 0.9995 0.99970 -0.93709 -0.00528 -0.00068 -0.93956 1.00084 0.00521 -0.00007 0.00313 -0.00172 -0.25115 -0.23091 -0.00212 0.00058 0.23316 -0.2512 
813.84 9.994 222.295 -0.25245 -0.22967 0.93826 21.51 0.9995 0.9995 0.99970 -0.93750 -0.00563 -0.00051 -0.93955 1.00086 0.00565 -0.00018 0.00343 -0.00206 -0.25255 -0.22858 -0.00215 0.00067 0.23089 -0.2525 
812.81 9.962 221.644 -0.25425 -0.22608 0.93866 21.60 0.9997 0.9997 0.99970 -0.93813 -0.00628 -0.00015 -0.94004 1.00121 0.00636 -0.00062 0.00359 -0.00216 -0.25428 -0.22497 -0.00236 0.00088 0.22740 -0.2545 
812.11 9.939 221.194 -0.25544 -0.22358 0.93893 21.66 0.9996 0.9996 0.99970 -0.93817 -0.00669 0.00005 -0.94038 1.00103 0.00681 -0.00088 0.00402 -0.00264 -0.25541 -0.22246 -0.00242 0.00090 0.22486 -0.2557 
811.07 9.911 220.492 -0.25747 -0.21984 0.93929 21.60 0.9992 0.9992 0.99970 -0.93822 -0.00731 -0.00015 -0.94031 1.00024 0.00755 -0.00082 0.00466 -0.00326 -0.25747 -0.21872 -0.00232 0.00076 0.22095 -0.2575 
810.38 9.899 220.026 -0.25899 -0.21751 0.93949 21.59 0.9989 0.9989 0.99970 -0.93796 -0.00741 -0.00021 -0.94035 0.99958 0.00773 -0.00080 0.00463 -0.00325 -0.25890 -0.21631 -0.00233 0.00074 0.21856 -0.2589 
809.34 9.879 219.334 -0.26113 -0.21400 0.93991 21.68 0.9987 0.9988 0.99970 -0.93819 -0.00734 -0.00028 -0.94046 0.99906 0.00766 -0.00080 0.00419 -0.00282 -0.26103 -0.21279 -0.00253 0.00095 0.21494 -0.2609 
808.65 9.856 218.872 -0.26226 -0.21141 0.94020 21.63 0.9987 0.9987 0.99970 -0.93832 -0.00735 -0.00040 -0.94086 0.99900 0.00756 -0.00062 0.00406 -0.00268 -0.26216 -0.21036 -0.00271 0.00113 0.21218 -0.2620 
807.61 9.831 218.198 -0.26412 -0.20783 0.94059 21.60 0.9985 0.9985 0.99970 -0.93821 -0.00762 -0.00095 -0.94118 0.99839 0.00781 -0.00011 0.00379 -0.00246 -0.26383 -0.20671 -0.00277 0.00128 0.20856 -0.2639 
806.92 9.813 217.741 -0.26530 -0.20535 0.94083 21.60 0.9984 0.9984 0.99970 -0.93822 -0.00735 -0.00124 -0.94143 0.99817 0.00758 0.00019 0.00354 -0.00223 -0.26495 -0.20417 -0.00263 0.00121 0.20608 -0.2651 
805.88 9.786 217.056 -0.26707 -0.20166 0.94124 21.59 0.9985 0.9985 0.99970 -0.93844 -0.00683 -0.00171 -0.94220 0.99835 0.00696 0.00039 0.00320 -0.00182 -0.26668 -0.20055 -0.00190 0.00041 0.20238 -0.2669 
805.19 9.766 216.595 -0.26814 -0.19911 0.94145 21.51 0.9983 0.9983 0.99970 -0.93833 -0.00631 -0.00201 -0.94237 0.99796 0.00642 0.00064 0.00314 -0.00167 -0.26752 -0.19792 -0.00177 0.00028 0.19983 -0.2681 
804.50 9.741 216.137 -0.26904 -0.19645 0.94168 21.47 0.9986 0.9987 0.99970 -0.93887 -0.00631 -0.00222 -0.94300 0.99871 0.00635 0.00090 0.00300 -0.00145 -0.26849 -0.19537 -0.00166 0.00020 0.19722 -0.2692 
803.46 9.706 215.433 -0.27048 -0.19246 0.94203 21.34 0.9990 0.9990 0.99970 -0.93937 -0.00646 -0.00214 -0.94389 0.99946 0.00634 0.00077 0.00312 -0.00167 -0.27001 -0.19148 -0.00118 -0.00031 0.19327 -0.2707 
802.77 9.686 214.953 -0.27153 -0.18979 0.94225 21.23 0.9991 0.9991 0.99970 -0.93955 -0.00650 -0.00233 -0.94435 0.99967 0.00639 0.00093 0.00260 -0.00115 -0.27109 -0.18874 -0.00108 -0.00040 0.19073 -0.2718 
801.73 9.660 214.226 -0.27323 -0.18587 0.94259 21.07 0.9990 0.9991 0.99970 -0.93987 -0.00717 -0.00263 -0.94461 0.99955 0.00711 0.00115 0.00216 -0.00077 -0.27261 -0.18485 -0.00119 -0.00026 0.18675 -0.2737 
801.04 9.639 213.743 -0.27423 -0.18318 0.94282 20.94 0.9994 0.9994 0.99970 -0.94059 -0.00734 -0.00245 -0.94501 1.00024 0.00741 0.00086 0.00196 -0.00055 -0.27368 -0.18226 -0.00084 -0.00060 0.18409 -0.2748 
800.00 9.605 213.004 -0.27561 -0.17901 0.94319 20.82 1.0000 1.0000 0.99970 -0.94200 -0.00708 -0.00230 -0.94551 1.00150 0.00712 0.00060 0.00181 -0.00055 -0.27516 -0.17826 -0.00032 -0.00125 0.17997 -0.2764 
799.31 9.579 212.494 -0.27644 -0.17607 0.94342 20.60 0.9999 0.9999 0.99970 -0.94205 -0.00737 -0.00233 -0.94576 1.00132 0.00748 0.00049 0.00215 -0.00112 -0.27598 -0.17527 -0.00004 -0.00148 0.17706 -0.2772 
798.27 9.548 211.684 -0.27804 -0.17161 0.94373 20.41 0.9997 0.9997 0.99970 -0.94232 -0.00757 -0.00249 -0.94577 1.00096 0.00767 0.00052 0.00249 -0.00160 -0.27757 -0.17081 -0.00009 -0.00127 0.17253 -0.2787 
797.58 9.529 211.160 -0.27904 -0.16872 0.94392 20.33 0.9996 0.9996 0.99970 -0.94268 -0.00776 -0.00241 -0.94562 1.00079 0.00784 0.00044 0.00253 -0.00170 -0.27859 -0.16780 -0.00022 -0.00107 0.16973 -0.2796 
796.89 9.517 210.662 -0.28016 -0.16610 0.94411 20.14 0.9994 0.9994 0.99970 -0.94279 -0.00780 -0.00261 -0.94549 1.00036 0.00796 0.00055 0.00272 -0.00202 -0.27960 -0.16510 -0.00008 -0.00109 0.16710 -0.2807 
795.85 9.499 209.888 -0.28188 -0.16201 0.94433 19.92 0.9991 0.9991 0.99970 -0.94324 -0.00745 -0.00297 -0.94487 0.99971 0.00755 0.00086 0.00272 -0.00196 -0.28128 -0.16106 0.00008 -0.00122 0.16287 -0.2823 
795.16 9.477 209.365 -0.28271 -0.15907 0.94451 19.86 0.9995 0.9995 0.99970 -0.94416 -0.00711 -0.00312 -0.94509 1.00056 0.00722 0.00105 0.00239 -0.00160 -0.28225 -0.15826 0.00008 -0.00125 0.15992 -0.2832 
794.12 9.444 208.597 -0.28380 -0.15471 0.94475 19.59 1.0001 1.0002 0.99970 -0.94550 -0.00665 -0.00303 -0.94568 1.00207 0.00662 0.00107 0.00229 -0.00160 -0.28341 -0.15410 0.00032 -0.00141 0.15560 -0.2847 
793.43 9.431 208.073 -0.28485 -0.15192 0.94495 19.33 1.0004 1.0004 0.99970 -0.94571 -0.00608 -0.00279 -0.94627 1.00250 0.00600 0.00084 0.00245 -0.00178 -0.28446 -0.15136 0.00079 -0.00187 0.15282 -0.2859 
792.40 9.410 207.291 -0.28627 -0.14770 0.94516 19.06 1.0006 1.0006 0.99970 -0.94618 -0.00576 -0.00222 -0.94667 1.00297 0.00575 0.00036 0.00270 -0.00209 -0.28586 -0.14718 0.00064 -0.00166 0.14861 -0.2874 
791.70 9.394 206.786 -0.28709 -0.14493 0.94531 18.89 1.0008 1.0008 0.99970 -0.94649 -0.00554 -0.00216 -0.94704 1.00339 0.00545 0.00038 0.00311 -0.00258 -0.28673 -0.14448 0.00085 -0.00189 0.14584 -0.2883 
790.67 9.379 205.985 -0.28862 -0.14068 0.94548 18.66 1.0011 1.0011 0.99970 -0.94676 -0.00547 -0.00185 -0.94759 1.00390 0.00534 0.00016 0.00349 -0.00292 -0.28842 -0.14033 0.00091 -0.00192 0.14153 -0.2899 
789.98 9.370 205.456 -0.28968 -0.13790 0.94561 18.49 1.0012 1.0012 0.99970 -0.94684 -0.00565 -0.00158 -0.94805 1.00417 0.00549 -0.00012 0.00349 -0.00291 -0.28951 -0.13749 0.00126 -0.00230 0.13884 -0.2910 
788.94 9.357 204.672 -0.29116 -0.13375 0.94584 18.34 1.0017 1.0017 0.99970 -0.94741 -0.00581 -0.00089 -0.94874 1.00502 0.00573 -0.00084 0.00364 -0.00304 -0.29111 -0.13333 0.00160 -0.00270 0.13480 -0.2926 
788.25 9.348 204.149 -0.29210 -0.13096 0.94592 18.20 1.0019 1.0019 0.99970 -0.94775 -0.00577 -0.00077 -0.94895 1.00545 0.00574 -0.00089 0.00367 -0.00311 -0.29208 -0.13063 0.00141 -0.00246 0.13197 -0.2936 
787.56 9.338 203.606 -0.29299 -0.12804 0.94597 18.09 1.0019 1.0019 0.99970 -0.94799 -0.00607 -0.00024 -0.94892 1.00556 0.00610 -0.00143 0.00382 -0.00326 -0.29304 -0.12763 0.00117 -0.00220 0.12913 -0.2945 
786.52 9.325 202.811 -0.29434 -0.12379 0.94605 17.69 1.0020 1.0020 0.99970 -0.94809 -0.00631 0.00009 -0.94923 1.00583 0.00657 -0.00176 0.00408 -0.00354 -0.29436 -0.12339 0.00088 -0.00183 0.12488 -0.2960 
785.83 9.316 202.295 -0.29516 -0.12102 0.94616 17.55 1.0021 1.0021 0.99970 -0.94842 -0.00638 0.00010 -0.94920 1.00591 0.00665 -0.00174 0.00393 -0.00323 -0.29507 -0.12068 0.00068 -0.00166 0.12205 -0.2969 
784.79 9.296 201.528 -0.29613 -0.11682 0.94638 17.20 1.0022 1.0022 0.99970 -0.94858 -0.00677 0.00017 -0.94977 1.00620 0.00705 -0.00180 0.00374 -0.00289 -0.29587 -0.11638 0.00054 -0.00150 0.11794 -0.2981 
784.10 9.286 200.992 -0.29689 -0.11392 0.94650 17.10 1.0022 1.0022 0.99970 -0.94873 -0.00705 0.00013 -0.94987 1.00621 0.00729 -0.00172 0.00411 -0.00322 -0.29658 -0.11352 0.00054 -0.00155 0.11499 -0.2990 
783.06 9.273 200.199 -0.29807 -0.10967 0.94665 16.94 1.0023 1.0024 0.99970 -0.94884 -0.00701 -0.00015 -0.95031 1.00647 0.00717 -0.00131 0.00376 -0.00279 -0.29768 -0.10933 0.00029 -0.00131 0.11068 -0.3003 
782.37 9.267 199.648 -0.29891 -0.10672 0.94676 16.79 1.0026 1.0026 0.99970 -0.94918 -0.00682 -0.00035 -0.95063 1.00694 0.00690 -0.00101 0.00312 -0.00204 -0.29852 -0.10655 0.00019 -0.00113 0.10760 -0.3013 
781.34 9.253 198.844 -0.29998 -0.10238 0.94694 16.73 1.0029 1.0029 0.99970 -0.94965 -0.00687 -0.00027 -0.95102 1.00745 0.00684 -0.00108 0.00302 -0.00194 -0.29963 -0.10237 0.00066 -0.00164 0.10312 -0.3025 
780.65 9.247 198.335 -0.30069 -0.09965 0.94706 16.60 1.0030 1.0030 0.99970 -0.95010 -0.00657 -0.00041 -0.95097 1.00764 0.00650 -0.00093 0.00305 -0.00183 -0.30021 -0.09978 0.00087 -0.00181 0.10025 -0.3034 
779.61 9.237 197.517 -0.30179 -0.09525 0.94726 16.44 1.0029 1.0030 0.99970 -0.95016 -0.00667 -0.00042 -0.95113 1.00745 0.00658 -0.00099 0.00279 -0.00130 -0.30121 -0.09534 0.00123 -0.00213 0.09584 -0.3045 
778.92 9.223 196.958 -0.30224 -0.09216 0.94739 16.21 1.0030 1.0030 0.99970 -0.95030 -0.00646 -0.00037 -0.95140 1.00761 0.00628 -0.00099 0.00288 -0.00140 -0.30160 -0.09226 0.00145 -0.00249 0.09274 -0.3051 
778.23 9.214 196.402 -0.30283 -0.08914 0.94746 16.10 1.0032 1.0033 0.99970 -0.95058 -0.00667 -0.00021 -0.95174 1.00811 0.00640 -0.00117 0.00262 -0.00101 -0.30222 -0.08926 0.00161 -0.00275 0.08972 -0.3058 
777.19 9.201 195.539 -0.30375 -0.08446 0.94762 16.08 1.0031 1.0031 0.99970 -0.95069 -0.00673 -0.00007 -0.95166 1.00780 0.00643 -0.00118 0.00262 -0.00091 -0.30321 -0.08455 0.00163 -0.00293 0.08500 -0.3066 
776.50 9.189 194.951 -0.30422 -0.08124 0.94775 16.05 1.0033 1.0033 0.99970 -0.95118 -0.00704 0.00017 -0.95172 1.00811 0.00670 -0.00140 0.00264 -0.00097 -0.30380 -0.08134 0.00158 -0.00298 0.08177 -0.3070 
775.47 9.188 194.092 -0.30540 -0.07667 0.94785 15.95 1.0029 1.0029 0.99970 -0.95111 -0.00720 0.00017 -0.95126 1.00733 0.00697 -0.00153 0.00223 -0.00063 -0.30488 -0.07672 0.00162 -0.00313 0.07715 -0.3081 
774.78 9.184 193.526 -0.30601 -0.07361 0.94792 15.92 1.0028 1.0028 0.99970 -0.95116 -0.00686 0.00001 -0.95114 1.00711 0.00667 -0.00138 0.00198 -0.00022 -0.30547 -0.07366 0.00158 -0.00304 0.07406 -0.3086 
773.74 9.178 192.669 -0.30688 -0.06899 0.94800 15.79 1.0027 1.0027 0.99970 -0.95148 -0.00646 0.00005 -0.95073 1.00685 0.00629 -0.00145 0.00226 -0.00033 -0.30638 -0.06906 0.00138 -0.00284 0.06936 -0.3094 
773.05 9.173 192.095 -0.30741 -0.06587 0.94803 15.65 1.0027 1.0027 0.99970 -0.95169 -0.00621 0.00026 -0.95060 1.00687 0.00610 -0.00168 0.00216 -0.00016 -0.30695 -0.06594 0.00109 -0.00254 0.06623 -0.3099 
772.01 9.166 191.204 -0.30816 -0.06104 0.94810 15.69 1.0024 1.0024 0.99970 -0.95153 -0.00613 0.00012 -0.95027 1.00621 0.00595 -0.00150 0.00201 0.00008 -0.30763 -0.06115 0.00091 -0.00240 0.06129 -0.3105 
771.32 9.166 190.591 -0.30879 -0.05774 0.94808 15.71 1.0021 1.0021 0.99970 -0.95147 -0.00628 -0.00008 -0.94988 1.00576 0.00604 -0.00122 0.00198 0.00016 -0.30834 -0.05790 0.00063 -0.00196 0.05789 -0.3109 
770.63 9.171 190.003 -0.30953 -0.05460 0.94807 15.66 1.0021 1.0021 0.99970 -0.95149 -0.00632 -0.00020 -0.94969 1.00561 0.00605 -0.00114 0.00169 0.00057 -0.30916 -0.05481 0.00029 -0.00155 0.05467 -0.3115 
769.60 9.175 189.087 -0.31053 -0.04967 0.94810 15.59 1.0018 1.0018 0.99970 -0.95117 -0.00591 -0.00009 -0.94953 1.00506 0.00550 -0.00131 0.00123 0.00109 -0.31025 -0.04992 0.00019 -0.00144 0.04965 -0.3123 
768.91 9.176 188.492 -0.31105 -0.04644 0.94811 15.52 1.0017 1.0018 0.99970 -0.95079 -0.00539 -0.00044 -0.94976 1.00488 0.00488 -0.00094 0.00116 0.00127 -0.31074 -0.04669 0.00046 -0.00169 0.04641 -0.3128 
767.87 9.172 187.582 -0.31164 -0.04148 0.94814 15.51 1.0018 1.0018 0.99970 -0.95070 -0.00470 -0.00040 -0.94996 1.00491 0.00410 -0.00092 0.00101 0.00158 -0.31133 -0.04161 0.00079 -0.00200 0.04154 -0.3134 
767.18 9.171 186.980 -0.31201 -0.03820 0.94816 15.51 1.0021 1.0021 0.99970 -0.95095 -0.00465 0.00001 -0.95039 1.00559 0.00411 -0.00129 0.00087 0.00174 -0.31174 -0.03827 0.00079 -0.00198 0.03833 -0.3139 
766.15 9.186 186.091 -0.31306 -0.03341 0.94802 15.68 1.0019 1.0019 0.99970 -0.95034 -0.00480 -0.00011 -0.95026 1.00512 0.00429 -0.00121 0.00098 0.00162 -0.31284 -0.03339 0.00065 -0.00174 0.03359 -0.3148 
765.46 9.199 185.492 -0.31384 -0.03018 0.94793 15.70 1.0017 1.0017 0.99970 -0.94977 -0.00475 0.00002 -0.95032 1.00475 0.00426 -0.00137 0.00113 0.00146 -0.31372 -0.03013 0.00095 -0.00210 0.03036 -0.3154 
764.42 9.206 184.609 -0.31448 -0.02535 0.94779 15.67 1.0018 1.0018 0.99970 -0.94948 -0.00495 -0.00004 -0.95045 1.00489 0.00441 -0.00129 0.00133 0.00136 -0.31439 -0.02525 0.00095 -0.00203 0.02557 -0.3160 
763.73 9.213 184.022 -0.31496 -0.02215 0.94767 15.72 1.0017 1.0017 0.99970 -0.94908 -0.00531 -0.00009 -0.95047 1.00474 0.00475 -0.00126 0.00170 0.00104 -0.31484 -0.02197 0.00131 -0.00239 0.02243 -0.3165 
762.70 9.227 183.137 -0.31571 -0.01730 0.94748 15.79 1.0018 1.0018 0.99970 -0.94880 -0.00586 -0.00001 -0.95060 1.00500 0.00538 -0.00133 0.00157 0.00133 -0.31557 -0.01700 0.00150 -0.00259 0.01769 -0.3173 
762.01 9.233 182.572 -0.31606 -0.01420 0.94740 15.87 1.0018 1.0018 0.99970 -0.94878 -0.00624 0.00004 -0.95047 1.00499 0.00599 -0.00137 0.00149 0.00139 -0.31582 -0.01377 0.00125 -0.00233 0.01469 -0.3178 
761.32 9.243 182.016 -0.31652 -0.01114 0.94727 15.96 1.0015 1.0016 0.99970 -0.94853 -0.00637 0.00017 -0.95007 1.00458 0.00630 -0.00145 0.00143 0.00140 -0.31609 -0.01072 0.00097 -0.00203 0.01161 -0.3183 
760.28 9.254 181.138 -0.31698 -0.00629 0.94706 16.14 1.0015 1.0015 0.99970 -0.94826 -0.00618 -0.00001 -0.94997 1.00464 0.00613 -0.00120 0.00139 0.00139 -0.31650 -0.00583 0.00095 -0.00190 0.00679 -0.3188 
759.59 9.263 180.559 -0.31731 -0.00310 0.94696 16.22 1.0016 1.0016 0.99970 -0.94831 -0.00663 0.00033 -0.94983 1.00476 0.00660 -0.00150 0.00126 0.00145 -0.31669 -0.00252 0.00087 -0.00173 0.00369 -0.3193 
758.56 9.278 179.718 -0.31784 0.00156 0.94682 16.41 1.0016 1.0016 0.99970 -0.94803 -0.00677 0.00004 -0.94978 1.00470 0.00659 -0.00114 0.00089 0.00203 -0.31700 0.00224 0.00096 -0.00164 -0.00089 -0.3201 
757.87 9.288 179.161 -0.31812 0.00466 0.94672 16.66 1.0015 1.0015 0.99970 -0.94789 -0.00682 -0.00006 -0.94956 1.00454 0.00659 -0.00102 0.00081 0.00220 -0.31711 0.00536 0.00084 -0.00141 -0.00398 -0.3205 
756.83 9.302 178.283 -0.31844 0.00955 0.94645 16.95 1.0015 1.0015 0.99970 -0.94757 -0.00706 -0.00013 -0.94944 1.00464 0.00681 -0.00088 0.00131 0.00168 -0.31750 0.01049 0.00097 -0.00142 -0.00864 -0.3208 
756.14 9.316 177.693 -0.31880 0.01284 0.94628 17.21 1.0016 1.0016 0.99970 -0.94754 -0.00713 -0.00009 -0.94938 1.00492 0.00684 -0.00095 0.00166 0.00132 -0.31783 0.01379 0.00101 -0.00145 -0.01195 -0.3212 
755.11 9.337 176.791 -0.31923 0.01790 0.94601 17.48 1.0017 1.0017 0.99970 -0.94732 -0.00731 0.00001 -0.94917 1.00502 0.00711 -0.00103 0.00169 0.00121 -0.31836 0.01881 0.00121 -0.00150 -0.01707 -0.3216 
754.42 9.350 176.198 -0.31943 0.02123 0.94584 17.59 1.0017 1.0018 0.99970 -0.94745 -0.00738 0.00014 -0.94889 1.00522 0.00717 -0.00124 0.00178 0.00097 -0.31855 0.02213 0.00140 -0.00171 -0.02042 -0.3219 
753.38 9.372 175.330 -0.31981 0.02612 0.94560 18.00 1.0016 1.0016 0.99970 -0.94718 -0.00751 0.00045 -0.94843 1.00496 0.00741 -0.00172 0.00171 0.00080 -0.31881 0.02707 0.00140 -0.00166 -0.02529 -0.3223 
752.69 9.384 174.740 -0.31992 0.02946 0.94545 18.20 1.0014 1.0014 0.99970 -0.94693 -0.00750 0.00042 -0.94800 1.00457 0.00744 -0.00167 0.00165 0.00086 -0.31884 0.03042 0.00120 -0.00136 -0.02862 -0.3224 
752.00 9.400 174.119 -0.32010 0.03297 0.94530 18.45 1.0012 1.0012 0.99970 -0.94656 -0.00755 0.00056 -0.94769 1.00416 0.00742 -0.00185 0.00171 0.00066 -0.31906 0.03399 0.00141 -0.00158 -0.03208 -0.3224 
750.97 9.423 173.210 -0.32032 0.03814 0.94507 18.93 1.0013 1.0013 0.99970 -0.94629 -0.00775 0.00067 -0.94756 1.00423 0.00764 -0.00206 0.00193 0.00016 -0.31937 0.03913 0.00153 -0.00190 -0.03730 -0.3225 
750.28 9.439 172.618 -0.32043 0.04151 0.94491 19.13 1.0012 1.0012 0.99970 -0.94613 -0.00784 0.00048 -0.94730 1.00411 0.00772 -0.00192 0.00189 0.00021 -0.31958 0.04251 0.00156 -0.00186 -0.04068 -0.3225 
749.25 9.462 171.733 -0.32050 0.04657 0.94469 19.65 1.0011 1.0011 0.99970 -0.94607 -0.00757 0.00022 -0.94663 1.00381 0.00742 -0.00170 0.00196 0.00008 -0.31969 0.04749 0.00164 -0.00200 -0.04581 -0.3224 
748.56 9.476 171.135 -0.32047 0.04998 0.94452 19.99 1.0009 1.0009 0.99970 -0.94595 -0.00763 0.00006 -0.94612 1.00350 0.00747 -0.00156 0.00210 -0.00012 -0.31962 0.05087 0.00170 -0.00204 -0.04925 -0.3223 
747.52 9.501 170.254 -0.32046 0.05504 0.94424 20.27 1.0008 1.0008 0.99970 -0.94568 -0.00753 -0.00024 -0.94560 1.00327 0.00738 -0.00130 0.00213 -0.00015 -0.31971 0.05588 0.00142 -0.00174 -0.05437 -0.3222 
746.83 9.516 169.659 -0.32036 0.05846 0.94405 20.51 1.0007 1.0007 0.99970 -0.94550 -0.00753 -0.00025 -0.94521 1.00307 0.00733 -0.00133 0.00222 -0.00020 -0.31961 0.05926 0.00130 -0.00168 -0.05782 -0.3220 
745.80 9.546 168.779 -0.32041 0.06357 0.94379 21.05 1.0007 1.0007 0.99970 -0.94529 -0.00752 -0.00049 -0.94480 1.00295 0.00720 -0.00113 0.00195 0.00004 -0.31961 0.06433 0.00088 -0.00121 -0.06297 -0.3221 
745.11 9.567 168.192 -0.32043 0.06699 0.94355 21.46 1.0006 1.0006 0.99970 -0.94500 -0.00757 -0.00062 -0.94447 1.00282 0.00722 -0.00095 0.00178 0.00013 -0.31963 0.06769 0.00065 -0.00096 -0.06645 -0.3220 
744.08 9.598 167.289 -0.32035 0.07226 0.94323 22.06 1.0007 1.0007 0.99970 -0.94478 -0.00754 -0.00125 -0.94412 1.00288 0.00707 -0.00034 0.00179 0.00010 -0.31972 0.07290 0.00070 -0.00097 -0.07181 -0.3218 
743.39 9.617 166.691 -0.32019 0.07574 0.94304 22.23 1.0007 1.0007 0.99970 -0.94469 -0.00745 -0.00153 -0.94386 1.00292 0.00696 -0.00008 0.00179 0.00005 -0.31967 0.07634 0.00059 -0.00095 -0.07534 -0.3216 
742.70 9.635 166.112 -0.31999 0.07912 0.94288 22.66 1.0006 1.0006 0.99970 -0.94427 -0.00733 -0.00160 -0.94373 1.00268 0.00673 -0.00003 0.00182 0.00005 -0.31944 0.07966 0.00054 -0.00094 -0.07876 -0.3213 
741.66 9.663 165.226 -0.31964 0.08430 0.94261 23.25 1.0008 1.0009 0.99970 -0.94406 -0.00671 -0.00179 -0.94379 1.00308 0.00592 0.00018 0.00188 0.00017 -0.31916 0.08480 0.00063 -0.00103 -0.08402 -0.3210 
740.98 9.680 164.627 -0.31926 0.08778 0.94237 23.72 1.0009 1.0009 0.99970 -0.94373 -0.00659 -0.00200 -0.94371 1.00318 0.00580 0.00041 0.00174 0.00032 -0.31879 0.08834 0.00045 -0.00086 -0.08747 -0.3207 
739.94 9.713 163.757 -0.31897 0.09293 0.94207 24.33 1.0007 1.0007 0.99970 -0.94328 -0.00670 -0.00207 -0.94315 1.00275 0.00606 0.00028 0.00175 0.00022 -0.31838 0.09345 0.00024 -0.00078 -0.09263 -0.3203 
739.25 9.735 163.180 -0.31872 0.09635 0.94181 24.71 1.0008 1.0008 0.99970 -0.94297 -0.00682 -0.00227 -0.94308 1.00289 0.00616 0.00045 0.00168 0.00028 -0.31814 0.09681 0.00017 -0.00081 -0.09613 -0.3201 
738.22 9.771 162.296 -0.31830 0.10161 0.94137 25.39 1.0007 1.0007 0.99970 -0.94238 -0.00682 -0.00246 -0.94271 1.00280 0.00612 0.00054 0.00154 0.00047 -0.31781 0.10206 0.00024 -0.00089 -0.10141 -0.3196 
737.53 9.792 161.710 -0.31791 0.10508 0.94114 25.83 1.0008 1.0008 0.99970 -0.94209 -0.00685 -0.00228 -0.94263 1.00289 0.00611 0.00035 0.00156 0.00048 -0.31736 0.10550 0.00054 -0.00121 -0.10493 -0.3193 
736.50 9.826 160.856 -0.31736 0.11017 0.94070 26.47 1.0009 1.0009 0.99970 -0.94186 -0.00695 -0.00215 -0.94230 1.00324 0.00624 0.00019 0.00160 0.00047 -0.31673 0.11068 0.00030 -0.00094 -0.10999 -0.3189 
735.81 9.851 160.288 -0.31703 0.11358 0.94043 26.89 1.0010 1.0010 0.99970 -0.94162 -0.00706 -0.00215 -0.94208 1.00333 0.00633 0.00026 0.00166 0.00050 -0.31636 0.11415 0.00045 -0.00103 -0.11336 -0.3187 
735.12 9.874 159.723 -0.31661 0.11697 0.94017 27.34 1.0012 1.0012 0.99970 -0.94160 -0.00684 -0.00212 -0.94202 1.00379 0.00610 0.00036 0.00163 0.00062 -0.31599 0.11754 0.00059 -0.00107 -0.11682 -0.3183 
734.09 9.915 158.853 -0.31608 0.12226 0.93977 28.17 1.0010 1.0010 0.99970 -0.94088 -0.00668 -0.00206 -0.94139 1.00320 0.00596 0.00045 0.00170 0.00054 -0.31540 0.12275 0.00025 -0.00073 -0.12213 -0.3177 
733.40 9.948 158.272 -0.31585 0.12587 0.93946 28.80 1.0008 1.0008 0.99970 -0.94033 -0.00645 -0.00179 -0.94098 1.00285 0.00562 0.00026 0.00164 0.00060 -0.31513 0.12634 0.00049 -0.00101 -0.12572 -0.3174 
732.37 9.995 157.394 -0.31532 0.13129 0.93895 29.34 1.0010 1.0011 0.99970 -0.94017 -0.00617 -0.00146 -0.94050 1.00325 0.00518 0.00010 0.00151 0.00087 -0.31468 0.13191 0.00051 -0.00085 -0.13107 -0.3169 
731.68 10.026 156.812 -0.31491 0.13490 0.93858 29.63 1.0010 1.0010 0.99970 -0.93967 -0.00632 -0.00121 -0.94014 1.00314 0.00534 -0.00012 0.00134 0.00106 -0.31432 0.13551 0.00054 -0.00083 -0.13467 -0.3164 
730.64 10.076 155.935 -0.31430 0.14036 0.93800 30.17 1.0006 1.0006 0.99970 -0.93836 -0.00575 -0.00129 -0.93959 1.00238 0.00481 0.00001 0.00153 0.00100 -0.31376 0.14091 0.00070 -0.00096 -0.14010 -0.3155 
729.96 10.110 155.361 -0.31388 0.14396 0.93756 30.65 1.0006 1.0006 0.99970 -0.93779 -0.00555 -0.00122 -0.93924 1.00234 0.00461 0.00003 0.00151 0.00111 -0.31339 0.14449 0.00069 -0.00079 -0.14373 -0.3150 
728.92 10.162 154.504 -0.31322 0.14937 0.93691 31.35 1.0006 1.0006 0.99970 -0.93705 -0.00535 -0.00103 -0.93871 1.00238 0.00440 -0.00005 0.00167 0.00106 -0.31282 0.14998 0.00093 -0.00090 -0.14908 -0.3143 
728.23 10.199 153.950 -0.31287 0.15294 0.93648 31.67 1.0005 1.0005 0.99970 -0.93636 -0.00511 -0.00083 -0.93836 1.00218 0.00419 -0.00014 0.00142 0.00120 -0.31243 0.15340 0.00088 -0.00080 -0.15276 -0.3139 
727.20 10.254 153.105 -0.31218 0.15834 0.93579 32.34 1.0005 1.0005 0.99970 -0.93544 -0.00496 -0.00069 -0.93784 1.00210 0.00406 -0.00017 0.00095 0.00157 -0.31178 0.15867 0.00106 -0.00090 -0.15831 -0.3131 
726.51 10.289 152.559 -0.31167 0.16184 0.93538 32.68 1.0005 1.0005 0.99970 -0.93493 -0.00491 -0.00060 -0.93761 1.00220 0.00399 -0.00024 0.00089 0.00168 -0.31128 0.16211 0.00117 -0.00092 -0.16188 -0.3127 
725.82 10.326 152.007 -0.31114 0.16539 0.93493 32.92 1.0005 1.0005 0.99970 -0.93437 -0.00482 -0.00068 -0.93724 1.00216 0.00395 -0.00009 0.00062 0.00202 -0.31082 0.16562 0.00133 -0.00093 -0.16547 -0.3120 
724.79 10.381 151.171 -0.31028 0.17079 0.93427 33.44 1.0005 1.0005 0.99970 -0.93375 -0.00492 -0.00077 -0.93651 1.00214 0.00401 0.00011 0.00088 0.00167 -0.31010 0.17099 0.00149 -0.00101 -0.17090 -0.3110 
724.10 10.420 150.615 -0.30975 0.17443 0.93383 33.79 1.0006 1.0006 0.99970 -0.93334 -0.00495 -0.00086 -0.93626 1.00237 0.00396 0.00020 0.00100 0.00160 -0.30968 0.17463 0.00177 -0.00131 -0.17458 -0.3105 
723.07 10.473 149.772 -0.30862 0.17982 0.93312 34.33 1.0009 1.0009 0.99970 -0.93280 -0.00490 -0.00098 -0.93591 1.00295 0.00389 0.00031 0.00108 0.00160 -0.30874 0.18008 0.00186 -0.00142 -0.18004 -0.3093 
722.38 10.510 149.207 -0.30784 0.18346 0.93263 34.82 1.0009 1.0009 0.99970 -0.93239 -0.00495 -0.00094 -0.93531 1.00291 0.00384 0.00038 0.00125 0.00145 -0.30805 0.18377 0.00201 -0.00153 -0.18362 -0.3084 
721.35 10.569 148.399 -0.30690 0.18881 0.93193 34.99 1.0009 1.0009 0.99970 -0.93171 -0.00498 -0.00075 -0.93462 1.00296 0.00380 0.00028 0.00155 0.00098 -0.30713 0.18909 0.00235 -0.00205 -0.18904 -0.3075 
720.66 10.611 147.851 -0.30623 0.19246 0.93146 35.09 1.0009 1.0009 0.99970 -0.93102 -0.00503 -0.00073 -0.93427 1.00284 0.00381 0.00025 0.00160 0.00089 -0.30656 0.19269 0.00242 -0.00214 -0.19272 -0.3067 
719.63 10.668 147.041 -0.30501 0.19777 0.93070 35.53 1.0010 1.0010 0.99970 -0.93028 -0.00513 -0.00088 -0.93368 1.00305 0.00390 0.00038 0.00174 0.00074 -0.30538 0.19797 0.00217 -0.00190 -0.19811 -0.3055 
718.94 10.706 146.522 -0.30424 0.20121 0.93018 35.86 1.0010 1.0010 0.99970 -0.92980 -0.00511 -0.00087 -0.93322 1.00317 0.00394 0.00030 0.00190 0.00065 -0.30463 0.20148 0.00208 -0.00177 -0.20151 -0.3047 
717.91 10.759 145.740 -0.30284 0.20628 0.92938 36.48 1.0010 1.0010 0.99970 -0.92926 -0.00506 -0.00098 -0.93223 1.00322 0.00390 0.00045 0.00200 0.00043 -0.30320 0.20657 0.00167 -0.00132 -0.20659 -0.3034 
717.22 10.801 145.198 -0.30200 0.20991 0.92885 36.69 1.0009 1.0009 0.99970 -0.92857 -0.00511 -0.00088 -0.93167 1.00305 0.00393 0.00039 0.00211 0.00023 -0.30244 0.21025 0.00149 -0.00122 -0.21015 -0.3024 
716.54 10.837 144.682 -0.30105 0.21329 0.92836 36.84 1.0010 1.0010 0.99970 -0.92817 -0.00512 -0.00107 -0.93128 1.00325 0.00391 0.00062 0.00230 0.00008 -0.30144 0.21362 0.00154 -0.00118 -0.21359 -0.3015 
715.50 10.896 143.898 -0.29964 0.21851 0.92757 36.80 1.0009 1.0009 0.99970 -0.92734 -0.00506 -0.00103 -0.93051 1.00322 0.00381 0.00062 0.00249 -0.00020 -0.30003 0.21873 0.00129 -0.00105 -0.21893 -0.3001 
714.82 10.933 143.395 -0.29867 0.22185 0.92705 36.82 1.0009 1.0009 0.99970 -0.92682 -0.00510 -0.00100 -0.92997 1.00320 0.00383 0.00060 0.00265 -0.00053 -0.29897 0.22203 0.00100 -0.00080 -0.22231 -0.2992 
713.78 10.995 142.618 -0.29721 0.22708 0.92623 36.69 1.0011 1.0011 0.99970 -0.92616 -0.00503 -0.00091 -0.92932 1.00358 0.00386 0.00038 0.00281 -0.00087 -0.29749 0.22733 0.00097 -0.00082 -0.22757 -0.2979 
713.10 11.035 142.099 -0.29615 0.23055 0.92568 36.65 1.0008 1.0009 0.99970 -0.92541 -0.00496 -0.00083 -0.92856 1.00313 0.00381 0.00027 0.00274 -0.00095 -0.29636 0.23084 0.00087 -0.00075 -0.23092 -0.2968 
712.07 11.097 141.327 -0.29457 0.23577 0.92486 36.57 1.0008 1.0008 0.99970 -0.92461 -0.00487 -0.00071 -0.92769 1.00308 0.00370 0.00014 0.00274 -0.00103 -0.29467 0.23616 0.00080 -0.00069 -0.23604 -0.2953 
711.38 11.139 140.805 -0.29346 0.23930 0.92430 36.25 1.0011 1.0011 0.99970 -0.92429 -0.00490 -0.00072 -0.92736 1.00360 0.00364 0.00024 0.00258 -0.00090 -0.29366 0.23980 0.00068 -0.00055 -0.23958 -0.2942 
710.35 11.201 140.021 -0.29172 0.24460 0.92350 35.69 1.0012 1.0012 0.99970 -0.92361 -0.00495 -0.00077 -0.92663 1.00379 0.00367 0.00026 0.00252 -0.00087 -0.29191 0.24518 0.00056 -0.00040 -0.24488 -0.2925 
709.66 11.242 139.513 -0.29054 0.24803 0.92295 35.53 1.0014 1.0014 0.99970 -0.92314 -0.00485 -0.00094 -0.92628 1.00412 0.00354 0.00048 0.00268 -0.00103 -0.29074 0.24867 0.00063 -0.00051 -0.24835 -0.2915 
708.97 11.283 138.994 -0.28926 0.25151 0.92238 35.30 1.0014 1.0014 0.99970 -0.92255 -0.00501 -0.00098 -0.92588 1.00429 0.00364 0.00062 0.00276 -0.00107 -0.28946 0.25215 0.00055 -0.00038 -0.25186 -0.2902 
707.94 11.343 138.248 -0.28738 0.25651 0.92152 35.07 1.0015 1.0015 0.99970 -0.92186 -0.00512 -0.00092 -0.92508 1.00452 0.00366 0.00070 0.00296 -0.00119 -0.28733 0.25723 0.00043 -0.00014 -0.25688 -0.2887 
707.25 11.386 137.741 -0.28611 0.25997 0.92091 34.90 1.0014 1.0014 0.99970 -0.92119 -0.00524 -0.00096 -0.92431 1.00430 0.00382 0.00082 0.00299 -0.00117 -0.28597 0.26067 0.00034 -0.00010 -0.26031 -0.2874 
706.22 11.459 136.967 -0.28430 0.26542 0.91997 34.42 1.0012 1.0012 0.99970 -0.92003 -0.00545 -0.00105 -0.92326 1.00395 0.00402 0.00091 0.00300 -0.00112 -0.28412 0.26609 0.00040 -0.00014 -0.26571 -0.2855 
705.53 11.503 136.465 -0.28299 0.26888 0.91936 34.04 1.0014 1.0014 0.99970 -0.91952 -0.00548 -0.00121 -0.92292 1.00435 0.00399 0.00101 0.00280 -0.00088 -0.28272 0.26965 0.00061 -0.00035 -0.26920 -0.2844 
704.50 11.570 135.724 -0.28100 0.27399 0.91838 33.90 1.0017 1.0017 0.99970 -0.91876 -0.00561 -0.00158 -0.92220 1.00489 0.00414 0.00137 0.00270 -0.00083 -0.28074 0.27474 0.00074 -0.00044 -0.27450 -0.2826 
703.82 11.617 135.233 -0.27971 0.27744 0.91772 33.52 1.0016 1.0016 0.99970 -0.91787 -0.00564 -0.00169 -0.92171 1.00481 0.00416 0.00146 0.00272 -0.00090 -0.27935 0.27811 0.00087 -0.00060 -0.27803 -0.2813 
702.78 11.688 134.486 -0.27766 0.28269 0.91675 33.23 1.0016 1.0016 0.99970 -0.91678 -0.00558 -0.00194 -0.92090 1.00486 0.00407 0.00174 0.00275 -0.00086 -0.27715 0.28335 0.00094 -0.00058 -0.28331 -0.2794 
702.10 11.736 133.986 -0.27624 0.28619 0.91606 32.97 1.0018 1.0018 0.99970 -0.91638 -0.00578 -0.00171 -0.92029 1.00527 0.00428 0.00151 0.00261 -0.00077 -0.27572 0.28700 0.00093 -0.00058 -0.28681 -0.2781 
701.07 11.813 133.241 -0.27421 0.29158 0.91502 32.68 1.0017 1.0017 0.99970 -0.91539 -0.00567 -0.00170 -0.91895 1.00500 0.00413 0.00143 0.00239 -0.00057 -0.27363 0.29236 0.00083 -0.00054 -0.29217 -0.2761 
700.38 11.865 132.755 -0.27284 0.29511 0.91430 32.28 1.0015 1.0015 0.99970 -0.91449 -0.00574 -0.00173 -0.91804 1.00459 0.00427 0.00139 0.00220 -0.00037 -0.27221 0.29580 0.00073 -0.00046 -0.29569 -0.2746 
699.69 11.916 132.265 -0.27142 0.29865 0.91361 31.96 1.0015 1.0015 0.99970 -0.91378 -0.00589 -0.00177 -0.91725 1.00448 0.00448 0.00133 0.00221 -0.00023 -0.27075 0.29934 0.00076 -0.00040 -0.29920 -0.2732 
698.66 11.989 131.534 -0.26913 0.30383 0.91257 31.61 1.0016 1.0016 0.99970 -0.91296 -0.00628 -0.00200 -0.91623 1.00473 0.00484 0.00160 0.00226 -0.00016 -0.26849 0.30457 0.00075 -0.00020 -0.30444 -0.2710 
697.97 12.041 131.047 -0.26762 0.30735 0.91182 31.49 1.0016 1.0016 0.99970 -0.91241 -0.00644 -0.00203 -0.91527 1.00472 0.00502 0.00163 0.00234 -0.00035 -0.26695 0.30809 0.00079 -0.00026 -0.30797 -0.2695 
696.94 12.123 130.318 -0.26538 0.31273 0.91067 31.12 1.0015 1.0016 0.99970 -0.91144 -0.00680 -0.00184 -0.91383 1.00461 0.00543 0.00128 0.00264 -0.00088 -0.26470 0.31341 0.00089 -0.00048 -0.31339 -0.2672 
696.26 12.175 129.820 -0.26369 0.31627 0.90991 30.73 1.0016 1.0016 0.99970 -0.91079 -0.00692 -0.00169 -0.91307 1.00475 0.00554 0.00100 0.00278 -0.00082 -0.26307 0.31704 0.00091 -0.00047 -0.31691 -0.2655 
695.23 12.253 129.088 -0.26119 0.32152 0.90874 30.35 1.0016 1.0016 0.99970 -0.90973 -0.00715 -0.00154 -0.91176 1.00472 0.00572 0.00081 0.00297 -0.00104 -0.26068 0.32237 0.00094 -0.00047 -0.32209 -0.2628 
694.54 12.305 128.613 -0.25954 0.32497 0.90800 30.20 1.0016 1.0016 0.99970 -0.90897 -0.00713 -0.00153 -0.91115 1.00484 0.00566 0.00086 0.00309 -0.00115 -0.25905 0.32581 0.00103 -0.00052 -0.32561 -0.2612 
693.51 12.390 127.904 -0.25719 0.33032 0.90685 29.89 1.0014 1.0014 0.99970 -0.90743 -0.00739 -0.00160 -0.90987 1.00427 0.00596 0.00072 0.00298 -0.00108 -0.25668 0.33109 0.00096 -0.00042 -0.33087 -0.2587 
692.82 12.448 127.442 -0.25563 0.33385 0.90603 29.77 1.0014 1.0014 0.99970 -0.90664 -0.00764 -0.00154 -0.90899 1.00423 0.00626 0.00058 0.00292 -0.00099 -0.25516 0.33469 0.00076 -0.00014 -0.33433 -0.2571 
691.79 12.529 126.735 -0.25302 0.33901 0.90477 29.69 1.0011 1.0012 0.99970 -0.90529 -0.00771 -0.00173 -0.90743 1.00380 0.00635 0.00075 0.00313 -0.00113 -0.25252 0.33982 0.00050 0.00022 -0.33939 -0.2544 
691.11 12.586 126.276 -0.25133 0.34245 0.90389 29.56 1.0011 1.0011 0.99970 -0.90460 -0.00783 -0.00166 -0.90631 1.00376 0.00657 0.00066 0.00316 -0.00129 -0.25084 0.34332 0.00036 0.00031 -0.34277 -0.2527 
690.42 12.645 125.813 -0.24967 0.34600 0.90302 29.35 1.0010 1.0010 0.99970 -0.90374 -0.00789 -0.00148 -0.90520 1.00351 0.00662 0.00053 0.00306 -0.00132 -0.24911 0.34684 0.00015 0.00051 -0.34626 -0.2510 
689.39 12.733 125.130 -0.24712 0.35123 0.90173 28.98 1.0011 1.0011 0.99970 -0.90259 -0.00789 -0.00144 -0.90397 1.00375 0.00661 0.00052 0.00296 -0.00117 -0.24660 0.35209 0.00005 0.00074 -0.35158 -0.2485 
688.70 12.791 124.667 -0.24529 0.35468 0.90080 28.80 1.0012 1.0012 0.99970 -0.90190 -0.00791 -0.00143 -0.90298 1.00393 0.00655 0.00057 0.00304 -0.00126 -0.24485 0.35552 0.00005 0.00079 -0.35514 -0.2466 
687.67 12.880 123.972 -0.24253 0.35995 0.89946 28.85 1.0013 1.0013 0.99970 -0.90086 -0.00773 -0.00127 -0.90160 1.00424 0.00634 0.00045 0.00308 -0.00160 -0.24211 0.36082 -0.00013 0.00092 -0.36049 -0.2439 
686.99 12.942 123.512 -0.24073 0.36355 0.89856 28.76 1.0014 1.0014 0.99970 -0.89998 -0.00753 -0.00134 -0.90082 1.00440 0.00610 0.00057 0.00315 -0.00172 -0.24030 0.36443 -0.00008 0.00090 -0.36415 -0.2422 
685.96 13.034 122.833 -0.23800 0.36883 0.89727 28.66 1.0015 1.0015 0.99970 -0.89859 -0.00729 -0.00116 -0.89962 1.00439 0.00578 0.00050 0.00294 -0.00147 -0.23758 0.36970 -0.00014 0.00108 -0.36946 -0.2394 
685.27 13.093 122.369 -0.23599 0.37231 0.89635 28.73 1.0014 1.0014 0.99970 -0.89747 -0.00725 -0.00100 -0.89882 1.00430 0.00566 0.00040 0.00267 -0.00122 -0.23561 0.37312 -0.00014 0.00113 -0.37298 -0.2373 
684.24 13.185 121.707 -0.23319 0.37746 0.89499 28.80 1.0018 1.0018 0.99970 -0.89634 -0.00726 -0.00065 -0.89776 1.00490 0.00573 0.00015 0.00262 -0.00120 -0.23272 0.37836 -0.00027 0.00138 -0.37830 -0.2347 
683.55 13.243 121.268 -0.23122 0.38077 0.89408 28.67 1.0018 1.0018 0.99970 -0.89534 -0.00727 -0.00078 -0.89694 1.00491 0.00576 0.00028 0.00243 -0.00113 -0.23065 0.38164 -0.00035 0.00150 -0.38167 -0.2329 
682.87 13.301 120.829 -0.22922 0.38409 0.89316 28.86 1.0017 1.0018 0.99970 -0.89437 -0.00728 -0.00083 -0.89603 1.00488 0.00584 0.00027 0.00250 -0.00129 -0.22855 0.38494 -0.00040 0.00159 -0.38500 -0.2310 
681.84 13.392 120.178 -0.22628 0.38913 0.89173 29.13 1.0018 1.0018 0.99970 -0.89292 -0.00719 -0.00073 -0.89468 1.00494 0.00575 0.00020 0.00247 -0.00127 -0.22547 0.39000 -0.00015 0.00139 -0.39006 -0.2281 
681.15 13.450 119.730 -0.22412 0.39245 0.89079 29.19 1.0018 1.0018 0.99970 -0.89198 -0.00730 -0.00067 -0.89385 1.00506 0.00581 0.00020 0.00244 -0.00126 -0.22325 0.39336 -0.00020 0.00151 -0.39340 -0.2261 
680.12 13.539 119.090 -0.22106 0.39733 0.88936 29.25 1.0020 1.0020 0.99970 -0.89081 -0.00720 -0.00060 -0.89244 1.00537 0.00576 0.00017 0.00244 -0.00130 -0.21999 0.39842 -0.00009 0.00143 -0.39826 -0.2232 
679.44 13.600 118.647 -0.21888 0.40067 0.88838 29.33 1.0021 1.0021 0.99970 -0.88988 -0.00715 -0.00074 -0.89159 1.00560 0.00577 0.00040 0.00237 -0.00125 -0.21785 0.40172 -0.00001 0.00139 -0.40174 -0.2211 
678.41 13.691 118.003 -0.21567 0.40556 0.88688 29.86 1.0024 1.0024 0.99970 -0.88851 -0.00703 -0.00087 -0.89052 1.00624 0.00554 0.00065 0.00229 -0.00131 -0.21453 0.40670 0.00020 0.00115 -0.40684 -0.2181 
677.72 13.751 117.574 -0.21348 0.40880 0.88587 30.26 1.0026 1.0026 0.99970 -0.88769 -0.00685 -0.00098 -0.88976 1.00676 0.00528 0.00094 0.00219 -0.00139 -0.21229 0.40992 0.00016 0.00106 -0.41032 -0.2160 
676.69 13.842 116.933 -0.21016 0.41366 0.88433 30.38 1.0027 1.0027 0.99970 -0.88627 -0.00671 -0.00086 -0.88829 1.00697 0.00512 0.00104 0.00245 -0.00198 -0.20892 0.41476 0.00028 0.00081 -0.41532 -0.2128 
676.01 13.907 116.500 -0.20791 0.41701 0.88330 30.66 1.0029 1.0029 0.99970 -0.88536 -0.00652 -0.00073 -0.88760 1.00750 0.00487 0.00108 0.00245 -0.00203 -0.20669 0.41822 0.00026 0.00078 -0.41881 -0.2106 
674.98 14.005 115.844 -0.20445 0.42210 0.88170 31.23 1.0030 1.0030 0.99970 -0.88401 -0.00645 -0.00054 -0.88578 1.00754 0.00487 0.00102 0.00242 -0.00210 -0.20326 0.42338 0.00029 0.00069 -0.42387 -0.2071 
674.29 14.068 115.409 -0.20207 0.42538 0.88066 31.45 1.0029 1.0029 0.99970 -0.88307 -0.00653 -0.00043 -0.88454 1.00743 0.00497 0.00097 0.00232 -0.00199 -0.20090 0.42668 0.00026 0.00073 -0.42712 -0.2047 
673.61 14.133 114.981 -0.19973 0.42870 0.87960 31.77 1.0027 1.0027 0.99970 -0.88184 -0.00637 -0.00050 -0.88329 1.00705 0.00477 0.00109 0.00236 -0.00204 -0.19854 0.42987 0.00029 0.00073 -0.43043 -0.2023 
672.58 14.229 114.345 -0.19616 0.43355 0.87798 32.30 1.0026 1.0027 0.99970 -0.88005 -0.00644 -0.00048 -0.88173 1.00693 0.00485 0.00119 0.00263 -0.00228 -0.19484 0.43468 0.00042 0.00064 -0.43529 -0.1988 
671.89 14.293 113.915 -0.19370 0.43681 0.87691 32.77 1.0028 1.0028 0.99970 -0.87901 -0.00645 -0.00059 -0.88094 1.00730 0.00486 0.00141 0.00283 -0.00259 -0.19238 0.43795 0.00069 0.00041 -0.43872 -0.1964 
670.86 14.388 113.278 -0.18996 0.44155 0.87524 33.39 1.0029 1.0029 0.99970 -0.87740 -0.00657 -0.00059 -0.87940 1.00751 0.00492 0.00147 0.00300 -0.00294 -0.18868 0.44269 0.00112 -0.00010 -0.44359 -0.1926 
670.18 14.453 112.856 -0.18747 0.44476 0.87412 33.64 1.0029 1.0029 0.99970 -0.87620 -0.00659 -0.00056 -0.87831 1.00748 0.00493 0.00149 0.00306 -0.00305 -0.18618 0.44588 0.00124 -0.00026 -0.44683 -0.1901 
669.15 14.550 112.210 -0.18355 0.44955 0.87239 34.44 1.0026 1.0026 0.99970 -0.87427 -0.00658 -0.00063 -0.87645 1.00712 0.00487 0.00162 0.00307 -0.00305 -0.18226 0.45057 0.00132 -0.00041 -0.45160 -0.1861 
668.46 14.617 111.789 -0.18100 0.45277 0.87123 35.02 1.0028 1.0028 0.99970 -0.87304 -0.00658 -0.00067 -0.87565 1.00744 0.00481 0.00172 0.00304 -0.00288 -0.17980 0.45391 0.00131 -0.00036 -0.45487 -0.1835 
667.43 14.721 111.169 -0.17723 0.45766 0.86949 35.73 1.0028 1.0028 0.99970 -0.87108 -0.00653 -0.00075 -0.87411 1.00744 0.00483 0.00189 0.00293 -0.00286 -0.17611 0.45881 0.00112 -0.00026 -0.45978 -0.1796 
666.75 14.789 110.757 -0.17465 0.46083 0.86832 36.27 1.0028 1.0028 0.99970 -0.86988 -0.00649 -0.00087 -0.87301 1.00751 0.00479 0.00211 0.00288 -0.00282 -0.17345 0.46199 0.00107 -0.00021 -0.46300 -0.1771 
665.72 14.893 110.153 -0.17088 0.46561 0.86648 36.98 1.0026 1.0026 0.99970 -0.86803 -0.00666 -0.00096 -0.87081 1.00708 0.00501 0.00218 0.00293 -0.00302 -0.16957 0.46674 0.00102 -0.00019 -0.46764 -0.1733 
665.03 14.962 109.746 -0.16826 0.46875 0.86525 37.38 1.0025 1.0026 0.99970 -0.86678 -0.00676 -0.00097 -0.86954 1.00704 0.00517 0.00223 0.00306 -0.00317 -0.16703 0.46982 0.00119 -0.00028 -0.47083 -0.1706 
664.35 15.034 109.326 -0.16553 0.47199 0.86397 37.72 1.0024 1.0024 0.99970 -0.86539 -0.00672 -0.00111 -0.86810 1.00673 0.00519 0.00238 0.00305 -0.00320 -0.16436 0.47298 0.00121 -0.00031 -0.47403 -0.1678 
663.32 15.138 108.716 -0.16150 0.47670 0.86212 38.57 1.0024 1.0024 0.99970 -0.86365 -0.00685 -0.00103 -0.86620 1.00682 0.00540 0.00233 0.00314 -0.00345 -0.16038 0.47768 0.00116 -0.00024 -0.47882 -0.1637 
662.64 15.206 108.313 -0.15878 0.47972 0.86089 39.19 1.0023 1.0023 0.99970 -0.86224 -0.00684 -0.00091 -0.86495 1.00658 0.00538 0.00223 0.00322 -0.00342 -0.15760 0.48065 0.00112 -0.00003 -0.48180 -0.1610 
661.61 15.314 107.708 -0.15468 0.48445 0.85895 39.95 1.0025 1.0025 0.99970 -0.86055 -0.00696 -0.00108 -0.86314 1.00703 0.00545 0.00250 0.00326 -0.00344 -0.15355 0.48549 0.00112 0.00011 -0.48668 -0.1569 
660.92 15.387 107.311 -0.15199 0.48764 0.85771 40.44 1.0024 1.0025 0.99970 -0.85932 -0.00698 -0.00100 -0.86176 1.00690 0.00545 0.00243 0.00329 -0.00361 -0.15083 0.48874 0.00109 0.00009 -0.48976 -0.1541 
659.89 15.496 106.723 -0.14792 0.49231 0.85581 41.44 1.0025 1.0025 0.99970 -0.85740 -0.00707 -0.00094 -0.85993 1.00697 0.00567 0.00242 0.00327 -0.00378 -0.14661 0.49341 0.00097 0.00019 -0.49449 -0.1502 
659.21 15.569 106.328 -0.14514 0.49544 0.85456 41.83 1.0025 1.0025 0.99970 -0.85595 -0.00712 -0.00091 -0.85873 1.00681 0.00579 0.00227 0.00317 -0.00357 -0.14382 0.49654 0.00088 0.00039 -0.49756 -0.1474 
658.18 15.665 105.736 -0.14076 0.49957 0.85265 42.11 1.0023 1.0023 0.99970 -0.85414 -0.00738 -0.00059 -0.85667 1.00675 0.00627 0.00187 0.00312 -0.00347 -0.13926 0.50074 0.00086 0.00061 -0.50162 -0.1432 
657.50 15.735 105.344 -0.13789 0.50252 0.85134 42.31 1.0024 1.0025 0.99970 -0.85298 -0.00755 -0.00066 -0.85542 1.00701 0.00657 0.00186 0.00303 -0.00349 -0.13625 0.50377 0.00089 0.00058 -0.50464 -0.1405 
656.47 15.841 104.764 -0.13359 0.50690 0.84935 42.91 1.0024 1.0024 0.99970 -0.85099 -0.00755 -0.00075 -0.85339 1.00698 0.00678 0.00189 0.00311 -0.00366 -0.13178 0.50815 0.00103 0.00046 -0.50903 -0.1363 
655.78 15.915 104.363 -0.13058 0.50996 0.84804 43.22 1.0022 1.0022 0.99970 -0.84958 -0.00749 -0.00085 -0.85179 1.00654 0.00668 0.00198 0.00314 -0.00368 -0.12875 0.51108 0.00103 0.00050 -0.51203 -0.1332 
655.10 15.989 103.966 -0.12759 0.51303 0.84673 43.40 1.0021 1.0021 0.99970 -0.84812 -0.00756 -0.00075 -0.85046 1.00634 0.00680 0.00186 0.00324 -0.00368 -0.12572 0.51410 0.00113 0.00050 -0.51507 -0.1302 
654.07 16.097 103.369 -0.12297 0.51743 0.84473 43.63 1.0022 1.0022 0.99970 -0.84605 -0.00769 -0.00066 -0.84857 1.00640 0.00702 0.00199 0.00324 -0.00355 -0.12104 0.51844 0.00125 0.00063 -0.51958 -0.1256 
653.39 16.167 102.975 -0.11986 0.52023 0.84337 43.58 1.0022 1.0022 0.99970 -0.84476 -0.00784 -0.00048 -0.84728 1.00658 0.00722 0.00188 0.00325 -0.00356 -0.11782 0.52131 0.00114 0.00082 -0.52240 -0.1227 
652.36 16.275 102.384 -0.11517 0.52449 0.84128 43.41 1.0023 1.0024 0.99970 -0.84293 -0.00783 -0.00034 -0.84520 1.00691 0.00722 0.00193 0.00329 -0.00369 -0.11302 0.52568 0.00105 0.00093 -0.52676 -0.1181 
651.67 16.350 101.978 -0.11190 0.52746 0.83988 43.34 1.0023 1.0024 0.99970 -0.84160 -0.00788 -0.00039 -0.84370 1.00689 0.00724 0.00205 0.00329 -0.00370 -0.10977 0.52863 0.00096 0.00112 -0.52977 -0.1148 
650.65 16.464 101.390 -0.10713 0.53182 0.83771 43.38 1.0023 1.0023 0.99970 -0.83941 -0.00787 -0.00040 -0.84156 1.00692 0.00723 0.00209 0.00348 -0.00392 -0.10492 0.53301 0.00115 0.00100 -0.53415 -0.1101 
649.96 16.537 100.994 -0.10386 0.53465 0.83630 43.10 1.0024 1.0024 0.99970 -0.83798 -0.00783 -0.00046 -0.84027 1.00706 0.00720 0.00225 0.00366 -0.00411 -0.10167 0.53585 0.00120 0.00104 -0.53706 -0.1068 
648.93 16.649 100.400 -0.09891 0.53889 0.83417 42.40 1.0024 1.0024 0.99970 -0.83590 -0.00802 -0.00029 -0.83812 1.00712 0.00744 0.00210 0.00368 -0.00409 -0.09664 0.54020 0.00153 0.00092 -0.54126 -0.1018 
648.25 16.727 100.000 -0.09555 0.54188 0.83278 42.10 1.0024 1.0025 0.99970 -0.83439 -0.00808 -0.00025 -0.83679 1.00704 0.00749 0.00205 0.00370 -0.00400 -0.09319 0.54318 0.00155 0.00104 -0.54424 -0.0985 
647.56 16.804 99.606 -0.09220 0.54476 0.83137 41.99 1.0022 1.0022 0.99970 -0.83281 -0.00826 -0.00022 -0.83510 1.00652 0.00767 0.00199 0.00387 -0.00421 -0.08972 0.54597 0.00163 0.00105 -0.54695 -0.0953 
646.54 16.916 99.022 -0.08716 0.54893 0.82923 41.40 1.0021 1.0021 0.99970 -0.83043 -0.00842 -0.00022 -0.83290 1.00616 0.00787 0.00202 0.00402 -0.00432 -0.08459 0.55006 0.00172 0.00115 -0.55101 -0.0902 
645.85 16.994 98.634 -0.08378 0.55178 0.82782 41.00 1.0021 1.0021 0.99970 -0.82898 -0.00843 -0.00020 -0.83143 1.00605 0.00791 0.00196 0.00415 -0.00451 -0.08113 0.55287 0.00191 0.00103 -0.55386 -0.0869 
644.83 17.106 98.046 -0.07857 0.55580 0.82560 40.34 1.0022 1.0022 0.99970 -0.82668 -0.00869 -0.00005 -0.82947 1.00629 0.00831 0.00185 0.00422 -0.00465 -0.07582 0.55705 0.00211 0.00097 -0.55788 -0.0818 
644.14 17.179 97.657 -0.07507 0.55840 0.82415 39.79 1.0022 1.0022 0.99970 -0.82511 -0.00882 -0.00011 -0.82815 1.00633 0.00853 0.00197 0.00414 -0.00463 -0.07227 0.55967 0.00212 0.00103 -0.56050 -0.0783 
643.12 17.290 97.069 -0.06972 0.56222 0.82186 38.75 1.0018 1.0019 0.99970 -0.82269 -0.00890 -0.00017 -0.82553 1.00577 0.00864 0.00209 0.00418 -0.00467 -0.06681 0.56334 0.00206 0.00126 -0.56417 -0.0730 
642.43 17.366 96.685 -0.06621 0.56488 0.82040 38.44 1.0019 1.0019 0.99970 -0.82123 -0.00890 -0.00010 -0.82406 1.00577 0.00864 0.00196 0.00428 -0.00483 -0.06324 0.56598 0.00212 0.00125 -0.56688 -0.0695 
641.40 17.476 96.109 -0.06086 0.56860 0.81814 37.71 1.0019 1.0019 0.99970 -0.81899 -0.00892 0.00015 -0.82187 1.00590 0.00877 0.00166 0.00449 -0.00507 -0.05787 0.56973 0.00215 0.00145 -0.57066 -0.0642 
640.72 17.554 95.729 -0.05730 0.57122 0.81659 36.99 1.0020 1.0020 0.99970 -0.81745 -0.00895 0.00012 -0.82044 1.00607 0.00879 0.00171 0.00451 -0.00510 -0.05428 0.57242 0.00215 0.00157 -0.57331 -0.0607 
639.69 17.667 95.158 -0.05189 0.57489 0.81423 36.16 1.0019 1.0019 0.99970 -0.81517 -0.00906 0.00008 -0.81797 1.00605 0.00897 0.00184 0.00457 -0.00531 -0.04875 0.57597 0.00218 0.00161 -0.57713 -0.0553 
639.01 17.744 94.769 -0.04817 0.57737 0.81262 35.72 1.0019 1.0019 0.99970 -0.81359 -0.00912 -0.00009 -0.81633 1.00608 0.00899 0.00215 0.00462 -0.00537 -0.04504 0.57836 0.00233 0.00156 -0.57972 -0.0516 
638.32 17.819 94.393 -0.04454 0.57977 0.81105 35.14 1.0018 1.0018 0.99970 -0.81198 -0.00935 -0.00008 -0.81467 1.00593 0.00931 0.00225 0.00480 -0.00568 -0.04137 0.58068 0.00253 0.00143 -0.58213 -0.0480 
637.30 17.938 93.812 -0.03888 0.58360 0.80872 34.10 1.0017 1.0018 0.99970 -0.80937 -0.00948 -0.00018 -0.81243 1.00568 0.00947 0.00252 0.00503 -0.00584 -0.03585 0.58435 0.00286 0.00121 -0.58600 -0.0421 
636.61 18.014 93.432 -0.03515 0.58598 0.80713 33.60 1.0018 1.0018 0.99970 -0.80790 -0.00962 -0.00020 -0.81084 1.00585 0.00968 0.00250 0.00489 -0.00580 -0.03206 0.58686 0.00281 0.00135 -0.58836 -0.0384 
635.59 18.128 92.867 -0.02952 0.58947 0.80477 32.57 1.0019 1.0020 0.99970 -0.80570 -0.00971 -0.00022 -0.80856 1.00616 0.00983 0.00256 0.00493 -0.00580 -0.02635 0.59048 0.00284 0.00154 -0.59191 -0.0329 
634.90 18.210 92.492 -0.02576 0.59200 0.80315 31.90 1.0021 1.0021 0.99970 -0.80416 -0.00972 -0.00028 -0.80706 1.00642 0.00989 0.00255 0.00494 -0.00578 -0.02262 0.59314 0.00297 0.00136 -0.59449 -0.0291 
633.88 18.329 91.927 -0.02004 0.59562 0.80074 31.31 1.0025 1.0025 0.99970 -0.80209 -0.00974 -0.00037 -0.80481 1.00708 0.00997 0.00272 0.00483 -0.00588 -0.01687 0.59697 0.00306 0.00109 -0.59831 -0.0234 
633.19 18.405 91.553 -0.01621 0.59779 0.79908 30.95 1.0024 1.0025 0.99970 -0.80043 -0.00970 -0.00021 -0.80317 1.00709 0.00996 0.00261 0.00481 -0.00602 -0.01304 0.59917 0.00315 0.00099 -0.60048 -0.0195 
632.17 18.525 90.984 -0.01033 0.60128 0.79658 30.13 1.0026 1.0026 0.99970 -0.79800 -0.00972 -0.00024 -0.80079 1.00735 0.01000 0.00269 0.00489 -0.00614 -0.00714 0.60264 0.00332 0.00095 -0.60416 -0.0136 
631.48 18.600 90.616 -0.00649 0.60336 0.79497 29.61 1.0027 1.0027 0.99970 -0.79651 -0.00973 -0.00025 -0.79920 1.00757 0.00998 0.00274 0.00496 -0.00613 -0.00321 0.60479 0.00348 0.00096 -0.60631 -0.0098 
630.46 18.714 90.058 -0.00061 0.60651 0.79249 29.09 1.0030 1.0030 0.99970 -0.79439 -0.00961 -0.00016 -0.79692 1.00828 0.00971 0.00288 0.00516 -0.00653 0.00276 0.60799 0.00379 0.00041 -0.60987 -0.0040 
629.77 18.798 89.686 0.00334 0.60885 0.79075 28.64 1.0030 1.0030 0.99970 -0.79251 -0.00935 -0.00014 -0.79531 1.00830 0.00932 0.00290 0.00524 -0.00672 0.00664 0.61026 0.00387 0.00007 -0.61231 0.0001 
629.09 18.885 89.311 0.00735 0.61124 0.78890 28.14 1.0030 1.0030 0.99970 -0.79058 -0.00923 0.00005 -0.79348 1.00822 0.00923 0.00260 0.00529 -0.00673 0.01068 0.61261 0.00386 -0.00002 -0.61472 0.0041 
628.06 19.009 88.757 0.01334 0.61459 0.78630 27.72 1.0031 1.0031 0.99970 -0.78806 -0.00917 0.00036 -0.79092 1.00840 0.00901 0.00232 0.00537 -0.00680 0.01674 0.61601 0.00367 0.00024 -0.61814 0.0100 
627.38 19.089 88.392 0.01731 0.61668 0.78457 27.38 1.0032 1.0033 0.99970 -0.78636 -0.00920 0.00055 -0.78937 1.00868 0.00909 0.00218 0.00533 -0.00678 0.02087 0.61818 0.00362 0.00036 -0.62034 0.0139 
626.36 19.209 87.841 0.02336 0.61967 0.78189 26.96 1.0034 1.0034 0.99970 -0.78377 -0.00930 0.00079 -0.78689 1.00908 0.00920 0.00184 0.00529 -0.00690 0.02697 0.62128 0.00365 0.00022 -0.62349 0.0199 
625.67 19.294 87.479 0.02738 0.62185 0.78006 26.76 1.0035 1.0035 0.99970 -0.78207 -0.00932 0.00092 -0.78504 1.00926 0.00918 0.00158 0.00518 -0.00682 0.03101 0.62355 0.00361 0.00004 -0.62571 0.0240 
624.65 19.424 86.939 0.03343 0.62517 0.77735 26.41 1.0036 1.0037 0.99970 -0.77946 -0.00941 0.00108 -0.78238 1.00947 0.00920 0.00153 0.00528 -0.00705 0.03708 0.62686 0.00362 -0.00004 -0.62922 0.0301 
623.96 19.509 86.575 0.03755 0.62731 0.77557 25.98 1.0037 1.0037 0.99970 -0.77774 -0.00951 0.00119 -0.78049 1.00945 0.00924 0.00146 0.00527 -0.00699 0.04119 0.62897 0.00374 -0.00008 -0.63140 0.0343 
622.94 19.631 86.038 0.04365 0.63016 0.77278 25.70 1.0037 1.0038 0.99970 -0.77503 -0.00952 0.00136 -0.77775 1.00966 0.00920 0.00139 0.00527 -0.00714 0.04738 0.63186 0.00376 -0.00021 -0.63436 0.0403 
622.25 19.718 85.676 0.04780 0.63222 0.77090 25.63 1.0039 1.0040 0.99970 -0.77325 -0.00956 0.00141 -0.77605 1.01005 0.00933 0.00131 0.00507 -0.00696 0.05158 0.63404 0.00366 -0.00018 -0.63655 0.0445 
621.57 19.805 85.307 0.05207 0.63429 0.76905 25.53 1.0040 1.0040 0.99970 -0.77146 -0.00948 0.00164 -0.77412 1.01003 0.00923 0.00101 0.00494 -0.00679 0.05585 0.63616 0.00348 -0.00004 -0.63859 0.0488 
620.55 19.930 84.773 0.05829 0.63715 0.76630 25.19 1.0039 1.0039 0.99970 -0.76865 -0.00961 0.00169 -0.77123 1.00979 0.00935 0.00109 0.00470 -0.00665 0.06219 0.63894 0.00338 -0.00018 -0.64141 0.0549 
619.86 20.011 84.413 0.06249 0.63887 0.76443 25.20 1.0038 1.0038 0.99970 -0.76681 -0.00977 0.00175 -0.76918 1.00962 0.00961 0.00112 0.00464 -0.00679 0.06644 0.64064 0.00326 -0.00009 -0.64307 0.0591 
618.84 20.139 83.867 0.06895 0.64168 0.76157 25.03 1.0038 1.0038 0.99970 -0.76392 -0.00983 0.00187 -0.76636 1.00966 0.00984 0.00111 0.00451 -0.00668 0.07289 0.64344 0.00316 0.00004 -0.64592 0.0657 
618.15 20.222 83.503 0.07327 0.64340 0.75967 25.01 1.0039 1.0039 0.99970 -0.76217 -0.01000 0.00197 -0.76447 1.00990 0.01004 0.00118 0.00449 -0.00672 0.07724 0.64524 0.00313 0.00004 -0.64773 0.0700 
617.13 20.353 82.947 0.07993 0.64601 0.75665 25.08 1.0038 1.0038 0.99970 -0.75913 -0.01006 0.00206 -0.76133 1.00977 0.01016 0.00116 0.00448 -0.00673 0.08391 0.64790 0.00304 0.00033 -0.65025 0.0767 
616.45 20.438 82.575 0.08440 0.64763 0.75461 24.87 1.0036 1.0036 0.99970 -0.75699 -0.01005 0.00204 -0.75920 1.00952 0.01018 0.00118 0.00449 -0.00675 0.08837 0.64932 0.00291 0.00052 -0.65191 0.0812 
615.42 20.565 82.025 0.09107 0.65002 0.75160 24.86 1.0035 1.0035 0.99970 -0.75399 -0.01007 0.00214 -0.75606 1.00942 0.01021 0.00101 0.00459 -0.00696 0.09489 0.65166 0.00291 0.00077 -0.65431 0.0881 
614.74 20.649 81.671 0.09540 0.65161 0.74965 25.04 1.0035 1.0036 0.99970 -0.75199 -0.01001 0.00224 -0.75423 1.00955 0.01012 0.00092 0.00466 -0.00707 0.09925 0.65322 0.00293 0.00082 -0.65603 0.0924 
613.71 20.776 81.136 0.10196 0.65381 0.74655 25.32 1.0036 1.0036 0.99970 -0.74889 -0.01004 0.00227 -0.75136 1.00987 0.01024 0.00121 0.00465 -0.00717 0.10600 0.65553 0.00275 0.00106 -0.65835 0.0989 
613.03 20.869 80.774 0.10648 0.65559 0.74448 25.45 1.0036 1.0037 0.99970 -0.74684 -0.01014 0.00230 -0.74922 1.00982 0.01028 0.00125 0.00452 -0.00708 0.11053 0.65728 0.00258 0.00127 -0.66015 0.1035 
612.35 20.955 80.408 0.11104 0.65702 0.74241 25.65 1.0036 1.0037 0.99970 -0.74481 -0.01027 0.00231 -0.74719 1.00998 0.01038 0.00136 0.00445 -0.00705 0.11511 0.65868 0.00254 0.00126 -0.66172 0.1080 
611.32 21.085 79.855 0.11795 0.65921 0.73931 26.04 1.0036 1.0036 0.99970 -0.74156 -0.01034 0.00229 -0.74423 1.00999 0.01042 0.00158 0.00451 -0.00712 0.12195 0.66088 0.00279 0.00126 -0.66391 0.1151 
610.64 21.170 79.491 0.12254 0.66053 0.73727 26.20 1.0036 1.0036 0.99970 -0.73943 -0.01040 0.00249 -0.74223 1.00996 0.01063 0.00135 0.00468 -0.00733 0.12657 0.66227 0.00290 0.00134 -0.66518 0.1197 
609.61 21.304 78.946 0.12946 0.66272 0.73411 26.58 1.0035 1.0036 0.99970 -0.73612 -0.01029 0.00249 -0.73919 1.00995 0.01068 0.00111 0.00458 -0.00730 0.13346 0.66459 0.00271 0.00154 -0.66724 0.1267 
608.93 21.393 78.583 0.13411 0.66406 0.73197 26.97 1.0036 1.0036 0.99970 -0.73403 -0.01030 0.00243 -0.73710 1.01012 0.01075 0.00108 0.00441 -0.00723 0.13816 0.66608 0.00267 0.00169 -0.66856 0.1314 
607.91 21.531 78.039 0.14114 0.66623 0.72871 27.38 1.0037 1.0038 0.99970 -0.73067 -0.01014 0.00230 -0.73407 1.01035 0.01067 0.00117 0.00456 -0.00745 0.14513 0.66830 0.00287 0.00157 -0.67085 0.1386 
607.22 21.624 77.673 0.14591 0.66766 0.72655 27.83 1.0037 1.0038 0.99970 -0.72835 -0.01003 0.00234 -0.73203 1.01033 0.01067 0.00115 0.00461 -0.00765 0.14995 0.66975 0.00296 0.00153 -0.67226 0.1433 
606.20 21.757 77.121 0.15306 0.66944 0.72327 28.38 1.0037 1.0038 0.99970 -0.72502 -0.00989 0.00247 -0.72883 1.01041 0.01060 0.00110 0.00466 -0.00796 0.15721 0.67167 0.00282 0.00178 -0.67397 0.1505 
605.52 21.849 76.765 0.15772 0.67063 0.72099 28.64 1.0036 1.0037 0.99970 -0.72263 -0.00976 0.00257 -0.72655 1.01029 0.01051 0.00106 0.00483 -0.00831 0.16200 0.67284 0.00283 0.00190 -0.67513 0.1550 
604.49 21.990 76.227 0.16487 0.67256 0.71758 29.18 1.0036 1.0036 0.99970 -0.71914 -0.00972 0.00255 -0.72317 1.01027 0.01046 0.00118 0.00495 -0.00852 0.16931 0.67478 0.00283 0.00220 -0.67706 0.1621 
603.81 22.083 75.868 0.16962 0.67368 0.71522 29.37 1.0035 1.0036 0.99970 -0.71673 -0.00960 0.00262 -0.72086 1.01029 0.01040 0.00110 0.00519 -0.00886 0.17420 0.67590 0.00286 0.00213 -0.67818 0.1667 
603.13 22.179 75.506 0.17446 0.67492 0.71290 29.66 1.0036 1.0036 0.99970 -0.71429 -0.00949 0.00276 -0.71868 1.01037 0.01036 0.00092 0.00535 -0.00908 0.17910 0.67712 0.00283 0.00215 -0.67950 0.1716 
602.10 22.331 74.964 0.18182 0.67685 0.70919 30.28 1.0034 1.0034 0.99970 -0.71024 -0.00939 0.00297 -0.71497 1.00994 0.01051 0.00040 0.00544 -0.00941 0.18659 0.67903 0.00275 0.00222 -0.68120 0.1788 
601.42 22.429 74.609 0.18666 0.67807 0.70680 30.55 1.0034 1.0034 0.99970 -0.70785 -0.00951 0.00307 -0.71258 1.00997 0.01075 0.00012 0.00530 -0.00935 0.19170 0.68027 0.00256 0.00247 -0.68242 0.1834 
600.40 22.570 74.067 0.19400 0.67955 0.70327 31.06 1.0035 1.0035 0.99970 -0.70431 -0.00951 0.00318 -0.70923 1.01023 0.01090 0.00003 0.00535 -0.00955 0.19923 0.68186 0.00251 0.00264 -0.68398 0.1907 
599.72 22.669 73.707 0.19894 0.68065 0.70081 31.34 1.0034 1.0034 0.99970 -0.70169 -0.00958 0.00321 -0.70680 1.01009 0.01105 0.00006 0.00534 -0.00965 0.20429 0.68284 0.00253 0.00253 -0.68513 0.1955 
598.69 22.819 73.168 0.20640 0.68227 0.69710 32.18 1.0034 1.0035 0.99970 -0.69804 -0.00972 0.00329 -0.70304 1.01015 0.01132 -0.00012 0.00526 -0.00982 0.21180 0.68438 0.00260 0.00239 -0.68688 0.2030 
598.01 22.919 72.806 0.21142 0.68324 0.69459 32.28 1.0034 1.0035 0.99970 -0.69570 -0.00975 0.00329 -0.70035 1.01020 0.01136 0.00012 0.00531 -0.01000 0.21686 0.68536 0.00266 0.00221 -0.68789 0.2081 
596.99 23.071 72.252 0.21912 0.68462 0.69076 32.37 1.0035 1.0036 0.99970 -0.69205 -0.00972 0.00322 -0.69648 1.01044 0.01138 0.00020 0.00525 -0.01010 0.22481 0.68681 0.00250 0.00232 -0.68938 0.2157 
596.30 23.172 71.875 0.22439 0.68549 0.68820 32.59 1.0036 1.0036 0.99970 -0.68960 -0.00968 0.00315 -0.69384 1.01052 0.01133 0.00022 0.00508 -0.01000 0.23024 0.68772 0.00232 0.00245 -0.69027 0.2208 
595.28 23.332 71.319 0.23224 0.68687 0.68414 32.64 1.0037 1.0038 0.99970 -0.68576 -0.00955 0.00311 -0.68973 1.01085 0.01128 0.00028 0.00485 -0.01007 0.23836 0.68914 0.00223 0.00246 -0.69184 0.2286 
594.60 23.439 70.944 0.23758 0.68779 0.68147 32.61 1.0039 1.0039 0.99970 -0.68323 -0.00958 0.00318 -0.68705 1.01108 0.01140 0.00018 0.00474 -0.01003 0.24379 0.69010 0.00219 0.00237 -0.69289 0.2339 
593.92 23.544 70.570 0.24289 0.68859 0.67882 32.55 1.0039 1.0039 0.99970 -0.68073 -0.00964 0.00324 -0.68424 1.01109 0.01153 0.00033 0.00466 -0.01010 0.24922 0.69093 0.00227 0.00212 -0.69368 0.2392 
592.89 23.704 70.008 0.25096 0.68982 0.67479 32.02 1.0038 1.0038 0.99970 -0.67658 -0.00970 0.00306 -0.68008 1.01078 0.01182 0.00072 0.00457 -0.01037 0.25747 0.69203 0.00229 0.00182 -0.69484 0.2471 
592.21 23.813 69.620 0.25653 0.69052 0.67205 31.92 1.0039 1.0039 0.99970 -0.67381 -0.00966 0.00289 -0.67737 1.01085 0.01176 0.00103 0.00462 -0.01064 0.26309 0.69274 0.00224 0.00187 -0.69559 0.2527 
591.19 23.977 69.050 0.26477 0.69155 0.66782 31.43 1.0041 1.0042 0.99970 -0.66970 -0.00974 0.00284 -0.67332 1.01135 0.01181 0.00135 0.00472 -0.01080 0.27135 0.69387 0.00256 0.00148 -0.69686 0.2611 
590.51 24.087 68.658 0.27043 0.69211 0.66501 30.79 1.0042 1.0042 0.99970 -0.66699 -0.00968 0.00276 -0.67041 1.01139 0.01170 0.00166 0.00477 -0.01083 0.27721 0.69442 0.00277 0.00115 -0.69749 0.2667 
589.48 24.252 68.098 0.27861 0.69299 0.66070 30.09 1.0041 1.0042 0.99970 -0.66278 -0.00953 0.00267 -0.66591 1.01134 0.01151 0.00179 0.00461 -0.01083 0.28554 0.69533 0.00292 0.00115 -0.69830 0.2748 
588.80 24.361 67.720 0.28410 0.69339 0.65780 29.45 1.0040 1.0040 0.99970 -0.65979 -0.00948 0.00271 -0.66295 1.01115 0.01149 0.00196 0.00468 -0.01097 0.29106 0.69557 0.00306 0.00088 -0.69873 0.2802 
587.78 24.524 67.154 0.29238 0.69399 0.65353 28.56 1.0043 1.0044 0.99970 -0.65564 -0.00940 0.00290 -0.65894 1.01182 0.01154 0.00176 0.00470 -0.01109 0.29948 0.69642 0.00313 0.00073 -0.69955 0.2886 
587.10 24.633 66.777 0.29791 0.69431 0.65063 27.96 1.0044 1.0045 0.99970 -0.65268 -0.00933 0.00308 -0.65620 1.01203 0.01156 0.00175 0.00480 -0.01124 0.30517 0.69675 0.00328 0.00050 -0.70002 0.2941 
586.41 24.743 66.397 0.30347 0.69451 0.64763 27.28 1.0046 1.0046 0.99970 -0.64969 -0.00929 0.00317 -0.65348 1.01251 0.01158 0.00183 0.00483 -0.01133 0.31108 0.69712 0.00347 0.00019 -0.70037 0.2996 
585.39 24.915 65.809 0.31213 0.69484 0.64304 26.09 1.0046 1.0046 0.99970 -0.64518 -0.00931 0.00332 -0.64880 1.01259 0.01156 0.00164 0.00487 -0.01131 0.31984 0.69748 0.00362 0.00010 -0.70074 0.3083 
584.71 25.026 65.421 0.31782 0.69487 0.63998 25.50 1.0046 1.0046 0.99970 -0.64207 -0.00928 0.00331 -0.64585 1.01274 0.01143 0.00158 0.00484 -0.01126 0.32560 0.69752 0.00371 -0.00015 -0.70086 0.3140 
583.69 25.194 64.837 0.32645 0.69490 0.63543 24.26 1.0045 1.0046 0.99970 -0.63751 -0.00926 0.00345 -0.64126 1.01274 0.01137 0.00133 0.00481 -0.01121 0.33428 0.69762 0.00383 -0.00047 -0.70081 0.3227 
583.01 25.307 64.445 0.33226 0.69490 0.63237 23.33 1.0046 1.0047 0.99970 -0.63452 -0.00923 0.00359 -0.63823 1.01298 0.01138 0.00106 0.00469 -0.01117 0.34014 0.69779 0.00381 -0.00074 -0.70082 0.3286 
581.98 25.481 63.858 0.34107 0.69493 0.62773 22.43 1.0048 1.0049 0.99970 -0.62986 -0.00909 0.00357 -0.63376 1.01329 0.01120 0.00142 0.00458 -0.01128 0.34895 0.69793 0.00398 -0.00134 -0.70096 0.3376 
581.30 25.601 63.463 0.34713 0.69511 0.62465 21.80 1.0049 1.0050 0.99970 -0.62667 -0.00899 0.00347 -0.63067 1.01317 0.01091 0.00167 0.00455 -0.01104 0.35489 0.69798 0.00419 -0.00144 -0.70119 0.3438 
580.28 25.778 62.880 0.35592 0.69494 0.61982 20.78 1.0051 1.0051 0.99970 -0.62195 -0.00890 0.00375 -0.62591 1.01359 0.01074 0.00176 0.00463 -0.01115 0.36376 0.69781 0.00440 -0.00139 -0.70129 0.3528 
579.60 25.894 62.490 0.36176 0.69464 0.61657 20.07 1.0049 1.0050 0.99970 -0.61865 -0.00884 0.00401 -0.62253 1.01334 0.01058 0.00166 0.00471 -0.01125 0.36969 0.69755 0.00437 -0.00115 -0.70079 0.3585 
578.58 26.072 61.889 0.37078 0.69411 0.61163 19.11 1.0045 1.0046 0.99970 -0.61356 -0.00861 0.00417 -0.61726 1.01267 0.01016 0.00167 0.00477 -0.01133 0.37860 0.69673 0.00442 -0.00123 -0.70008 0.3676 
577.89 26.194 61.487 0.37687 0.69374 0.60824 18.48 1.0044 1.0044 0.99970 -0.61010 -0.00852 0.00428 -0.61376 1.01243 0.00995 0.00175 0.00484 -0.01148 0.38473 0.69620 0.00470 -0.00127 -0.69969 0.3736 
577.21 26.319 61.079 0.38306 0.69332 0.60477 17.97 1.0044 1.0044 0.99970 -0.60655 -0.00854 0.00447 -0.61031 1.01241 0.00991 0.00145 0.00484 -0.01153 0.39099 0.69577 0.00490 -0.00155 -0.69928 0.3798 
576.19 26.511 60.467 0.39241 0.69266 0.59942 17.04 1.0042 1.0043 0.99970 -0.60110 -0.00851 0.00485 -0.60486 1.01218 0.00992 0.00108 0.00475 -0.01152 0.40035 0.69497 0.00494 -0.00186 -0.69858 0.3891 
575.51 26.638 60.053 0.39873 0.69211 0.59591 16.54 1.0042 1.0042 0.99970 -0.59753 -0.00846 0.00502 -0.60133 1.01212 0.00978 0.00114 0.00464 -0.01129 0.40668 0.69427 0.00491 -0.00182 -0.69813 0.3955 
574.49 26.828 59.423 0.40827 0.69098 0.59050 15.93 1.0042 1.0042 0.99970 -0.59212 -0.00841 0.00533 -0.59589 1.01218 0.00968 0.00082 0.00449 -0.01123 0.41627 0.69308 0.00486 -0.00216 -0.69708 0.4051 
573.81 26.951 58.997 0.41467 0.69006 0.58701 15.36 1.0042 1.0042 0.99970 -0.58870 -0.00836 0.00540 -0.59238 1.01234 0.00967 0.00077 0.00435 -0.01101 0.42275 0.69212 0.00479 -0.00187 -0.69630 0.4116 
572.78 27.144 58.358 0.42430 0.68856 0.58142 14.78 1.0042 1.0043 0.99970 -0.58312 -0.00841 0.00553 -0.58692 1.01267 0.00956 0.00074 0.00420 -0.01101 0.43269 0.69066 0.00493 -0.00176 -0.69498 0.4212 
572.10 27.278 57.925 0.43089 0.68756 0.57758 14.35 1.0042 1.0042 0.99970 -0.57925 -0.00844 0.00560 -0.58305 1.01267 0.00958 0.00044 0.00409 -0.01098 0.43926 0.68959 0.00496 -0.00199 -0.69405 0.4279 
571.08 27.475 57.272 0.44081 0.68590 0.57198 13.89 1.0042 1.0042 0.99970 -0.57377 -0.00845 0.00573 -0.57729 1.01273 0.00962 0.00015 0.00387 -0.01096 0.44935 0.68806 0.00496 -0.00175 -0.69227 0.4378 
570.40 27.604 56.830 0.44747 0.68458 0.56823 13.56 1.0040 1.0040 0.99970 -0.56998 -0.00849 0.00556 -0.57332 1.01233 0.00963 0.00022 0.00370 -0.01107 0.45607 0.68676 0.00498 -0.00197 -0.69064 0.4442 
569.38 27.806 56.163 0.45756 0.68254 0.56240 13.13 1.0039 1.0039 0.99970 -0.56411 -0.00858 0.00550 -0.56740 1.01224 0.00976 0.00010 0.00343 -0.01121 0.46635 0.68468 0.00487 -0.00171 -0.68854 0.4542 
568.70 27.940 55.719 0.46426 0.68106 0.55848 12.95 1.0039 1.0039 0.99970 -0.56028 -0.00863 0.00554 -0.56344 1.01241 0.00978 0.00018 0.00330 -0.01132 0.47326 0.68319 0.00505 -0.00176 -0.68718 0.4609 
568.02 28.079 55.266 0.47116 0.67959 0.55445 12.81 1.0038 1.0039 0.99970 -0.55626 -0.00861 0.00559 -0.55933 1.01234 0.00983 0.00015 0.00325 -0.01161 0.48011 0.68165 0.00519 -0.00193 -0.68571 0.4679 
567.00 28.288 54.570 0.48174 0.67711 0.54845 12.52 1.0037 1.0037 0.99970 -0.55003 -0.00887 0.00554 -0.55327 1.01196 0.01022 0.00003 0.00310 -0.01187 0.49075 0.67933 0.00534 -0.00212 -0.68280 0.4783 
566.32 28.430 54.111 0.48876 0.67546 0.54433 12.37 1.0037 1.0038 0.99970 -0.54584 -0.00887 0.00547 -0.54920 1.01201 0.01038 0.00017 0.00303 -0.01201 0.49788 0.67774 0.00546 -0.00222 -0.68109 0.4854 
565.29 28.648 53.404 0.49965 0.67287 0.53815 12.15 1.0036 1.0037 0.99970 -0.53930 -0.00879 0.00542 -0.54305 1.01156 0.01029 0.00025 0.00308 -0.01215 0.50876 0.67487 0.00567 -0.00220 -0.67845 0.4962 
564.61 28.786 52.931 0.50671 0.67075 0.53404 12.04 1.0038 1.0039 0.99970 -0.53525 -0.00894 0.00548 -0.53908 1.01198 0.01035 0.00037 0.00307 -0.01244 0.51605 0.67278 0.00589 -0.00236 -0.67655 0.5033 
563.59 29.007 52.221 0.51756 0.66774 0.52760 11.91 1.0039 1.0039 0.99970 -0.52875 -0.00895 0.00545 -0.53264 1.01201 0.01043 0.00050 0.00306 -0.01260 0.52722 0.66966 0.00590 -0.00248 -0.67363 0.5140 
562.91 29.155 51.750 0.52476 0.66566 0.52329 11.81 1.0039 1.0039 0.99970 -0.52427 -0.00887 0.00539 -0.52840 1.01191 0.01038 0.00062 0.00306 -0.01267 0.53457 0.66743 0.00601 -0.00242 -0.67161 0.5210 
561.89 29.379 51.030 0.53561 0.66214 0.51663 11.75 1.0039 1.0040 0.99970 -0.51736 -0.00899 0.00547 -0.52195 1.01199 0.01090 0.00050 0.00326 -0.01315 0.54531 0.66388 0.00625 -0.00250 -0.66813 0.5322 
561.21 29.528 50.528 0.54310 0.65950 0.51220 11.71 1.0039 1.0040 0.99970 -0.51284 -0.00903 0.00563 -0.51757 1.01203 0.01119 0.00042 0.00344 -0.01353 0.55288 0.66114 0.00614 -0.00258 -0.66560 0.5397 
560.53 29.680 50.037 0.55058 0.65702 0.50777 11.64 1.0043 1.0043 0.99970 -0.50841 -0.00908 0.00565 -0.51331 1.01248 0.01153 0.00038 0.00354 -0.01390 0.56051 0.65876 0.00601 -0.00252 -0.66327 0.5473 
559.51 29.913 49.276 0.56209 0.65293 0.50093 11.66 1.0043 1.0043 0.99970 -0.50142 -0.00904 0.00565 -0.50642 1.01224 0.01163 0.00058 0.00362 -0.01428 0.57214 0.65467 0.00622 -0.00274 -0.65899 0.5588 
558.83 30.070 48.763 0.56974 0.64997 0.49621 11.70 1.0043 1.0044 0.99970 -0.49668 -0.00903 0.00551 -0.50169 1.01229 0.01176 0.00078 0.00356 -0.01425 0.57990 0.65173 0.00611 -0.00272 -0.65599 0.5664 
557.81 30.304 47.983 0.58131 0.64523 0.48920 11.84 1.0044 1.0045 0.99970 -0.48974 -0.00904 0.00550 -0.49456 1.01234 0.01193 0.00086 0.00352 -0.01429 0.59124 0.64706 0.00598 -0.00291 -0.65118 0.5784 
557.13 30.466 47.462 0.58917 0.64212 0.48443 11.79 1.0044 1.0045 0.99970 -0.48480 -0.00909 0.00553 -0.48973 1.01202 0.01200 0.00086 0.00341 -0.01430 0.59892 0.64389 0.00591 -0.00314 -0.64788 0.5863 
556.11 30.702 46.660 0.60086 0.63671 0.47724 11.79 1.0043 1.0044 0.99970 -0.47746 -0.00903 0.00569 -0.48252 1.01182 0.01207 0.00123 0.00355 -0.01503 0.61057 0.63836 0.00587 -0.00350 -0.64241 0.5981 
555.43 30.864 46.122 0.60884 0.63315 0.47243 11.94 1.0045 1.0046 0.99970 -0.47266 -0.00903 0.00577 -0.47766 1.01186 0.01206 0.00127 0.00366 -0.01545 0.61839 0.63483 0.00592 -0.00357 -0.63880 0.6063 
554.40 31.107 45.300 0.62077 0.62730 0.46502 12.30 1.0045 1.0046 0.99970 -0.46516 -0.00879 0.00577 -0.47018 1.01170 0.01185 0.00178 0.00370 -0.01580 0.63013 0.62877 0.00593 -0.00371 -0.63297 0.6185 
553.72 31.275 44.741 0.62880 0.62314 0.45987 12.43 1.0044 1.0045 0.99970 -0.45998 -0.00873 0.00588 -0.46491 1.01151 0.01175 0.00180 0.00376 -0.01580 0.63800 0.62446 0.00579 -0.00345 -0.62880 0.6267 
552.70 31.521 43.886 0.64055 0.61612 0.45205 12.64 1.0041 1.0042 0.99970 -0.45221 -0.00861 0.00618 -0.45687 1.01134 0.01212 0.00179 0.00387 -0.01639 0.64976 0.61734 0.00569 -0.00348 -0.62171 0.6384 
552.02 31.692 43.296 0.64888 0.61138 0.44677 12.88 1.0039 1.0040 0.99970 -0.44689 -0.00843 0.00621 -0.45140 1.01094 0.01202 0.00192 0.00395 -0.01658 0.65796 0.61247 0.00553 -0.00338 -0.61680 0.6467 
551.34 31.867 42.701 0.65734 0.60660 0.44143 13.22 1.0040 1.0040 0.99970 -0.44139 -0.00826 0.00618 -0.44607 1.01075 0.01227 0.00207 0.00388 -0.01670 0.66616 0.60740 0.00548 -0.00368 -0.61213 0.6554 
550.32 32.126 41.801 0.66970 0.59879 0.43329 13.68 1.0040 1.0041 0.99970 -0.43332 -0.00818 0.00610 -0.43787 1.01094 0.01274 0.00221 0.00383 -0.01711 0.67864 0.59958 0.00543 -0.00420 -0.60437 0.6679 
549.64 32.299 41.189 0.67791 0.59323 0.42778 13.82 1.0040 1.0041 0.99970 -0.42781 -0.00809 0.00611 -0.43238 1.01113 0.01300 0.00222 0.00383 -0.01703 0.68693 0.59402 0.00540 -0.00452 -0.59887 0.6762 
548.62 32.560 40.252 0.69037 0.58449 0.41948 14.31 1.0040 1.0041 0.99970 -0.41951 -0.00793 0.00617 -0.42401 1.01115 0.01341 0.00266 0.00375 -0.01684 0.69925 0.58496 0.00527 -0.00432 -0.59036 0.6890 
547.94 32.733 39.613 0.69876 0.57833 0.41402 14.44 1.0042 1.0043 0.99970 -0.41416 -0.00785 0.00612 -0.41853 1.01156 0.01352 0.00298 0.00367 -0.01691 0.70771 0.57881 0.00511 -0.00440 -0.58437 0.6977 
546.92 32.995 38.645 0.71124 0.56869 0.40562 14.87 1.0041 1.0042 0.99970 -0.40585 -0.00775 0.00597 -0.41000 1.01163 0.01379 0.00297 0.00350 -0.01680 0.72024 0.56907 0.00490 -0.00460 -0.57476 0.7103 
546.24 33.172 37.987 0.71962 0.56197 0.39998 15.19 1.0043 1.0044 0.99970 -0.40027 -0.00760 0.00570 -0.40439 1.01205 0.01388 0.00314 0.00341 -0.01689 0.72884 0.56233 0.00467 -0.00435 -0.56822 0.7189 
545.22 33.438 36.977 0.73223 0.55132 0.39142 15.39 1.0043 1.0043 0.99970 -0.39185 -0.00737 0.00566 -0.39562 1.01212 0.01376 0.00316 0.00331 -0.01713 0.74138 0.55175 0.00461 -0.00490 -0.55741 0.7317 
544.54 33.608 36.286 0.74062 0.54376 0.38592 15.51 1.0043 1.0043 0.99970 -0.38642 -0.00717 0.00564 -0.39003 1.01226 0.01370 0.00326 0.00333 -0.01733 0.74984 0.54410 0.00453 -0.00513 -0.54992 0.7403 
543.52 33.861 35.237 0.75298 0.53189 0.37767 15.61 1.0041 1.0042 0.99970 -0.37821 -0.00688 0.00554 -0.38162 1.01219 0.01368 0.00345 0.00328 -0.01721 0.76232 0.53223 0.00467 -0.00546 -0.53788 0.7526 
542.84 34.036 34.522 0.76134 0.52369 0.37201 15.62 1.0040 1.0041 0.99970 -0.37249 -0.00663 0.00544 -0.37597 1.01224 0.01358 0.00350 0.00332 -0.01729 0.77064 0.52379 0.00466 -0.00572 -0.52984 0.7611 
542.16 34.210 33.797 0.76972 0.51522 0.36634 15.58 1.0041 1.0042 0.99970 -0.36679 -0.00653 0.00543 -0.37034 1.01245 0.01342 0.00364 0.00311 -0.01729 0.77912 0.51524 0.00461 -0.00594 -0.52146 0.7697 
541.14 34.469 32.705 0.78212 0.50221 0.35796 15.48 1.0040 1.0041 0.99970 -0.35825 -0.00631 0.00553 -0.36198 1.01234 0.01316 0.00352 0.00307 -0.01730 0.79147 0.50198 0.00459 -0.00630 -0.50850 0.7822 
540.46 34.641 31.956 0.79057 0.49315 0.35243 15.26 1.0041 1.0042 0.99970 -0.35267 -0.00614 0.00553 -0.35642 1.01225 0.01318 0.00337 0.00304 -0.01747 0.80014 0.49296 0.00450 -0.00629 -0.49924 0.7905 
539.45 34.896 30.822 0.80309 0.47915 0.34424 14.93 1.0041 1.0042 0.99970 -0.34428 -0.00589 0.00546 -0.34821 1.01194 0.01300 0.00339 0.00289 -0.01726 0.81292 0.47867 0.00453 -0.00660 -0.48522 0.8026 
538.77 35.064 30.058 0.81109 0.46938 0.33872 14.73 1.0042 1.0043 0.99970 -0.33868 -0.00559 0.00540 -0.34279 1.01219 0.01280 0.00353 0.00296 -0.01721 0.82117 0.46848 0.00456 -0.00679 -0.47586 0.8106 
537.75 35.308 28.871 0.82310 0.45384 0.33072 14.30 1.0040 1.0041 0.99970 -0.33044 -0.00522 0.00544 -0.33480 1.01180 0.01252 0.00368 0.00307 -0.01713 0.83346 0.45226 0.00470 -0.00692 -0.46064 0.8222 
537.07 35.467 28.073 0.83070 0.44305 0.32540 13.91 1.0038 1.0039 0.99970 -0.32505 -0.00500 0.00537 -0.32950 1.01183 0.01206 0.00414 0.00305 -0.01709 0.84119 0.44124 0.00465 -0.00709 -0.44997 0.8298 
536.05 35.705 26.856 0.84267 0.42670 0.31768 13.29 1.0034 1.0034 0.99970 -0.31702 -0.00473 0.00526 -0.32157 1.01044 0.01172 0.00407 0.00298 -0.01638 0.85259 0.42418 0.00449 -0.00761 -0.43355 0.8413 
535.37 35.857 26.032 0.85033 0.41532 0.31273 12.84 1.0031 1.0031 0.99970 -0.31180 -0.00447 0.00538 -0.31660 1.00971 0.01180 0.00371 0.00299 -0.01612 0.85998 0.41256 0.00454 -0.00769 -0.42199 0.8487 
534.35 36.085 24.750 0.86203 0.39740 0.30531 12.20 1.0030 1.0031 0.99970 -0.30440 -0.00427 0.00538 -0.30894 1.00923 0.01153 0.00342 0.00289 -0.01612 0.87149 0.39459 0.00426 -0.00787 -0.40376 0.8603 
533.67 36.231 23.895 0.86937 0.38517 0.30050 11.76 1.0026 1.0027 0.99970 -0.29945 -0.00428 0.00550 -0.30395 1.00828 0.01136 0.00325 0.00261 -0.01594 0.87852 0.38221 0.00391 -0.00794 -0.39119 0.8672 
532.99 36.372 23.026 0.87631 0.37244 0.29576 11.24 1.0026 1.0026 0.99970 -0.29450 -0.00424 0.00558 -0.29940 1.00832 0.01140 0.00320 0.00243 -0.01601 0.88560 0.36938 0.00390 -0.00816 -0.37850 0.8741 
531.97 36.574 21.669 0.88693 0.35239 0.28907 10.75 1.0023 1.0023 0.99970 -0.28756 -0.00405 0.00557 -0.29269 1.00759 0.01131 0.00353 0.00220 -0.01589 0.89585 0.34911 0.00388 -0.00838 -0.35824 0.8845 
531.29 36.705 20.775 0.89333 0.33889 0.28466 10.28 1.0019 1.0019 0.99970 -0.28290 -0.00385 0.00546 -0.28834 1.00704 0.01122 0.00351 0.00210 -0.01562 0.90188 0.33554 0.00386 -0.00830 -0.34452 0.8908 
530.27 36.889 19.387 0.90283 0.31770 0.27847 9.66 1.0015 1.0015 0.99970 -0.27653 -0.00371 0.00558 -0.28211 1.00639 0.01108 0.00350 0.00193 -0.01532 0.91095 0.31434 0.00396 -0.00827 -0.32300 0.9002 
529.59 37.006 18.449 0.90898 0.30324 0.27454 9.25 1.0014 1.0015 0.99970 -0.27261 -0.00351 0.00580 -0.27813 1.00635 0.01081 0.00319 0.00165 -0.01539 0.91701 0.29997 0.00387 -0.00824 -0.30835 0.9065 
528.58 37.171 17.016 0.91766 0.28085 0.26901 8.78 1.0015 1.0016 0.99970 -0.26712 -0.00331 0.00573 -0.27260 1.00663 0.01061 0.00319 0.00162 -0.01570 0.92552 0.27740 0.00367 -0.00838 -0.28607 0.9156 
527.90 37.276 16.044 0.92320 0.26549 0.26547 8.45 1.0014 1.0015 0.99970 -0.26355 -0.00329 0.00572 -0.26902 1.00645 0.01044 0.00283 0.00157 -0.01572 0.93061 0.26191 0.00378 -0.00838 -0.27070 0.9215 
526.88 37.423 14.552 0.93066 0.24158 0.26039 8.05 1.0010 1.0011 0.99970 -0.25835 -0.00321 0.00582 -0.26397 1.00623 0.01068 0.00279 0.00129 -0.01547 0.93796 0.23789 0.00378 -0.00837 -0.24670 0.9289 
526.20 37.513 13.541 0.93532 0.22527 0.25732 7.82 1.0007 1.0008 0.99970 -0.25519 -0.00329 0.00581 -0.26088 1.00587 0.01109 0.00262 0.00129 -0.01544 0.94241 0.22147 0.00390 -0.00828 -0.23032 0.9334 
525.52 37.592 12.513 0.93970 0.20856 0.25460 7.60 1.0004 1.0005 0.99970 -0.25242 -0.00318 0.00570 -0.25808 1.00539 0.01125 0.00261 0.00122 -0.01553 0.94677 0.20463 0.00391 -0.00853 -0.21355 0.9374 
524.50 37.708 10.964 0.94627 0.18331 0.25079 7.26 1.0001 1.0001 0.99970 -0.24837 -0.00327 0.00547 -0.25426 1.00449 0.01116 0.00293 0.00103 -0.01551 0.95284 0.17933 0.00375 -0.00891 -0.18807 0.9437 
523.82 37.774 9.910 0.94993 0.16596 0.24854 7.09 0.9999 1.0000 0.99970 -0.24600 -0.00342 0.00540 -0.25207 1.00427 0.01165 0.00282 0.00080 -0.01555 0.95638 0.16211 0.00364 -0.00930 -0.17047 0.9473 
522.80 37.854 8.314 0.95437 0.13946 0.24572 6.86 0.9998 0.9999 0.99970 -0.24336 -0.00351 0.00539 -0.24912 1.00454 0.01181 0.00303 0.00075 -0.01566 0.96085 0.13566 0.00363 -0.00961 -0.14386 0.9519 
522.13 37.896 7.234 0.95708 0.12149 0.24427 6.74 0.9998 0.9999 0.99970 -0.24183 -0.00342 0.00545 -0.24777 1.00467 0.01184 0.00307 0.00063 -0.01567 0.96358 0.11760 0.00375 -0.01006 -0.12591 0.9548 
521.11 37.946 5.614 0.96042 0.09441 0.24255 6.64 1.0000 1.0001 0.99970 -0.24029 -0.00348 0.00558 -0.24601 1.00530 0.01145 0.00376 0.00048 -0.01586 0.96684 0.09040 0.00357 -0.01069 -0.09888 0.9588 
520.43 37.967 4.520 0.96209 0.07605 0.24180 6.60 1.0001 1.0002 0.99970 -0.23962 -0.00357 0.00581 -0.24524 1.00555 0.01142 0.00386 0.00045 -0.01611 0.96852 0.07195 0.00338 -0.01136 -0.08055 0.9607 
519.41 37.982 2.849 0.96385 0.04797 0.24126 6.48 1.0002 1.0002 0.99970 -0.23915 -0.00343 0.00572 -0.24472 1.00587 0.01141 0.00385 0.00064 -0.01616 0.96994 0.04360 0.00300 -0.01160 -0.05260 0.9631 
518.73 37.974 1.734 0.96441 0.02919 0.24149 6.47 1.0003 1.0004 0.99970 -0.23942 -0.00348 0.00598 -0.24501 1.00631 0.01148 0.00371 0.00068 -0.01624 0.97040 0.02480 0.00293 -0.01179 -0.03376 0.9642 
517.71 37.945 0.024 0.96454 0.00040 0.24245 6.49 1.0003 1.0004 0.99970 -0.24016 -0.00354 0.00638 -0.24620 1.00631 0.01139 0.00398 0.00073 -0.01638 0.97031 -0.00417 0.00293 -0.01208 -0.00498 0.9646 
517.04 37.920 358.893 0.96400 -0.01863 0.24327 6.50 1.0003 1.0003 0.99970 -0.24091 -0.00353 0.00655 -0.24712 1.00643 0.01134 0.00410 0.00069 -0.01635 0.96975 -0.02339 0.00300 -0.01237 0.01399 0.9642 
516.36 37.888 357.754 0.96319 -0.03777 0.24436 6.58 1.0003 1.0004 0.99970 -0.24201 -0.00354 0.00655 -0.24820 1.00641 0.01147 0.00386 0.00064 -0.01609 0.96857 -0.04255 0.00302 -0.01255 0.03323 0.9637 
515.34 37.819 356.034 0.96128 -0.06664 0.24671 6.69 1.0006 1.0007 0.99970 -0.24432 -0.00358 0.00673 -0.25071 1.00677 0.01156 0.00385 0.00065 -0.01615 0.96653 -0.07165 0.00290 -0.01276 0.06206 0.9623 
514.66 37.765 354.881 0.95948 -0.08596 0.24860 6.80 1.0005 1.0006 0.99970 -0.24617 -0.00368 0.00672 -0.25254 1.00641 0.01187 0.00393 0.00059 -0.01640 0.96453 -0.09100 0.00275 -0.01302 0.08144 0.9603 
513.64 37.659 353.162 0.95568 -0.11460 0.25218 6.98 1.0004 1.0005 0.99970 -0.24970 -0.00356 0.00684 -0.25612 1.00611 0.01200 0.00379 0.00086 -0.01650 0.96052 -0.12007 0.00260 -0.01288 0.10979 0.9564 
512.96 37.580 352.015 0.95288 -0.13366 0.25496 7.11 1.0004 1.0005 0.99970 -0.25251 -0.00349 0.00691 -0.25879 1.00569 0.01227 0.00361 0.00085 -0.01642 0.95761 -0.13927 0.00252 -0.01277 0.12877 0.9533 
511.95 37.446 350.287 0.94740 -0.16217 0.25948 7.40 1.0001 1.0002 0.99970 -0.25696 -0.00340 0.00698 -0.26320 1.00498 0.01223 0.00341 0.00110 -0.01634 0.95138 -0.16803 0.00242 -0.01341 0.15707 0.9479 
511.27 37.339 349.126 0.94281 -0.18111 0.26304 7.61 1.0001 1.0002 0.99970 -0.26050 -0.00354 0.00706 -0.26681 1.00501 0.01261 0.00328 0.00123 -0.01616 0.94665 -0.18720 0.00246 -0.01372 0.17587 0.9434 
510.25 37.167 347.408 0.93575 -0.20903 0.26889 7.98 1.0000 1.0001 0.99970 -0.26646 -0.00360 0.00735 -0.27243 1.00445 0.01262 0.00303 0.00131 -0.01567 0.93895 -0.21520 0.00255 -0.01424 0.20372 0.9364 
509.57 37.040 346.272 0.93041 -0.22729 0.27319 8.32 0.9999 1.0000 0.99970 -0.27073 -0.00363 0.00741 -0.27667 1.00407 0.01263 0.00265 0.00125 -0.01531 0.93310 -0.23318 0.00253 -0.01438 0.22224 0.9312 
508.56 36.837 344.582 0.92187 -0.25423 0.28009 8.77 0.9999 1.0000 0.99970 -0.27765 -0.00373 0.00762 -0.28347 1.00362 0.01319 0.00207 0.00113 -0.01517 0.92414 -0.25997 0.00250 -0.01476 0.24934 0.9227 
507.88 36.691 343.460 0.91533 -0.27184 0.28497 9.09 1.0000 1.0001 0.99970 -0.28246 -0.00372 0.00776 -0.28849 1.00381 0.01360 0.00143 0.00113 -0.01506 0.91771 -0.27738 0.00269 -0.01477 0.26724 0.9162 
507.20 36.536 342.340 0.90834 -0.28918 0.29013 9.46 1.0002 1.0003 0.99970 -0.28772 -0.00397 0.00784 -0.29369 1.00429 0.01377 0.00129 0.00102 -0.01506 0.91060 -0.29468 0.00285 -0.01493 0.28484 0.9097 
506.18 36.289 340.671 0.89700 -0.31463 0.29829 10.00 1.0001 1.0002 0.99970 -0.29594 -0.00431 0.00819 -0.30183 1.00430 0.01425 0.00103 0.00079 -0.01494 0.89904 -0.32027 0.00305 -0.01544 0.31026 0.8985 
505.50 36.117 339.579 0.88925 -0.33108 0.30404 10.43 1.0005 1.0006 0.99970 -0.30174 -0.00419 0.00820 -0.30772 1.00487 0.01468 0.00117 0.00083 -0.01483 0.89141 -0.33695 0.00350 -0.01553 0.32672 0.8911 
504.49 35.849 337.973 0.87740 -0.35497 0.31305 10.98 1.0004 1.0005 0.99970 -0.31077 -0.00411 0.00799 -0.31653 1.00409 0.01525 0.00088 0.00087 -0.01462 0.87882 -0.36060 0.00360 -0.01544 0.35069 0.8793 
503.81 35.662 336.915 0.86863 -0.37023 0.31916 11.52 1.0003 1.0004 0.99970 -0.31699 -0.00408 0.00794 -0.32260 1.00424 0.01543 0.00059 0.00092 -0.01409 0.86998 -0.37578 0.00374 -0.01507 0.36613 0.8707 
502.79 35.370 335.339 0.85526 -0.39266 0.32883 12.19 1.0008 1.0009 0.99970 -0.32700 -0.00410 0.00804 -0.33218 1.00493 0.01588 0.00012 0.00088 -0.01417 0.85668 -0.39838 0.00406 -0.01569 0.38877 0.8578 
502.12 35.166 334.312 0.84596 -0.40691 0.33554 12.66 1.0009 1.0010 0.99970 -0.33385 -0.00405 0.00780 -0.33890 1.00528 0.01610 -0.00021 0.00097 -0.01409 0.84735 -0.41282 0.00414 -0.01585 0.40303 0.8488 
501.10 34.858 332.771 0.83139 -0.42780 0.34558 13.39 1.0005 1.0006 0.99970 -0.34388 -0.00420 0.00752 -0.34875 1.00453 0.01652 -0.00055 0.00114 -0.01380 0.83242 -0.43367 0.00445 -0.01604 0.42374 0.8339 
500.42 34.649 331.739 0.82144 -0.44157 0.35244 13.83 1.0005 1.0006 0.99970 -0.35061 -0.00447 0.00747 -0.35571 1.00436 0.01681 -0.00093 0.00121 -0.01366 0.82233 -0.44745 0.00474 -0.01594 0.43748 0.8239 
499.74 34.432 330.733 0.81106 -0.45454 0.35943 14.13 1.0003 1.0004 0.99970 -0.35763 -0.00458 0.00749 -0.36262 1.00417 0.01736 -0.00106 0.00123 -0.01342 0.81201 -0.46026 0.00519 -0.01595 0.45058 0.8132 
498.73 34.103 329.254 0.79547 -0.47318 0.37007 14.56 1.0000 1.0001 0.99970 -0.36814 -0.00444 0.00719 -0.37320 1.00355 0.01745 -0.00126 0.00135 -0.01311 0.79607 -0.47866 0.00580 -0.01607 0.46924 0.7974 
498.05 33.884 328.310 0.78510 -0.48470 0.37715 14.70 1.0000 1.0001 0.99970 -0.37530 -0.00429 0.00689 -0.38023 1.00357 0.01736 -0.00111 0.00135 -0.01274 0.78583 -0.49020 0.00598 -0.01641 0.48079 0.7869 
497.03 33.545 326.903 0.76910 -0.50131 0.38800 14.76 1.0001 1.0003 0.99970 -0.38642 -0.00444 0.00716 -0.39098 1.00390 0.01735 -0.00131 0.00114 -0.01247 0.76993 -0.50682 0.00609 -0.01670 0.49760 0.7710 
496.35 33.313 325.977 0.75828 -0.51191 0.39543 14.79 1.0007 1.0008 0.99970 -0.39422 -0.00440 0.00719 -0.39845 1.00489 0.01745 -0.00180 0.00114 -0.01253 0.75931 -0.51778 0.00635 -0.01710 0.50840 0.7607 
495.34 32.952 324.629 0.74153 -0.52641 0.40671 14.64 1.0009 1.0010 0.99970 -0.40591 -0.00414 0.00739 -0.40975 1.00581 0.01710 -0.00188 0.00129 -0.01240 0.74267 -0.53287 0.00715 -0.01793 0.52284 0.7445 
494.66 32.718 323.734 0.73059 -0.53600 0.41415 14.46 1.0011 1.0012 0.99970 -0.41347 -0.00394 0.00741 -0.41727 1.00616 0.01692 -0.00208 0.00134 -0.01222 0.73166 -0.54269 0.00743 -0.01843 0.53245 0.7338 
493.64 32.361 322.399 0.71357 -0.54955 0.42532 14.27 1.0014 1.0015 0.99970 -0.42498 -0.00391 0.00772 -0.42851 1.00702 0.01678 -0.00207 0.00153 -0.01195 0.71456 -0.55672 0.00780 -0.01867 0.54606 0.7174 
492.97 32.124 321.516 0.70221 -0.55824 0.43271 14.20 1.0015 1.0016 0.99970 -0.43231 -0.00378 0.00786 -0.43611 1.00723 0.01695 -0.00287 0.00157 -0.01174 0.70322 -0.56564 0.00800 -0.01889 0.55471 0.7061 
491.95 31.760 320.213 0.68496 -0.57042 0.44402 13.86 1.0014 1.0015 0.99970 -0.44364 -0.00349 0.00776 -0.44746 1.00721 0.01692 -0.00318 0.00162 -0.01130 0.68570 -0.57783 0.00823 -0.01862 0.56695 0.6890 
491.27 31.522 319.348 0.67340 -0.57824 0.45140 13.77 1.0014 1.0016 0.99970 -0.45101 -0.00334 0.00794 -0.45499 1.00739 0.01659 -0.00307 0.00147 -0.01108 0.67415 -0.58563 0.00845 -0.01833 0.57494 0.6774 
490.60 31.286 318.507 0.66208 -0.58561 0.45871 13.48 1.0014 1.0015 0.99970 -0.45811 -0.00312 0.00781 -0.46252 1.00728 0.01608 -0.00289 0.00143 -0.01081 0.66271 -0.59330 0.00858 -0.01810 0.58201 0.6661 
489.58 30.932 317.244 0.64472 -0.59610 0.46956 13.19 1.0014 1.0015 0.99970 -0.46906 -0.00293 0.00796 -0.47333 1.00728 0.01541 -0.00316 0.00134 -0.01013 0.64508 -0.60395 0.00878 -0.01804 0.59242 0.6489 
488.90 30.697 316.401 0.63314 -0.60292 0.47678 12.87 1.0015 1.0016 0.99970 -0.47630 -0.00277 0.00794 -0.48068 1.00748 0.01526 -0.00357 0.00139 -0.00992 0.63345 -0.61109 0.00886 -0.01811 0.59908 0.6374 
487.89 30.344 315.158 0.61566 -0.61228 0.48750 12.34 1.0015 1.0016 0.99970 -0.48697 -0.00258 0.00811 -0.49153 1.00748 0.01518 -0.00387 0.00151 -0.00984 0.61606 -0.62081 0.00900 -0.01799 0.60815 0.6197 
487.21 30.110 314.324 0.60388 -0.61830 0.49458 11.99 1.0013 1.0014 0.99970 -0.49391 -0.00246 0.00817 -0.49861 1.00708 0.01500 -0.00419 0.00146 -0.00967 0.60407 -0.62701 0.00879 -0.01771 0.61378 0.6078 
486.19 29.755 313.102 0.58626 -0.62645 0.50520 11.60 1.0012 1.0013 0.99970 -0.50455 -0.00228 0.00830 -0.50923 1.00700 0.01456 -0.00454 0.00140 -0.00921 0.58621 -0.63546 0.00886 -0.01783 0.62163 0.5902 
485.52 29.522 312.281 0.57440 -0.63168 0.51212 11.31 1.0012 1.0013 0.99970 -0.51155 -0.00223 0.00836 -0.51619 1.00712 0.01444 -0.00480 0.00136 -0.00900 0.57428 -0.64075 0.00911 -0.01806 0.62692 0.5784 
484.50 29.174 311.053 0.55649 -0.63897 0.52233 11.20 1.0015 1.0016 0.99970 -0.52183 -0.00222 0.00838 -0.52680 1.00789 0.01420 -0.00509 0.00138 -0.00881 0.55645 -0.64832 0.00922 -0.01858 0.63447 0.5608 
483.82 28.946 310.248 0.54472 -0.64349 0.52902 11.28 1.0016 1.0017 0.99970 -0.52853 -0.00225 0.00834 -0.53365 1.00811 0.01432 -0.00509 0.00124 -0.00843 0.54474 -0.65298 0.00932 -0.01838 0.63902 0.5489 
482.81 28.609 309.040 0.52702 -0.64990 0.53886 11.36 1.0016 1.0017 0.99970 -0.53833 -0.00221 0.00839 -0.54369 1.00827 0.01416 -0.00529 0.00114 -0.00839 0.52708 -0.65951 0.00945 -0.01829 0.64547 0.5312 
482.13 28.384 308.223 0.51512 -0.65405 0.54545 11.67 1.0017 1.0018 0.99970 -0.54488 -0.00225 0.00843 -0.55046 1.00844 0.01421 -0.00532 0.00110 -0.00834 0.51527 -0.66369 0.00952 -0.01820 0.64973 0.5192 
481.46 28.163 307.398 0.50318 -0.65817 0.55199 11.90 1.0018 1.0019 0.99970 -0.55135 -0.00241 0.00855 -0.55710 1.00841 0.01444 -0.00527 0.00107 -0.00838 0.50341 -0.66789 0.00953 -0.01849 0.65380 0.5070 
480.44 27.830 306.167 0.48517 -0.66370 0.56168 12.30 1.0019 1.0020 0.99970 -0.56098 -0.00252 0.00851 -0.56693 1.00841 0.01474 -0.00550 0.00106 -0.00836 0.48529 -0.67349 0.00957 -0.01851 0.65930 0.4890 
479.76 27.612 305.345 0.47317 -0.66717 0.56798 12.65 1.0020 1.0021 0.99970 -0.56730 -0.00272 0.00856 -0.57327 1.00840 0.01488 -0.00550 0.00102 -0.00826 0.47313 -0.67707 0.00949 -0.01845 0.66267 0.4770 
478.75 27.290 304.113 0.45534 -0.67221 0.57740 12.86 1.0020 1.0021 0.99970 -0.57666 -0.00285 0.00843 -0.58253 1.00789 0.01519 -0.00530 0.00110 -0.00850 0.45535 -0.68196 0.00921 -0.01825 0.66756 0.4588 
478.07 27.079 303.288 0.44345 -0.67539 0.58361 13.04 1.0019 1.0020 0.99970 -0.58274 -0.00295 0.00826 -0.58862 1.00738 0.01562 -0.00518 0.00118 -0.00863 0.44336 -0.68486 0.00911 -0.01803 0.67070 0.4467 
477.06 26.761 302.045 0.42541 -0.67961 0.59283 13.58 1.0018 1.0019 0.99970 -0.59178 -0.00320 0.00794 -0.59771 1.00678 0.01605 -0.00505 0.00141 -0.00874 0.42524 -0.68895 0.00864 -0.01751 0.67468 0.4283 
476.38 26.551 301.210 0.41338 -0.68229 0.59891 14.05 1.0018 1.0019 0.99970 -0.59781 -0.00332 0.00783 -0.60367 1.00640 0.01627 -0.00501 0.00150 -0.00874 0.41321 -0.69136 0.00856 -0.01745 0.67739 0.4161 
475.36 26.239 299.946 0.39513 -0.68588 0.60785 15.12 1.0017 1.0018 0.99970 -0.60656 -0.00359 0.00770 -0.61241 1.00569 0.01671 -0.00505 0.00162 -0.00914 0.39485 -0.69461 0.00854 -0.01757 0.68084 0.3975 
474.69 26.034 299.094 0.38288 -0.68808 0.61369 15.98 1.0016 1.0017 0.99970 -0.61224 -0.00366 0.00755 -0.61813 1.00515 0.01690 -0.00508 0.00174 -0.00892 0.38252 -0.69660 0.00852 -0.01723 0.68290 0.3851 
474.01 25.838 298.248 0.37082 -0.69018 0.61928 17.24 1.0015 1.0016 0.99970 -0.61768 -0.00378 0.00749 -0.62352 1.00457 0.01709 -0.00516 0.00182 -0.00904 0.37033 -0.69837 0.00852 -0.01684 0.68492 0.3729 
473.00 25.544 296.984 0.35279 -0.69286 0.62763 19.69 1.0017 1.0018 0.99970 -0.62596 -0.00396 0.00744 -0.63187 1.00441 0.01724 -0.00511 0.00199 -0.00919 0.35211 -0.70094 0.00871 -0.01657 0.68764 0.3549 
472.32 25.345 296.139 0.34067 -0.69421 0.63317 21.68 1.0015 1.0016 0.99970 -0.63150 -0.00392 0.00746 -0.63711 1.00388 0.01743 -0.00520 0.00194 -0.00919 0.34002 -0.70188 0.00902 -0.01659 0.68903 0.3425 
471.31 25.057 294.875 0.32275 -0.69609 0.64121 24.40 1.0015 1.0017 0.99970 -0.63949 -0.00389 0.00716 -0.64493 1.00343 0.01748 -0.00520 0.00182 -0.00890 0.32218 -0.70354 0.00910 -0.01723 0.69083 0.3243 
470.63 24.867 294.039 0.31090 -0.69702 0.64649 25.97 1.0018 1.0019 0.99970 -0.64499 -0.00401 0.00727 -0.65015 1.00363 0.01748 -0.00517 0.00181 -0.00898 0.31047 -0.70452 0.00909 -0.01753 0.69184 0.3124 
469.61 24.579 292.755 0.29285 -0.69818 0.65451 27.67 1.0021 1.0022 0.99970 -0.65319 -0.00411 0.00754 -0.65807 1.00373 0.01747 -0.00555 0.00185 -0.00916 0.29233 -0.70566 0.00929 -0.01804 0.69309 0.2944 
468.94 24.387 291.909 0.28093 -0.69853 0.65972 28.59 1.0023 1.0024 0.99970 -0.65846 -0.00403 0.00740 -0.66327 1.00378 0.01744 -0.00556 0.00202 -0.00920 0.28021 -0.70599 0.00958 -0.01816 0.69350 0.2826 
467.92 24.105 290.602 0.26269 -0.69880 0.66727 30.28 1.0022 1.0023 0.99970 -0.66583 -0.00389 0.00757 -0.67072 1.00331 0.01760 -0.00575 0.00211 -0.00901 0.26185 -0.70570 0.01004 -0.01863 0.69400 0.2643 
467.25 23.924 289.727 0.25064 -0.69897 0.67217 31.45 1.0023 1.0024 0.99970 -0.67065 -0.00385 0.00762 -0.67569 1.00329 0.01758 -0.00591 0.00208 -0.00885 0.24970 -0.70573 0.01025 -0.01891 0.69430 0.2523 
466.23 23.648 288.396 0.23234 -0.69858 0.67947 34.34 1.0023 1.0024 0.99970 -0.67789 -0.00371 0.00776 -0.68286 1.00297 0.01742 -0.00614 0.00196 -0.00856 0.23154 -0.70499 0.01060 -0.01917 0.69404 0.2338 
465.56 23.466 287.505 0.22017 -0.69806 0.68420 36.99 1.0021 1.0022 0.99970 -0.68238 -0.00365 0.00789 -0.68753 1.00250 0.01714 -0.00641 0.00180 -0.00835 0.21928 -0.70416 0.01071 -0.01935 0.69350 0.2216 
464.88 23.284 286.606 0.20798 -0.69741 0.68896 40.24 1.0020 1.0021 0.99970 -0.68702 -0.00354 0.00800 -0.69211 1.00206 0.01694 -0.00638 0.00166 -0.00823 0.20697 -0.70306 0.01091 -0.01940 0.69299 0.2094 
463.87 23.021 285.267 0.19000 -0.69610 0.69580 46.06 1.0020 1.0021 0.99970 -0.69377 -0.00337 0.00824 -0.69893 1.00188 0.01621 -0.00649 0.00152 -0.00799 0.18876 -0.70166 0.01101 -0.01948 0.69163 0.1915 
463.19 22.841 284.359 0.17789 -0.69493 0.70044 49.20 1.0019 1.0020 0.99970 -0.69821 -0.00328 0.00827 -0.70347 1.00145 0.01597 -0.00674 0.00149 -0.00764 0.17660 -0.70040 0.01128 -0.01982 0.69025 0.1794 
462.18 22.584 282.976 0.15967 -0.69296 0.70698 51.85 1.0019 1.0020 0.99970 -0.70478 -0.00307 0.00858 -0.70987 1.00129 0.01571 -0.00704 0.00136 -0.00752 0.15843 -0.69826 0.01167 -0.02040 0.68835 0.1611 
461.50 22.407 282.054 0.14758 -0.69111 0.71128 52.07 1.0018 1.0020 0.99970 -0.70894 -0.00291 0.00857 -0.71432 1.00127 0.01571 -0.00728 0.00127 -0.00748 0.14641 -0.69643 0.01200 -0.02069 0.68646 0.1489 
460.49 22.145 280.669 0.12961 -0.68803 0.71771 50.42 1.0017 1.0018 0.99970 -0.71520 -0.00283 0.00864 -0.72077 1.00107 0.01552 -0.00746 0.00103 -0.00696 0.12832 -0.69323 0.01224 -0.02063 0.68336 0.1310 
459.81 21.969 279.731 0.11759 -0.68567 0.72193 48.92 1.0018 1.0019 0.99970 -0.71960 -0.00262 0.00864 -0.72499 1.00130 0.01522 -0.00743 0.00087 -0.00657 0.11617 -0.69101 0.01246 -0.02068 0.68101 0.1191 
458.80 21.707 278.329 0.09978 -0.68154 0.72806 47.00 1.0017 1.0018 0.99970 -0.72580 -0.00240 0.00852 -0.73111 1.00139 0.01497 -0.00728 0.00077 -0.00633 0.09830 -0.68680 0.01295 -0.02100 0.67703 0.1014 
458.12 21.540 277.369 0.08779 -0.67886 0.73203 46.34 1.0016 1.0017 0.99970 -0.72962 -0.00245 0.00851 -0.73513 1.00126 0.01482 -0.00731 0.00075 -0.00617 0.08616 -0.68393 0.01319 -0.02114 0.67445 0.0895 
457.11 21.284 275.923 0.06996 -0.67428 0.73806 47.56 1.0015 1.0016 0.99970 -0.73533 -0.00247 0.00827 -0.74142 1.00117 0.01472 -0.00712 0.00059 -0.00582 0.06825 -0.67925 0.01328 -0.02107 0.66991 0.0717 
456.43 21.114 274.939 0.05799 -0.67094 0.74197 49.08 1.0013 1.0014 0.99970 -0.73914 -0.00244 0.00828 -0.74525 1.00089 0.01451 -0.00700 0.00059 -0.00561 0.05611 -0.67591 0.01351 -0.02092 0.66636 0.0599 
455.76 20.944 273.946 0.04603 -0.66732 0.74583 50.38 1.0014 1.0015 0.99970 -0.74293 -0.00244 0.00826 -0.74938 1.00117 0.01419 -0.00696 0.00052 -0.00553 0.04396 -0.67234 0.01367 -0.02100 0.66287 0.0481 
454.74 20.693 272.446 0.02827 -0.66176 0.75169 50.40 1.0013 1.0015 0.99970 -0.74868 -0.00253 0.00832 -0.75529 1.00107 0.01417 -0.00720 0.00042 -0.00517 0.02592 -0.66655 0.01379 -0.02095 0.65749 0.0306 
454.07 20.527 271.444 0.01658 -0.65773 0.75541 48.37 1.0014 1.0015 0.99970 -0.75251 -0.00242 0.00845 -0.75905 1.00128 0.01395 -0.00740 0.00032 -0.00490 0.01399 -0.66251 0.01400 -0.02085 0.65360 0.0192 
453.05 20.278 269.910 -0.00102 -0.65115 0.76091 43.58 1.0014 1.0015 0.99970 -0.75815 -0.00230 0.00837 -0.76461 1.00153 0.01379 -0.00762 0.00018 -0.00442 -0.00394 -0.65603 0.01431 -0.02087 0.64708 0.0019 
452.38 20.111 268.878 -0.01266 -0.64651 0.76458 39.71 1.0016 1.0017 0.99970 -0.76204 -0.00230 0.00841 -0.76849 1.00208 0.01370 -0.00774 0.00014 -0.00423 -0.01558 -0.65153 0.01432 -0.02084 0.64263 -0.0098 
451.37 19.863 267.324 -0.02987 -0.63913 0.76995 34.62 1.0018 1.0019 0.99970 -0.76784 -0.00217 0.00843 -0.77392 1.00272 0.01353 -0.00787 0.00004 -0.00410 -0.03299 -0.64442 0.01454 -0.02084 0.63539 -0.0268 
450.69 19.702 266.269 -0.04135 -0.63403 0.77342 32.18 1.0019 1.0021 0.99970 -0.77150 -0.00221 0.00861 -0.77756 1.00319 0.01357 -0.00827 -0.00014 -0.00370 -0.04459 -0.63936 0.01487 -0.02118 0.63053 -0.0382 
449.68 19.466 264.656 -0.05858 -0.62624 0.77861 30.25 1.0017 1.0019 0.99970 -0.77666 -0.00233 0.00877 -0.78253 1.00284 0.01396 -0.00877 -0.00024 -0.00349 -0.06174 -0.63176 0.01513 -0.02138 0.62231 -0.0556 
449.00 19.316 263.575 -0.06992 -0.62092 0.78181 30.17 1.0015 1.0017 0.99970 -0.77969 -0.00244 0.00882 -0.78567 1.00252 0.01384 -0.00895 -0.00030 -0.00322 -0.07325 -0.62621 0.01516 -0.02166 0.61701 -0.0667 
447.99 19.096 261.953 -0.08660 -0.61258 0.78640 29.91 1.0013 1.0015 0.99970 -0.78427 -0.00262 0.00915 -0.79017 1.00239 0.01408 -0.00916 -0.00067 -0.00307 -0.09035 -0.61788 0.01534 -0.02194 0.60855 -0.0830 
447.31 18.953 260.852 -0.09775 -0.60702 0.78960 29.49 1.0013 1.0015 0.99970 -0.78739 -0.00256 0.00924 -0.79332 1.00222 0.01413 -0.00943 -0.00078 -0.00297 -0.10173 -0.61219 0.01555 -0.02222 0.60301 -0.0940 
446.64 18.812 259.755 -0.10868 -0.60132 0.79280 28.26 1.0014 1.0015 0.99970 -0.79074 -0.00243 0.00946 -0.79624 1.00205 0.01425 -0.00998 -0.00090 -0.00292 -0.11273 -0.60663 0.01560 -0.02239 0.59707 -0.1048 
445.63 18.602 258.089 -0.12492 -0.59225 0.79733 25.52 1.0014 1.0016 0.99970 -0.79538 -0.00218 0.00952 -0.80068 1.00207 0.01448 -0.01023 -0.00147 -0.00290 -0.12880 -0.59769 0.01577 -0.02268 0.58784 -0.1213 
444.95 18.458 256.948 -0.13578 -0.58569 0.80027 23.46 1.0015 1.0016 0.99970 -0.79842 -0.00217 0.00971 -0.80370 1.00228 0.01461 -0.01048 -0.00178 -0.00259 -0.13964 -0.59126 0.01577 -0.02235 0.58128 -0.1322 
443.94 18.258 255.234 -0.15181 -0.57597 0.80449 20.51 1.0017 1.0019 1.00000 -0.80294 -0.00210 0.00990 -0.80802 1.00247 0.01488 -0.01094 -0.00190 -0.00251 -0.15585 -0.58176 0.01584 -0.02258 0.57160 -0.1481 
443.26 18.127 254.087 -0.16231 -0.56933 0.80730 19.35 1.0018 1.0019 1.00000 -0.80581 -0.00202 0.01018 -0.81070 1.00237 0.01510 -0.01147 -0.00217 -0.00242 -0.16647 -0.57503 0.01592 -0.02286 0.56498 -0.1585 
442.25 17.941 252.353 -0.17787 -0.55915 0.81112 18.45 1.0017 1.0018 1.00000 -0.80977 -0.00187 0.01072 -0.81428 1.00222 0.01550 -0.01253 -0.00276 -0.00244 -0.18192 -0.56468 0.01593 -0.02356 0.55486 -0.1742 
441.57 17.832 251.188 -0.18827 -0.55264 0.81357 18.57 1.0022 1.0023 1.00070 -0.81263 -0.00172 0.01104 -0.81691 1.00224 0.01579 -0.01324 -0.00310 -0.00265 -0.19239 -0.55831 0.01592 -0.02392 0.54859 -0.1847 
440.56 17.669 249.436 -0.20353 -0.54253 0.81722 18.74 1.0013 1.0014 1.00010 -0.81558 -0.00150 0.01122 -0.81943 1.00061 0.01659 -0.01380 -0.00357 -0.00297 -0.20714 -0.54761 0.01600 -0.02438 0.53784 -0.2001 
439.89 17.570 248.266 -0.21359 -0.53580 0.81947 18.53 1.0009 1.0011 1.00000 -0.81746 -0.00135 0.01127 -0.82122 0.99968 0.01696 -0.01418 -0.00378 -0.00321 -0.21703 -0.54052 0.01593 -0.02463 0.53091 -0.2101 
439.21 17.477 247.099 -0.22349 -0.52905 0.82163 18.15 1.0007 1.0009 1.00010 -0.81935 -0.00119 0.01129 -0.82305 0.99886 0.01733 -0.01454 -0.00397 -0.00349 -0.22679 -0.53348 0.01583 -0.02487 0.52407 -0.2200 
438.20 17.346 245.341 -0.23817 -0.51880 0.82469 16.94 1.0005 1.0007 1.00040 -0.82203 -0.00093 0.01126 -0.82570 0.99759 0.01792 -0.01505 -0.00422 -0.00398 -0.24126 -0.52280 0.01563 -0.02522 0.51375 -0.2346 
437.53 17.264 244.158 -0.24790 -0.51185 0.82665 16.00 0.9996 0.9998 0.99990 -0.82308 -0.00074 0.01119 -0.82676 0.99593 0.01831 -0.01537 -0.00437 -0.00435 -0.25065 -0.51516 0.01545 -0.02542 0.50640 -0.2441 
436.51 17.151 242.391 -0.26222 -0.50138 0.82938 14.45 0.9989 0.9991 0.99980 -0.82489 -0.00043 0.01104 -0.82864 0.99391 0.01891 -0.01581 -0.00455 -0.00499 -0.26457 -0.50393 0.01514 -0.02573 0.49566 -0.2582 
435.84 17.082 241.209 -0.27165 -0.49431 0.83109 13.72 0.9989 0.9991 1.00030 -0.82638 -0.00022 0.01090 -0.83022 0.99300 0.01934 -0.01609 -0.00465 -0.00547 -0.27386 -0.49661 0.01491 -0.02593 0.48869 -0.2676 
434.83 16.986 239.422 -0.28570 -0.48353 0.83350 12.85 0.9977 0.9980 1.00000 -0.82750 0.00013 0.01062 -0.83152 0.99042 0.01997 -0.01646 -0.00477 -0.00624 -0.28738 -0.48486 0.01449 -0.02620 0.47756 -0.2813 
434.15 16.929 238.231 -0.29494 -0.47627 0.83500 12.29 0.9972 0.9975 1.00010 -0.82831 0.00037 0.01040 -0.83248 0.98887 0.02041 -0.01670 -0.00483 -0.00682 -0.29630 -0.47707 0.01419 -0.02637 0.47022 -0.2903 
433.14 16.851 236.440 -0.30865 -0.46525 0.83708 11.37 0.9962 0.9964 1.00000 -0.82904 0.00076 0.01000 -0.83351 0.98612 0.02108 -0.01701 -0.00488 -0.00774 -0.30942 -0.46508 0.01367 -0.02660 0.45897 -0.3036 
432.47 16.806 235.245 -0.31766 -0.45782 0.83836 10.58 0.9956 0.9959 1.00020 -0.82957 0.00103 0.00970 -0.83426 0.98444 0.02153 -0.01721 -0.00489 -0.00842 -0.31808 -0.45709 0.01329 -0.02676 0.45152 -0.3124 
431.45 16.745 233.449 -0.33104 -0.44653 0.84010 9.42 0.9944 0.9946 1.00010 -0.82976 0.00145 0.00918 -0.83485 0.98133 0.02223 -0.01746 -0.00487 -0.00949 -0.33075 -0.44475 0.01267 -0.02696 0.44003 -0.3252 
430.78 16.728 232.841 -0.33552 -0.44269 0.84065 8.51 0.9936 0.9938 0.99970 -0.82946 0.00160 0.00899 -0.83469 0.97988 0.02246 -0.01753 -0.00485 -0.00986 -0.33485 -0.44037 0.01244 -0.02701 0.43597 -0.3293 

# MINIMA:
430.78 9.166 0.024 -0.33552 -0.69897 0.24126 6.47 0.9936 0.9938 0.99970 -0.95169 -0.01040 -0.00312 -0.95174 0.97988 0.00271 -0.01753 -0.00489 -0.01747 -0.33485 -0.70599 -0.00277 -0.02701 -0.70129 -0.3293 

# MAXIMA:
849.54 37.982 358.893 0.96454 0.69511 0.94816 52.07 1.0051 1.0051 1.00070 -0.23915 0.00160 0.01129 -0.24472 1.01359 0.02246 0.00414 0.00547 0.00220 0.97040 0.69798 0.01600 0.00264 0.69430 0.9646 

# PEAKS:

# END SPECTRUM

