## SPECTRUM TYPE:
LCE

## DATE:
25-Jan-08

## COMMENTS:

## NUMBER OF SPECTRUM:
1

## ELLIPSOMETRIC CONFIGURATION:
0.00 ø :Modulator
+45.00 øAnalyser

## UNIT:
nm


# SPECTRUM:
1

# START TIME:
10:59:12

# END TIME:
10:59:12

# THETA ANGLE:
0.00 ø

# INCIDENCE ANGLE:
70.00 ø

# ACCUMULATION NUMBER:
28

# ELLIPSOMETRIC CONFIGURATION:
0.00 ø :Modulator
+45.00 øAnalyser

# INTEGRATION TIME:
61 ms

# FIRST POINT:
849.54 nm

# LAST POINT:
430.78 nm

# INCREMENT:
0.00 nm

# NUMBER OF POINTS:
500

# DATA:
nm Psi Delta Ic Is IcPrim IntensityMax Polarization PolarizationGen Mueller11 Mueller12 Mueller13 Mueller14 Mueller21 Mueller22 Mueller23 Mueller24 Mueller31 Mueller32 Mueller33 Mueller34 Mueller41 Mueller42 Mueller43 Mueller44 
849.54 9.047 173.172 -0.30867 0.03696 0.95143 8.66 0.9978 0.9978 1.00010 -0.94571 -0.00469 -0.00163 -0.95214 0.99464 0.00046 0.00269 0.00497 -0.00346 -0.30539 0.03382 0.00137 -0.00081 -0.03990 -0.3103 
848.50 9.029 173.179 -0.30802 0.03684 0.95150 8.82 0.9986 0.9986 1.00020 -0.94707 -0.00532 -0.00120 -0.95248 0.99617 0.00195 0.00204 0.00465 -0.00353 -0.30503 0.03412 0.00157 -0.00130 -0.03943 -0.3099 
847.81 9.017 173.184 -0.30760 0.03676 0.95155 8.95 0.9988 0.9988 1.00000 -0.94766 -0.00570 -0.00095 -0.95246 0.99686 0.00286 0.00164 0.00445 -0.00355 -0.30471 0.03429 0.00169 -0.00160 -0.03913 -0.3095 
846.77 8.999 173.193 -0.30698 0.03664 0.95162 9.25 0.9994 0.9994 1.00010 -0.94881 -0.00623 -0.00062 -0.95280 0.99818 0.00411 0.00110 0.00416 -0.00356 -0.30431 0.03452 0.00184 -0.00200 -0.03870 -0.3091 
846.07 8.988 173.199 -0.30658 0.03656 0.95166 9.37 0.9997 0.9997 1.00000 -0.94934 -0.00655 -0.00042 -0.95287 0.99882 0.00486 0.00078 0.00398 -0.00354 -0.30399 0.03466 0.00192 -0.00224 -0.03843 -0.3088 
845.03 8.971 173.209 -0.30600 0.03644 0.95172 9.60 1.0004 1.0004 1.00030 -0.95045 -0.00698 -0.00018 -0.95340 1.00013 0.00587 0.00035 0.00372 -0.00347 -0.30362 0.03484 0.00202 -0.00254 -0.03805 -0.3085 
844.34 8.960 173.216 -0.30562 0.03636 0.95176 9.79 1.0002 1.0002 0.99980 -0.95045 -0.00724 -0.00005 -0.95310 1.00023 0.00646 0.00011 0.00356 -0.00341 -0.30315 0.03492 0.00206 -0.00272 -0.03779 -0.3081 
843.30 8.944 173.228 -0.30507 0.03623 0.95181 10.00 1.0006 1.0006 0.99990 -0.95114 -0.00758 0.00010 -0.95345 1.00111 0.00724 -0.00020 0.00334 -0.00328 -0.30268 0.03504 0.00212 -0.00293 -0.03746 -0.3078 
842.61 8.934 173.236 -0.30472 0.03614 0.95185 10.19 1.0013 1.0013 1.00040 -0.95194 -0.00777 0.00016 -0.95409 1.00206 0.00767 -0.00037 0.00320 -0.00317 -0.30248 0.03511 0.00213 -0.00304 -0.03726 -0.3077 
841.56 8.919 173.249 -0.30420 0.03601 0.95189 10.40 1.0012 1.0012 1.00010 -0.95203 -0.00801 0.00022 -0.95406 1.00233 0.00820 -0.00057 0.00301 -0.00298 -0.30185 0.03515 0.00213 -0.00317 -0.03696 -0.3073 
840.87 8.910 173.258 -0.30386 0.03592 0.95192 10.56 1.0012 1.0012 1.00000 -0.95211 -0.00815 0.00022 -0.95414 1.00254 0.00848 -0.00066 0.00289 -0.00283 -0.30144 0.03516 0.00211 -0.00322 -0.03677 -0.3071 
840.18 8.897 173.272 -0.30342 0.03579 0.95188 10.74 1.0014 1.0014 1.00050 -0.95218 -0.00858 -0.00069 -0.95453 1.00260 0.00897 0.00018 0.00239 -0.00213 -0.30082 0.03510 0.00161 -0.00267 -0.03660 -0.3070 
839.14 8.883 173.294 -0.30290 0.03562 0.95187 11.08 1.0005 1.0006 0.99970 -0.95140 -0.00870 0.00023 -0.95380 1.00183 0.00917 -0.00112 0.00240 -0.00178 -0.29994 0.03501 0.00145 -0.00258 -0.03628 -0.3063 
838.44 8.874 173.347 -0.30266 0.03530 0.95198 11.14 1.0012 1.0012 0.99990 -0.95180 -0.00869 0.00076 -0.95482 1.00290 0.00890 -0.00156 0.00247 -0.00157 -0.29964 0.03471 0.00179 -0.00305 -0.03600 -0.3065 
837.40 8.855 173.338 -0.30200 0.03527 0.95212 11.57 1.0013 1.0013 0.99990 -0.95177 -0.00869 0.00043 -0.95547 1.00324 0.00867 -0.00125 0.00326 -0.00228 -0.29891 0.03477 0.00195 -0.00325 -0.03588 -0.3060 
836.71 8.859 173.331 -0.30214 0.03533 0.95216 11.69 1.0013 1.0014 1.00000 -0.95168 -0.00780 0.00023 -0.95557 1.00309 0.00755 -0.00101 0.00317 -0.00210 -0.29902 0.03464 0.00253 -0.00390 -0.03612 -0.3062 
835.67 8.847 173.334 -0.30172 0.03526 0.95220 12.06 1.0009 1.0009 0.99970 -0.95099 -0.00769 0.00008 -0.95566 1.00266 0.00714 -0.00084 0.00323 -0.00202 -0.29831 0.03444 0.00261 -0.00404 -0.03616 -0.3058 
834.98 8.835 173.306 -0.30127 0.03536 0.95221 12.22 1.0009 1.0009 0.99970 -0.95085 -0.00718 -0.00041 -0.95594 1.00279 0.00649 -0.00025 0.00276 -0.00145 -0.29780 0.03448 0.00221 -0.00358 -0.03633 -0.3055 
833.94 8.823 173.327 -0.30085 0.03520 0.95227 12.60 1.0009 1.0010 0.99970 -0.95071 -0.00634 -0.00112 -0.95628 1.00288 0.00533 0.00067 0.00279 -0.00118 -0.29729 0.03419 0.00237 -0.00367 -0.03630 -0.3052 
833.24 8.817 173.327 -0.30063 0.03517 0.95227 12.83 1.0010 1.0010 0.99970 -0.95042 -0.00604 -0.00139 -0.95670 1.00301 0.00498 0.00093 0.00315 -0.00148 -0.29698 0.03418 0.00283 -0.00416 -0.03626 -0.3051 
832.55 8.818 173.332 -0.30068 0.03515 0.95222 12.96 1.0010 1.0010 0.99970 -0.95003 -0.00559 -0.00179 -0.95710 1.00313 0.00442 0.00133 0.00265 -0.00078 -0.29698 0.03413 0.00266 -0.00385 -0.03626 -0.3052 
831.51 8.822 173.365 -0.30083 0.03500 0.95219 13.21 1.0010 1.0010 0.99970 -0.95000 -0.00547 -0.00173 -0.95706 1.00312 0.00412 0.00134 0.00242 -0.00031 -0.29700 0.03397 0.00254 -0.00358 -0.03612 -0.3055 
830.82 8.821 173.356 -0.30080 0.03504 0.95219 13.36 1.0010 1.0010 0.99970 -0.94984 -0.00527 -0.00184 -0.95723 1.00312 0.00369 0.00147 0.00252 -0.00045 -0.29698 0.03407 0.00272 -0.00364 -0.03611 -0.3055 
829.78 8.821 173.324 -0.30078 0.03521 0.95220 13.65 1.0008 1.0008 0.99970 -0.94897 -0.00448 -0.00196 -0.95772 1.00270 0.00272 0.00164 0.00213 -0.00005 -0.29695 0.03456 0.00195 -0.00294 -0.03594 -0.3053 
829.08 8.823 173.301 -0.30083 0.03534 0.95224 13.93 1.0006 1.0006 0.99970 -0.94821 -0.00407 -0.00235 -0.95813 1.00226 0.00234 0.00211 0.00242 -0.00039 -0.29701 0.03477 0.00188 -0.00302 -0.03598 -0.3052 
828.04 8.825 173.288 -0.30090 0.03541 0.95218 14.37 1.0008 1.0008 0.99970 -0.94810 -0.00352 -0.00257 -0.95858 1.00274 0.00178 0.00243 0.00237 -0.00020 -0.29709 0.03481 0.00157 -0.00272 -0.03610 -0.3054 
827.35 8.819 173.277 -0.30065 0.03544 0.95213 14.63 1.0012 1.0013 0.99970 -0.94858 -0.00314 -0.00266 -0.95889 1.00367 0.00133 0.00259 0.00236 -0.00011 -0.29689 0.03474 0.00168 -0.00273 -0.03626 -0.3054 
826.31 8.818 173.266 -0.30060 0.03549 0.95208 14.99 1.0016 1.0016 0.99970 -0.94867 -0.00237 -0.00291 -0.95939 1.00439 0.00026 0.00304 0.00227 -0.00014 -0.29699 0.03462 0.00207 -0.00310 -0.03652 -0.3054 
825.62 8.822 173.229 -0.30068 0.03570 0.95202 15.12 1.0014 1.0014 0.99970 -0.94850 -0.00192 -0.00306 -0.95905 1.00397 -0.00040 0.00334 0.00237 -0.00020 -0.29714 0.03469 0.00192 -0.00298 -0.03684 -0.3053 
824.58 8.811 173.192 -0.30027 0.03585 0.95201 15.47 1.0014 1.0014 0.99970 -0.94834 -0.00116 -0.00378 -0.95936 1.00416 -0.00120 0.00426 0.00229 -0.00018 -0.29678 0.03475 0.00190 -0.00277 -0.03709 -0.3049 
823.89 8.814 173.171 -0.30037 0.03597 0.95200 15.66 1.0012 1.0012 0.99970 -0.94809 -0.00109 -0.00401 -0.95924 1.00380 -0.00123 0.00447 0.00242 -0.00043 -0.29690 0.03489 0.00161 -0.00232 -0.03718 -0.3049 
823.19 8.817 173.155 -0.30044 0.03606 0.95193 15.87 1.0009 1.0009 0.99970 -0.94801 -0.00164 -0.00424 -0.95865 1.00324 -0.00056 0.00471 0.00226 -0.00043 -0.29695 0.03503 0.00121 -0.00183 -0.03721 -0.3048 
822.15 8.824 173.097 -0.30063 0.03640 0.95185 16.27 1.0004 1.0004 0.99970 -0.94795 -0.00241 -0.00422 -0.95755 1.00219 0.00050 0.00460 0.00219 -0.00051 -0.29724 0.03537 0.00078 -0.00129 -0.03749 -0.3046 
821.46 8.831 173.082 -0.30085 0.03650 0.95181 16.40 1.0005 1.0005 0.99970 -0.94844 -0.00242 -0.00431 -0.95723 1.00245 0.00061 0.00477 0.00222 -0.00059 -0.29762 0.03553 0.00044 -0.00093 -0.03755 -0.3047 
820.42 8.850 173.039 -0.30147 0.03681 0.95168 16.77 1.0004 1.0004 0.99970 -0.94864 -0.00272 -0.00392 -0.95640 1.00206 0.00111 0.00441 0.00200 -0.00063 -0.29851 0.03585 0.00020 -0.00065 -0.03783 -0.3050 
819.73 8.851 173.025 -0.30151 0.03689 0.95164 16.96 1.0005 1.0005 0.99970 -0.94906 -0.00256 -0.00374 -0.95617 1.00234 0.00116 0.00419 0.00152 -0.00003 -0.29859 0.03610 -0.00002 -0.00035 -0.03775 -0.3050 
818.69 8.853 173.048 -0.30157 0.03677 0.95154 17.10 1.0004 1.0005 0.99970 -0.94935 -0.00250 -0.00341 -0.95565 1.00233 0.00130 0.00365 0.00138 0.00030 -0.29851 0.03626 -0.00082 0.00062 -0.03736 -0.3052 
818.00 8.860 173.042 -0.30176 0.03683 0.95143 17.25 1.0004 1.0004 0.99970 -0.94966 -0.00255 -0.00320 -0.95513 1.00232 0.00158 0.00343 0.00124 0.00046 -0.29876 0.03633 -0.00169 0.00151 -0.03739 -0.3054 
816.96 8.871 173.022 -0.30213 0.03698 0.95135 17.46 1.0000 1.0000 0.99970 -0.94937 -0.00286 -0.00341 -0.95447 1.00151 0.00196 0.00370 0.00133 0.00049 -0.29911 0.03652 -0.00242 0.00229 -0.03748 -0.3055 
816.27 8.877 173.028 -0.30234 0.03697 0.95131 17.71 1.0000 1.0001 0.99970 -0.94933 -0.00281 -0.00334 -0.95443 1.00150 0.00208 0.00355 0.00125 0.00050 -0.29930 0.03649 -0.00247 0.00229 -0.03750 -0.3057 
815.23 8.892 173.017 -0.30287 0.03710 0.95127 17.85 1.0001 1.0001 0.99970 -0.94953 -0.00356 -0.00227 -0.95415 1.00150 0.00302 0.00235 0.00149 0.00028 -0.29999 0.03666 -0.00255 0.00227 -0.03757 -0.3061 
814.54 8.898 173.024 -0.30308 0.03708 0.95127 17.94 1.0002 1.0002 0.99970 -0.94981 -0.00358 -0.00173 -0.95401 1.00165 0.00306 0.00177 0.00196 -0.00022 -0.30026 0.03665 -0.00260 0.00226 -0.03757 -0.3063 
813.84 8.910 173.036 -0.30352 0.03707 0.95120 17.92 1.0002 1.0002 0.99970 -0.94990 -0.00376 -0.00153 -0.95359 1.00146 0.00322 0.00163 0.00233 -0.00058 -0.30073 0.03657 -0.00254 0.00214 -0.03762 -0.3067 
812.81 8.925 173.037 -0.30405 0.03713 0.95118 18.07 1.0003 1.0003 0.99970 -0.95009 -0.00419 -0.00127 -0.95351 1.00162 0.00356 0.00140 0.00265 -0.00069 -0.30137 0.03665 -0.00255 0.00211 -0.03766 -0.3071 
812.11 8.933 173.010 -0.30430 0.03731 0.95112 18.08 1.0003 1.0004 0.99970 -0.95004 -0.00460 -0.00106 -0.95351 1.00168 0.00398 0.00115 0.00311 -0.00127 -0.30185 0.03683 -0.00247 0.00187 -0.03784 -0.3072 
811.07 8.946 172.953 -0.30469 0.03766 0.95103 18.16 1.0000 1.0000 0.99970 -0.94965 -0.00546 -0.00102 -0.95295 1.00086 0.00498 0.00099 0.00395 -0.00218 -0.30244 0.03721 -0.00227 0.00164 -0.03814 -0.3071 
810.38 8.957 172.939 -0.30507 0.03779 0.95096 18.33 0.9997 0.9997 0.99970 -0.94921 -0.00561 -0.00105 -0.95272 1.00032 0.00504 0.00101 0.00416 -0.00237 -0.30281 0.03727 -0.00219 0.00153 -0.03831 -0.3073 
809.34 8.973 172.913 -0.30561 0.03800 0.95084 18.27 0.9995 0.9995 0.99970 -0.94888 -0.00558 -0.00100 -0.95229 0.99976 0.00490 0.00099 0.00378 -0.00202 -0.30345 0.03743 -0.00249 0.00188 -0.03854 -0.3076 
808.65 8.975 172.888 -0.30564 0.03813 0.95079 18.34 0.9995 0.9995 0.99970 -0.94871 -0.00580 -0.00095 -0.95239 0.99979 0.00503 0.00104 0.00360 -0.00189 -0.30362 0.03756 -0.00272 0.00207 -0.03869 -0.3075 
807.61 8.985 172.909 -0.30599 0.03807 0.95067 18.32 0.9993 0.9993 0.99970 -0.94829 -0.00600 -0.00140 -0.95219 0.99939 0.00527 0.00136 0.00350 -0.00183 -0.30384 0.03758 -0.00277 0.00225 -0.03852 -0.3079 
806.92 8.993 172.923 -0.30625 0.03802 0.95060 18.44 0.9991 0.9991 0.99970 -0.94797 -0.00561 -0.00172 -0.95200 0.99901 0.00487 0.00171 0.00325 -0.00168 -0.30395 0.03754 -0.00266 0.00218 -0.03845 -0.3082 
805.88 9.001 172.947 -0.30656 0.03793 0.95058 18.34 0.9993 0.9993 0.99970 -0.94785 -0.00509 -0.00222 -0.95235 0.99930 0.00420 0.00212 0.00295 -0.00136 -0.30421 0.03750 -0.00216 0.00169 -0.03832 -0.3086 
805.19 9.002 172.951 -0.30659 0.03791 0.95054 18.30 0.9990 0.9990 0.99970 -0.94742 -0.00470 -0.00263 -0.95222 0.99878 0.00382 0.00251 0.00292 -0.00128 -0.30414 0.03746 -0.00211 0.00164 -0.03830 -0.3086 
804.50 8.998 172.966 -0.30646 0.03781 0.95052 18.19 0.9993 0.9993 0.99970 -0.94762 -0.00460 -0.00295 -0.95258 0.99941 0.00359 0.00292 0.00273 -0.00097 -0.30401 0.03732 -0.00205 0.00164 -0.03827 -0.3086 
803.46 8.998 172.961 -0.30645 0.03784 0.95050 18.05 0.9997 0.9997 0.99970 -0.94775 -0.00482 -0.00286 -0.95330 1.00034 0.00371 0.00282 0.00263 -0.00079 -0.30410 0.03731 -0.00184 0.00149 -0.03837 -0.3088 
802.77 9.000 172.947 -0.30650 0.03792 0.95048 18.01 0.9998 0.9998 0.99970 -0.94768 -0.00477 -0.00315 -0.95342 1.00046 0.00358 0.00313 0.00219 -0.00033 -0.30419 0.03747 -0.00168 0.00146 -0.03837 -0.3089 
801.73 9.009 172.912 -0.30675 0.03814 0.95038 17.91 0.9998 0.9998 0.99970 -0.94762 -0.00543 -0.00341 -0.95333 1.00051 0.00426 0.00340 0.00222 -0.00051 -0.30462 0.03763 -0.00145 0.00116 -0.03866 -0.3089 
801.04 9.010 172.933 -0.30680 0.03803 0.95034 17.95 1.0001 1.0001 0.99970 -0.94806 -0.00558 -0.00334 -0.95349 1.00121 0.00438 0.00339 0.00209 -0.00031 -0.30473 0.03744 -0.00120 0.00101 -0.03866 -0.3092 
800.00 9.006 172.942 -0.30664 0.03797 0.95023 17.95 1.0008 1.0008 0.99970 -0.94902 -0.00534 -0.00329 -0.95364 1.00261 0.00403 0.00339 0.00192 0.00010 -0.30465 0.03729 -0.00076 0.00078 -0.03873 -0.3093 
799.31 9.000 172.943 -0.30640 0.03793 0.95017 17.87 1.0006 1.0007 0.99970 -0.94879 -0.00542 -0.00355 -0.95365 1.00251 0.00399 0.00374 0.00212 -0.00025 -0.30431 0.03721 -0.00050 0.00059 -0.03873 -0.3092 
798.27 8.999 172.905 -0.30629 0.03812 0.95004 17.83 1.0004 1.0004 0.99970 -0.94860 -0.00562 -0.00388 -0.95333 1.00223 0.00416 0.00407 0.00249 -0.00099 -0.30422 0.03733 -0.00053 0.00058 -0.03899 -0.3089 
797.58 8.998 172.892 -0.30621 0.03818 0.94999 17.69 1.0003 1.0003 0.99970 -0.94866 -0.00568 -0.00397 -0.95298 1.00204 0.00437 0.00421 0.00248 -0.00102 -0.30409 0.03748 -0.00068 0.00077 -0.03895 -0.3089 
796.89 9.004 172.892 -0.30642 0.03821 0.94990 17.52 1.0002 1.0002 0.99970 -0.94859 -0.00561 -0.00430 -0.95272 1.00190 0.00438 0.00450 0.00264 -0.00135 -0.30431 0.03755 -0.00062 0.00073 -0.03894 -0.3090 
795.85 9.015 172.889 -0.30677 0.03827 0.94976 17.38 0.9999 1.0000 0.99970 -0.94884 -0.00544 -0.00459 -0.95170 1.00138 0.00419 0.00460 0.00270 -0.00147 -0.30456 0.03767 -0.00058 0.00066 -0.03891 -0.3093 
795.16 9.017 172.883 -0.30682 0.03831 0.94970 17.29 1.0002 1.0003 0.99970 -0.94949 -0.00525 -0.00475 -0.95153 1.00202 0.00405 0.00475 0.00237 -0.00104 -0.30467 0.03775 -0.00053 0.00055 -0.03894 -0.3095 
794.12 9.018 172.859 -0.30680 0.03844 0.94959 17.30 1.0009 1.0010 0.99970 -0.95051 -0.00490 -0.00467 -0.95172 1.00352 0.00380 0.00469 0.00234 -0.00113 -0.30479 0.03793 -0.00021 0.00013 -0.03907 -0.3098 
793.43 9.027 172.875 -0.30711 0.03839 0.94948 17.22 1.0011 1.0011 0.99970 -0.95031 -0.00425 -0.00460 -0.95206 1.00390 0.00320 0.00471 0.00254 -0.00135 -0.30498 0.03784 0.00027 -0.00038 -0.03908 -0.3103 
792.40 9.033 172.888 -0.30733 0.03835 0.94941 16.96 1.0013 1.0013 0.99970 -0.95033 -0.00389 -0.00420 -0.95216 1.00417 0.00306 0.00437 0.00265 -0.00154 -0.30511 0.03782 -0.00010 0.00002 -0.03902 -0.3107 
791.70 9.036 172.894 -0.30741 0.03832 0.94940 16.84 1.0013 1.0014 0.99970 -0.95024 -0.00352 -0.00417 -0.95238 1.00433 0.00265 0.00434 0.00294 -0.00176 -0.30514 0.03775 -0.00005 -0.00002 -0.03904 -0.3109 
790.67 9.049 172.887 -0.30785 0.03842 0.94932 16.57 1.0015 1.0015 0.99970 -0.95010 -0.00350 -0.00382 -0.95266 1.00463 0.00260 0.00399 0.00342 -0.00221 -0.30566 0.03792 0.00003 -0.00015 -0.03908 -0.3114 
789.98 9.060 172.879 -0.30822 0.03851 0.94926 16.44 1.0016 1.0017 0.99970 -0.94989 -0.00370 -0.00360 -0.95290 1.00480 0.00289 0.00378 0.00353 -0.00249 -0.30609 0.03799 0.00047 -0.00076 -0.03920 -0.3117 
788.94 9.069 172.876 -0.30855 0.03857 0.94922 16.23 1.0019 1.0019 0.99970 -0.95004 -0.00386 -0.00308 -0.95316 1.00532 0.00294 0.00335 0.00377 -0.00272 -0.30655 0.03809 0.00088 -0.00129 -0.03923 -0.3121 
788.25 9.077 172.875 -0.30882 0.03860 0.94915 16.14 1.0020 1.0020 0.99970 -0.95009 -0.00377 -0.00301 -0.95310 1.00545 0.00296 0.00331 0.00370 -0.00270 -0.30682 0.03806 0.00075 -0.00124 -0.03935 -0.3124 
787.56 9.087 172.860 -0.30915 0.03873 0.94911 16.11 1.0020 1.0020 0.99970 -0.95015 -0.00407 -0.00251 -0.95279 1.00528 0.00338 0.00276 0.00385 -0.00280 -0.30720 0.03822 0.00062 -0.00121 -0.03942 -0.3126 
786.52 9.108 172.860 -0.30986 0.03881 0.94894 15.86 1.0019 1.0019 0.99970 -0.94979 -0.00425 -0.00232 -0.95263 1.00508 0.00377 0.00251 0.00414 -0.00319 -0.30800 0.03827 0.00043 -0.00108 -0.03954 -0.3132 
785.83 9.119 172.850 -0.31021 0.03891 0.94880 15.69 1.0019 1.0019 0.99970 -0.94983 -0.00440 -0.00230 -0.95232 1.00510 0.00401 0.00242 0.00411 -0.00307 -0.30846 0.03836 0.00038 -0.00108 -0.03965 -0.3134 
784.79 9.123 172.839 -0.31032 0.03899 0.94873 15.49 1.0019 1.0019 0.99970 -0.94959 -0.00485 -0.00227 -0.95244 1.00511 0.00448 0.00235 0.00398 -0.00292 -0.30857 0.03851 0.00041 -0.00119 -0.03965 -0.3136 
784.10 9.128 172.839 -0.31050 0.03901 0.94868 15.43 1.0019 1.0019 0.99970 -0.94955 -0.00539 -0.00202 -0.95244 1.00518 0.00506 0.00207 0.00439 -0.00333 -0.30875 0.03856 0.00044 -0.00130 -0.03966 -0.3138 
783.06 9.133 172.845 -0.31068 0.03900 0.94869 15.34 1.0020 1.0020 0.99970 -0.94935 -0.00540 -0.00209 -0.95280 1.00533 0.00501 0.00220 0.00408 -0.00277 -0.30886 0.03863 0.00005 -0.00073 -0.03956 -0.3141 
782.37 9.137 172.836 -0.31082 0.03907 0.94861 15.24 1.0023 1.0023 0.99970 -0.94951 -0.00541 -0.00225 -0.95294 1.00580 0.00503 0.00237 0.00348 -0.00217 -0.30905 0.03862 -0.00018 -0.00046 -0.03972 -0.3143 
781.34 9.144 172.828 -0.31104 0.03914 0.94861 15.28 1.0025 1.0025 0.99970 -0.94969 -0.00565 -0.00199 -0.95322 1.00630 0.00547 0.00192 0.00322 -0.00194 -0.30934 0.03874 0.00004 -0.00069 -0.03977 -0.3146 
780.65 9.147 172.864 -0.31118 0.03896 0.94858 15.25 1.0027 1.0027 0.99970 -0.95011 -0.00539 -0.00214 -0.95310 1.00667 0.00518 0.00201 0.00329 -0.00188 -0.30934 0.03854 0.00022 -0.00086 -0.03963 -0.3150 
779.61 9.154 172.899 -0.31144 0.03880 0.94855 15.14 1.0027 1.0027 0.99970 -0.95011 -0.00548 -0.00226 -0.95297 1.00659 0.00520 0.00213 0.00313 -0.00153 -0.30941 0.03834 0.00059 -0.00103 -0.03951 -0.3154 
778.92 9.152 172.881 -0.31136 0.03889 0.94857 14.91 1.0028 1.0028 0.99970 -0.95014 -0.00531 -0.00230 -0.95309 1.00672 0.00485 0.00229 0.00326 -0.00157 -0.30932 0.03842 0.00070 -0.00110 -0.03961 -0.3154 
778.23 9.150 172.866 -0.31130 0.03896 0.94860 14.81 1.0031 1.0031 0.99970 -0.95034 -0.00562 -0.00219 -0.95351 1.00731 0.00509 0.00209 0.00316 -0.00136 -0.30938 0.03857 0.00068 -0.00110 -0.03964 -0.3154 
777.19 9.153 172.862 -0.31140 0.03900 0.94861 14.67 1.0030 1.0030 0.99970 -0.95032 -0.00566 -0.00209 -0.95342 1.00718 0.00507 0.00207 0.00319 -0.00107 -0.30941 0.03868 0.00065 -0.00105 -0.03958 -0.3155 
776.50 9.153 172.850 -0.31137 0.03906 0.94857 14.64 1.0033 1.0033 0.99970 -0.95078 -0.00588 -0.00192 -0.95338 1.00770 0.00521 0.00190 0.00329 -0.00107 -0.30942 0.03873 0.00062 -0.00094 -0.03967 -0.3156 
775.47 9.165 172.816 -0.31179 0.03930 0.94855 14.57 1.0029 1.0029 0.99970 -0.95058 -0.00614 -0.00191 -0.95268 1.00680 0.00550 0.00185 0.00295 -0.00071 -0.30986 0.03900 0.00051 -0.00081 -0.03985 -0.3157 
774.78 9.168 172.804 -0.31187 0.03938 0.94847 14.57 1.0028 1.0028 0.99970 -0.95050 -0.00586 -0.00208 -0.95243 1.00661 0.00517 0.00197 0.00290 -0.00058 -0.30999 0.03911 0.00051 -0.00077 -0.03989 -0.3157 
773.74 9.172 172.786 -0.31198 0.03949 0.94843 14.60 1.0027 1.0027 0.99970 -0.95076 -0.00560 -0.00200 -0.95192 1.00645 0.00493 0.00193 0.00329 -0.00081 -0.31019 0.03913 0.00050 -0.00090 -0.04009 -0.3157 
773.05 9.175 172.793 -0.31207 0.03947 0.94839 14.69 1.0026 1.0026 0.99970 -0.95080 -0.00532 -0.00186 -0.95173 1.00636 0.00465 0.00197 0.00305 -0.00038 -0.31022 0.03901 0.00010 -0.00044 -0.04016 -0.3158 
772.01 9.174 172.796 -0.31203 0.03944 0.94838 14.58 1.0026 1.0026 0.99970 -0.95090 -0.00525 -0.00208 -0.95164 1.00640 0.00448 0.00232 0.00318 -0.00053 -0.31013 0.03898 -0.00003 -0.00033 -0.04014 -0.3158 
771.32 9.183 172.780 -0.31233 0.03957 0.94833 14.64 1.0024 1.0024 0.99970 -0.95079 -0.00537 -0.00231 -0.95119 1.00591 0.00464 0.00265 0.00323 -0.00068 -0.31049 0.03908 -0.00019 -0.00015 -0.04028 -0.3159 
770.63 9.190 172.759 -0.31259 0.03972 0.94831 14.62 1.0025 1.0025 0.99970 -0.95101 -0.00539 -0.00244 -0.95104 1.00602 0.00462 0.00279 0.00307 -0.00054 -0.31087 0.03924 -0.00044 0.00011 -0.04042 -0.3161 
769.60 9.200 172.735 -0.31291 0.03989 0.94823 14.59 1.0025 1.0025 0.99970 -0.95089 -0.00508 -0.00252 -0.95095 1.00598 0.00430 0.00287 0.00272 -0.00016 -0.31131 0.03943 -0.00037 0.00001 -0.04057 -0.3163 
768.91 9.206 172.728 -0.31311 0.03996 0.94817 14.72 1.0026 1.0026 0.99970 -0.95065 -0.00470 -0.00283 -0.95118 1.00609 0.00377 0.00316 0.00288 -0.00033 -0.31153 0.03952 0.00001 -0.00039 -0.04062 -0.3165 
767.87 9.206 172.707 -0.31306 0.04007 0.94813 14.74 1.0027 1.0027 0.99970 -0.95070 -0.00407 -0.00278 -0.95143 1.00649 0.00310 0.00315 0.00308 -0.00050 -0.31153 0.03970 0.00054 -0.00092 -0.04069 -0.3165 
767.18 9.209 172.678 -0.31314 0.04024 0.94809 14.75 1.0031 1.0031 0.99970 -0.95098 -0.00406 -0.00243 -0.95177 1.00724 0.00316 0.00280 0.00300 -0.00040 -0.31177 0.03989 0.00071 -0.00110 -0.04086 -0.3167 
766.15 9.227 172.658 -0.31372 0.04042 0.94793 14.65 1.0028 1.0029 0.99970 -0.95030 -0.00420 -0.00252 -0.95160 1.00667 0.00326 0.00280 0.00315 -0.00058 -0.31241 0.04016 0.00057 -0.00090 -0.04095 -0.3170 
765.46 9.241 172.647 -0.31422 0.04055 0.94784 14.70 1.0027 1.0028 0.99970 -0.94973 -0.00414 -0.00254 -0.95173 1.00639 0.00300 0.00294 0.00323 -0.00060 -0.31298 0.04023 0.00066 -0.00099 -0.04111 -0.3174 
764.42 9.249 172.610 -0.31445 0.04078 0.94781 14.76 1.0029 1.0029 0.99970 -0.94960 -0.00437 -0.00247 -0.95198 1.00658 0.00298 0.00289 0.00342 -0.00083 -0.31341 0.04049 0.00062 -0.00097 -0.04134 -0.3175 
763.73 9.255 172.584 -0.31464 0.04096 0.94773 14.86 1.0029 1.0029 0.99970 -0.94931 -0.00485 -0.00229 -0.95208 1.00656 0.00339 0.00257 0.00376 -0.00113 -0.31373 0.04072 0.00096 -0.00133 -0.04145 -0.3175 
762.70 9.265 172.575 -0.31497 0.04104 0.94762 15.04 1.0029 1.0029 0.99970 -0.94906 -0.00535 -0.00209 -0.95223 1.00668 0.00387 0.00231 0.00366 -0.00106 -0.31414 0.04095 0.00107 -0.00149 -0.04140 -0.3178 
762.01 9.272 172.574 -0.31517 0.04108 0.94754 15.06 1.0029 1.0029 0.99970 -0.94908 -0.00553 -0.00205 -0.95206 1.00670 0.00406 0.00236 0.00345 -0.00100 -0.31440 0.04103 0.00070 -0.00109 -0.04138 -0.3180 
761.32 9.280 172.586 -0.31548 0.04105 0.94748 15.21 1.0028 1.0028 0.99970 -0.94900 -0.00565 -0.00190 -0.95168 1.00634 0.00420 0.00232 0.00331 -0.00098 -0.31466 0.04104 0.00043 -0.00084 -0.04132 -0.3182 
760.28 9.296 172.585 -0.31601 0.04113 0.94737 15.22 1.0027 1.0028 0.99970 -0.94878 -0.00540 -0.00198 -0.95160 1.00625 0.00405 0.00229 0.00327 -0.00112 -0.31514 0.04095 0.00048 -0.00106 -0.04155 -0.3188 
759.59 9.305 172.590 -0.31632 0.04114 0.94730 15.30 1.0028 1.0028 0.99970 -0.94887 -0.00586 -0.00149 -0.95139 1.00628 0.00455 0.00178 0.00324 -0.00119 -0.31544 0.04103 0.00040 -0.00095 -0.04150 -0.3191 
758.56 9.322 172.599 -0.31689 0.04116 0.94716 15.56 1.0028 1.0029 0.99970 -0.94860 -0.00613 -0.00149 -0.95146 1.00636 0.00486 0.00177 0.00309 -0.00115 -0.31615 0.04102 0.00060 -0.00115 -0.04156 -0.3196 
757.87 9.326 172.599 -0.31705 0.04119 0.94711 15.70 1.0027 1.0027 0.99970 -0.94838 -0.00628 -0.00140 -0.95121 1.00598 0.00502 0.00169 0.00305 -0.00108 -0.31626 0.04103 0.00059 -0.00113 -0.04157 -0.3196 
756.83 9.337 172.608 -0.31742 0.04118 0.94707 15.98 1.0026 1.0026 0.99970 -0.94807 -0.00655 -0.00128 -0.95118 1.00571 0.00533 0.00160 0.00340 -0.00138 -0.31656 0.04114 0.00065 -0.00124 -0.04144 -0.3200 
756.14 9.346 172.592 -0.31770 0.04131 0.94699 16.16 1.0028 1.0028 0.99970 -0.94818 -0.00675 -0.00104 -0.95128 1.00608 0.00543 0.00143 0.00356 -0.00149 -0.31699 0.04125 0.00053 -0.00109 -0.04160 -0.3202 
755.11 9.354 172.580 -0.31796 0.04141 0.94687 16.40 1.0028 1.0028 0.99970 -0.94809 -0.00682 -0.00107 -0.95123 1.00618 0.00550 0.00162 0.00352 -0.00157 -0.31733 0.04137 0.00050 -0.00093 -0.04170 -0.3205 
754.42 9.359 172.573 -0.31811 0.04147 0.94677 16.46 1.0028 1.0029 0.99970 -0.94822 -0.00694 -0.00090 -0.95104 1.00634 0.00562 0.00135 0.00357 -0.00161 -0.31746 0.04145 0.00061 -0.00101 -0.04174 -0.3207 
753.38 9.369 172.595 -0.31846 0.04139 0.94668 16.69 1.0027 1.0027 0.99970 -0.94800 -0.00681 -0.00058 -0.95071 1.00596 0.00548 0.00097 0.00350 -0.00144 -0.31763 0.04139 0.00064 -0.00096 -0.04163 -0.3211 
752.69 9.374 172.611 -0.31863 0.04132 0.94661 16.94 1.0024 1.0024 0.99970 -0.94775 -0.00668 -0.00064 -0.95026 1.00537 0.00520 0.00119 0.00357 -0.00151 -0.31763 0.04134 0.00049 -0.00070 -0.04151 -0.3212 
752.00 9.381 172.605 -0.31884 0.04138 0.94654 17.03 1.0022 1.0022 0.99970 -0.94743 -0.00670 -0.00063 -0.95010 1.00500 0.00518 0.00124 0.00366 -0.00172 -0.31780 0.04142 0.00065 -0.00076 -0.04153 -0.3214 
750.97 9.388 172.593 -0.31909 0.04148 0.94648 17.37 1.0022 1.0022 0.99970 -0.94716 -0.00685 -0.00055 -0.95021 1.00496 0.00530 0.00118 0.00375 -0.00182 -0.31804 0.04154 0.00047 -0.00056 -0.04161 -0.3216 
750.28 9.394 172.587 -0.31927 0.04154 0.94645 17.61 1.0021 1.0021 0.99970 -0.94702 -0.00693 -0.00072 -0.95006 1.00472 0.00537 0.00130 0.00371 -0.00176 -0.31827 0.04161 0.00048 -0.00068 -0.04165 -0.3217 
749.25 9.404 172.578 -0.31960 0.04164 0.94632 18.08 1.0019 1.0019 0.99970 -0.94698 -0.00656 -0.00102 -0.94949 1.00435 0.00501 0.00160 0.00359 -0.00154 -0.31860 0.04158 0.00055 -0.00082 -0.04186 -0.3219 
748.56 9.410 172.552 -0.31976 0.04180 0.94621 18.31 1.0016 1.0016 0.99970 -0.94679 -0.00658 -0.00108 -0.94898 1.00385 0.00507 0.00160 0.00376 -0.00178 -0.31882 0.04167 0.00065 -0.00093 -0.04209 -0.3218 
747.52 9.415 172.533 -0.31988 0.04193 0.94609 18.58 1.0013 1.0013 0.99970 -0.94648 -0.00635 -0.00147 -0.94858 1.00334 0.00485 0.00194 0.00366 -0.00171 -0.31892 0.04175 0.00033 -0.00070 -0.04223 -0.3218 
746.83 9.413 172.537 -0.31981 0.04190 0.94604 18.85 1.0013 1.0014 0.99970 -0.94659 -0.00627 -0.00156 -0.94849 1.00347 0.00472 0.00204 0.00377 -0.00171 -0.31879 0.04169 0.00026 -0.00061 -0.04224 -0.3219 
745.80 9.419 172.534 -0.32003 0.04194 0.94603 19.21 1.0014 1.0014 0.99970 -0.94675 -0.00619 -0.00184 -0.94841 1.00357 0.00462 0.00242 0.00361 -0.00151 -0.31901 0.04161 0.00015 -0.00053 -0.04240 -0.3221 
745.11 9.426 172.550 -0.32025 0.04188 0.94597 19.51 1.0013 1.0014 0.99970 -0.94658 -0.00631 -0.00197 -0.94830 1.00340 0.00478 0.00260 0.00356 -0.00155 -0.31922 0.04148 0.00004 -0.00037 -0.04241 -0.3223 
744.08 9.429 172.543 -0.32033 0.04193 0.94586 20.04 1.0015 1.0015 0.99970 -0.94668 -0.00627 -0.00269 -0.94829 1.00374 0.00472 0.00334 0.00378 -0.00179 -0.31944 0.04148 0.00023 -0.00052 -0.04252 -0.3223 
743.39 9.430 172.536 -0.32035 0.04197 0.94578 20.32 1.0014 1.0015 0.99970 -0.94668 -0.00613 -0.00301 -0.94812 1.00374 0.00462 0.00365 0.00379 -0.00166 -0.31948 0.04152 0.00014 -0.00037 -0.04257 -0.3223 
742.70 9.428 172.544 -0.32026 0.04191 0.94574 20.53 1.0014 1.0014 0.99970 -0.94652 -0.00609 -0.00306 -0.94820 1.00372 0.00462 0.00357 0.00393 -0.00182 -0.31936 0.04145 0.00013 -0.00043 -0.04252 -0.3223 
741.66 9.430 172.547 -0.32029 0.04190 0.94565 21.00 1.0015 1.0015 0.99970 -0.94640 -0.00556 -0.00326 -0.94845 1.00405 0.00396 0.00368 0.00415 -0.00188 -0.31944 0.04140 0.00026 -0.00059 -0.04255 -0.3223 
740.98 9.428 172.547 -0.32024 0.04189 0.94564 21.23 1.0015 1.0015 0.99970 -0.94626 -0.00548 -0.00328 -0.94860 1.00408 0.00390 0.00363 0.00414 -0.00187 -0.31935 0.04148 0.00010 -0.00044 -0.04247 -0.3223 
739.94 9.431 172.536 -0.32027 0.04196 0.94548 21.68 1.0013 1.0013 0.99970 -0.94612 -0.00560 -0.00335 -0.94817 1.00383 0.00407 0.00354 0.00408 -0.00181 -0.31938 0.04163 -0.00020 -0.00017 -0.04243 -0.3223 
739.25 9.435 172.546 -0.32039 0.04192 0.94541 22.06 1.0014 1.0014 0.99970 -0.94609 -0.00578 -0.00354 -0.94828 1.00404 0.00426 0.00365 0.00391 -0.00163 -0.31950 0.04157 -0.00035 -0.00007 -0.04242 -0.3225 
738.22 9.439 172.566 -0.32055 0.04183 0.94532 22.59 1.0015 1.0015 0.99970 -0.94591 -0.00584 -0.00364 -0.94843 1.00422 0.00431 0.00365 0.00383 -0.00161 -0.31962 0.04150 -0.00041 -0.00014 -0.04231 -0.3227 
737.53 9.439 172.558 -0.32054 0.04187 0.94532 22.88 1.0016 1.0016 0.99970 -0.94590 -0.00594 -0.00344 -0.94867 1.00446 0.00446 0.00338 0.00380 -0.00159 -0.31961 0.04155 -0.00015 -0.00044 -0.04236 -0.3228 
736.50 9.440 172.571 -0.32057 0.04180 0.94526 23.47 1.0018 1.0018 0.99970 -0.94604 -0.00606 -0.00323 -0.94885 1.00492 0.00473 0.00307 0.00387 -0.00180 -0.31964 0.04155 -0.00041 -0.00027 -0.04224 -0.3230 
735.81 9.442 172.577 -0.32063 0.04178 0.94521 23.89 1.0020 1.0020 0.99970 -0.94621 -0.00614 -0.00324 -0.94893 1.00530 0.00496 0.00298 0.00387 -0.00197 -0.31974 0.04165 -0.00037 -0.00036 -0.04211 -0.3231 
735.12 9.445 172.592 -0.32071 0.04170 0.94518 24.16 1.0023 1.0023 0.99970 -0.94652 -0.00599 -0.00321 -0.94907 1.00582 0.00490 0.00291 0.00386 -0.00205 -0.31984 0.04167 -0.00024 -0.00053 -0.04195 -0.3233 
734.09 9.454 172.584 -0.32103 0.04179 0.94509 24.77 1.0022 1.0022 0.99970 -0.94642 -0.00596 -0.00324 -0.94880 1.00562 0.00498 0.00301 0.00397 -0.00239 -0.32023 0.04173 -0.00060 -0.00027 -0.04206 -0.3235 
733.40 9.464 172.580 -0.32136 0.04185 0.94506 25.13 1.0021 1.0021 0.99970 -0.94629 -0.00587 -0.00301 -0.94864 1.00538 0.00492 0.00283 0.00398 -0.00249 -0.32052 0.04177 -0.00027 -0.00075 -0.04214 -0.3238 
732.37 9.478 172.548 -0.32183 0.04210 0.94493 25.61 1.0022 1.0022 0.99970 -0.94638 -0.00552 -0.00273 -0.94851 1.00562 0.00457 0.00248 0.00375 -0.00217 -0.32112 0.04206 -0.00037 -0.00066 -0.04236 -0.3243 
731.68 9.487 172.543 -0.32210 0.04216 0.94483 25.73 1.0021 1.0021 0.99970 -0.94612 -0.00559 -0.00260 -0.94834 1.00538 0.00477 0.00239 0.00355 -0.00200 -0.32142 0.04218 -0.00035 -0.00071 -0.04235 -0.3244 
730.64 9.502 172.522 -0.32260 0.04235 0.94470 26.31 1.0017 1.0017 0.99970 -0.94519 -0.00512 -0.00264 -0.94813 1.00445 0.00440 0.00246 0.00365 -0.00209 -0.32196 0.04239 -0.00018 -0.00104 -0.04248 -0.3246 
729.96 9.510 172.502 -0.32286 0.04249 0.94462 26.77 1.0015 1.0016 0.99970 -0.94491 -0.00475 -0.00267 -0.94801 1.00421 0.00403 0.00250 0.00350 -0.00190 -0.32224 0.04252 -0.00022 -0.00099 -0.04263 -0.3247 
728.92 9.527 172.483 -0.32340 0.04268 0.94451 27.47 1.0016 1.0016 0.99970 -0.94475 -0.00456 -0.00254 -0.94796 1.00420 0.00385 0.00238 0.00355 -0.00185 -0.32286 0.04277 -0.00010 -0.00108 -0.04275 -0.3252 
728.23 9.537 172.469 -0.32375 0.04280 0.94443 27.72 1.0015 1.0015 0.99970 -0.94436 -0.00424 -0.00235 -0.94795 1.00395 0.00344 0.00229 0.00329 -0.00164 -0.32325 0.04283 -0.00022 -0.00090 -0.04293 -0.3254 
727.20 9.551 172.470 -0.32423 0.04286 0.94431 28.16 1.0014 1.0014 0.99970 -0.94384 -0.00405 -0.00218 -0.94797 1.00367 0.00331 0.00202 0.00284 -0.00116 -0.32367 0.04275 -0.00009 -0.00094 -0.04312 -0.3259 
726.51 9.561 172.466 -0.32457 0.04293 0.94428 28.34 1.0013 1.0013 0.99970 -0.94355 -0.00392 -0.00208 -0.94801 1.00349 0.00316 0.00185 0.00272 -0.00094 -0.32402 0.04278 -0.00001 -0.00098 -0.04321 -0.3262 
725.82 9.571 172.458 -0.32491 0.04302 0.94421 28.52 1.0012 1.0012 0.99970 -0.94326 -0.00374 -0.00220 -0.94789 1.00319 0.00300 0.00199 0.00253 -0.00078 -0.32440 0.04282 0.00013 -0.00109 -0.04333 -0.3264 
724.79 9.588 172.450 -0.32548 0.04314 0.94410 28.76 1.0012 1.0012 0.99970 -0.94314 -0.00381 -0.00241 -0.94772 1.00311 0.00299 0.00233 0.00272 -0.00108 -0.32505 0.04295 0.00022 -0.00118 -0.04345 -0.3268 
724.10 9.598 172.443 -0.32580 0.04322 0.94399 29.07 1.0014 1.0014 0.99970 -0.94318 -0.00388 -0.00250 -0.94783 1.00352 0.00306 0.00241 0.00266 -0.00101 -0.32549 0.04306 0.00040 -0.00135 -0.04353 -0.3272 
723.07 9.607 172.403 -0.32606 0.04349 0.94389 29.43 1.0016 1.0016 0.99970 -0.94319 -0.00379 -0.00268 -0.94797 1.00389 0.00296 0.00262 0.00252 -0.00079 -0.32597 0.04334 0.00040 -0.00146 -0.04379 -0.3273 
722.38 9.614 172.381 -0.32628 0.04365 0.94383 29.69 1.0015 1.0015 0.99970 -0.94316 -0.00377 -0.00273 -0.94775 1.00375 0.00290 0.00263 0.00273 -0.00110 -0.32625 0.04353 0.00054 -0.00175 -0.04392 -0.3274 
721.35 9.629 172.380 -0.32677 0.04371 0.94370 29.86 1.0015 1.0015 0.99970 -0.94302 -0.00381 -0.00248 -0.94762 1.00375 0.00292 0.00232 0.00304 -0.00147 -0.32673 0.04357 0.00082 -0.00198 -0.04401 -0.3279 
720.66 9.636 172.368 -0.32700 0.04382 0.94360 30.09 1.0015 1.0015 0.99970 -0.94268 -0.00380 -0.00253 -0.94767 1.00364 0.00281 0.00240 0.00311 -0.00160 -0.32708 0.04361 0.00094 -0.00212 -0.04418 -0.3280 
719.63 9.641 172.374 -0.32719 0.04381 0.94353 30.29 1.0016 1.0016 0.99970 -0.94271 -0.00384 -0.00269 -0.94777 1.00391 0.00271 0.00256 0.00315 -0.00154 -0.32731 0.04354 0.00065 -0.00183 -0.04423 -0.3282 
718.94 9.649 172.375 -0.32745 0.04384 0.94349 30.64 1.0017 1.0017 0.99970 -0.94275 -0.00375 -0.00274 -0.94778 1.00407 0.00260 0.00260 0.00334 -0.00160 -0.32765 0.04361 0.00066 -0.00178 -0.04423 -0.3285 
717.91 9.657 172.380 -0.32769 0.04384 0.94336 30.80 1.0016 1.0016 0.99970 -0.94273 -0.00375 -0.00279 -0.94736 1.00388 0.00256 0.00272 0.00342 -0.00156 -0.32787 0.04359 0.00033 -0.00144 -0.04424 -0.3287 
717.22 9.666 172.388 -0.32798 0.04383 0.94325 31.05 1.0014 1.0014 0.99970 -0.94238 -0.00390 -0.00268 -0.94716 1.00352 0.00276 0.00262 0.00351 -0.00160 -0.32819 0.04365 0.00022 -0.00131 -0.04415 -0.3288 
716.54 9.669 172.399 -0.32809 0.04378 0.94315 31.16 1.0015 1.0015 0.99970 -0.94234 -0.00390 -0.00283 -0.94714 1.00369 0.00278 0.00275 0.00370 -0.00174 -0.32832 0.04359 0.00023 -0.00130 -0.04412 -0.3290 
715.50 9.677 172.409 -0.32835 0.04376 0.94305 31.11 1.0014 1.0014 0.99970 -0.94216 -0.00394 -0.00257 -0.94701 1.00356 0.00267 0.00253 0.00396 -0.00196 -0.32855 0.04356 0.00008 -0.00111 -0.04410 -0.3292 
714.82 9.683 172.415 -0.32855 0.04375 0.94299 31.03 1.0013 1.0013 0.99970 -0.94203 -0.00400 -0.00248 -0.94689 1.00343 0.00271 0.00244 0.00404 -0.00210 -0.32876 0.04359 -0.00017 -0.00083 -0.04405 -0.3294 
713.78 9.691 172.416 -0.32883 0.04378 0.94293 30.89 1.0015 1.0015 0.99970 -0.94207 -0.00392 -0.00234 -0.94704 1.00376 0.00260 0.00233 0.00418 -0.00228 -0.32914 0.04362 -0.00024 -0.00071 -0.04410 -0.3297 
713.10 9.696 172.420 -0.32898 0.04378 0.94286 30.86 1.0014 1.0014 0.99970 -0.94182 -0.00394 -0.00207 -0.94691 1.00350 0.00274 0.00199 0.00419 -0.00240 -0.32925 0.04366 -0.00035 -0.00057 -0.04404 -0.3298 
712.07 9.705 172.425 -0.32928 0.04379 0.94271 30.84 1.0014 1.0014 0.99970 -0.94181 -0.00388 -0.00183 -0.94676 1.00363 0.00268 0.00180 0.00421 -0.00252 -0.32961 0.04371 -0.00031 -0.00071 -0.04401 -0.3301 
711.38 9.711 172.428 -0.32947 0.04380 0.94270 30.70 1.0016 1.0016 0.99970 -0.94184 -0.00393 -0.00175 -0.94689 1.00384 0.00269 0.00175 0.00398 -0.00226 -0.32981 0.04372 -0.00039 -0.00063 -0.04402 -0.3303 
710.35 9.715 172.408 -0.32961 0.04393 0.94264 30.15 1.0017 1.0017 0.99970 -0.94191 -0.00405 -0.00169 -0.94697 1.00412 0.00277 0.00164 0.00400 -0.00224 -0.32998 0.04391 -0.00048 -0.00039 -0.04412 -0.3305 
709.66 9.717 172.408 -0.32967 0.04394 0.94260 29.86 1.0018 1.0018 0.99970 -0.94184 -0.00397 -0.00185 -0.94711 1.00428 0.00267 0.00182 0.00410 -0.00228 -0.33002 0.04396 -0.00037 -0.00051 -0.04410 -0.3306 
708.97 9.719 172.401 -0.32971 0.04399 0.94252 29.70 1.0019 1.0019 0.99970 -0.94178 -0.00414 -0.00192 -0.94722 1.00450 0.00286 0.00195 0.00416 -0.00237 -0.33009 0.04405 -0.00046 -0.00046 -0.04411 -0.3307 
707.94 9.724 172.384 -0.32984 0.04410 0.94246 29.24 1.0019 1.0020 0.99970 -0.94194 -0.00429 -0.00176 -0.94714 1.00470 0.00299 0.00176 0.00433 -0.00248 -0.33025 0.04425 -0.00052 -0.00040 -0.04415 -0.3309 
707.25 9.728 172.372 -0.32998 0.04419 0.94242 29.10 1.0018 1.0018 0.99970 -0.94177 -0.00446 -0.00171 -0.94694 1.00442 0.00313 0.00175 0.00430 -0.00231 -0.33036 0.04438 -0.00073 -0.00019 -0.04419 -0.3310 
706.22 9.738 172.347 -0.33028 0.04438 0.94233 28.87 1.0016 1.0016 0.99970 -0.94131 -0.00464 -0.00188 -0.94675 1.00391 0.00334 0.00200 0.00425 -0.00204 -0.33064 0.04456 -0.00081 -0.00010 -0.04436 -0.3311 
705.53 9.740 172.339 -0.33032 0.04443 0.94229 28.62 1.0017 1.0017 0.99970 -0.94120 -0.00458 -0.00217 -0.94696 1.00410 0.00313 0.00242 0.00408 -0.00168 -0.33062 0.04468 -0.00056 -0.00035 -0.04436 -0.3313 
704.50 9.743 172.328 -0.33042 0.04451 0.94223 28.28 1.0017 1.0017 0.99970 -0.94110 -0.00454 -0.00245 -0.94711 1.00429 0.00301 0.00274 0.00411 -0.00158 -0.33072 0.04476 -0.00042 -0.00050 -0.04445 -0.3314 
703.82 9.746 172.317 -0.33051 0.04459 0.94217 27.93 1.0017 1.0017 0.99970 -0.94078 -0.00452 -0.00255 -0.94726 1.00422 0.00287 0.00287 0.00428 -0.00172 -0.33080 0.04476 -0.00008 -0.00087 -0.04459 -0.3315 
702.78 9.752 172.300 -0.33068 0.04471 0.94209 27.61 1.0016 1.0017 0.99970 -0.94042 -0.00438 -0.00265 -0.94738 1.00414 0.00257 0.00301 0.00443 -0.00178 -0.33095 0.04485 -0.00007 -0.00078 -0.04473 -0.3317 
702.10 9.756 172.286 -0.33079 0.04481 0.94206 27.37 1.0018 1.0018 0.99970 -0.94055 -0.00452 -0.00249 -0.94743 1.00441 0.00265 0.00283 0.00438 -0.00168 -0.33107 0.04500 -0.00006 -0.00071 -0.04479 -0.3319 
701.07 9.764 172.283 -0.33106 0.04486 0.94196 27.02 1.0017 1.0017 0.99970 -0.94043 -0.00463 -0.00230 -0.94721 1.00424 0.00277 0.00258 0.00442 -0.00168 -0.33120 0.04509 -0.00010 -0.00071 -0.04480 -0.3322 
700.38 9.769 172.280 -0.33121 0.04490 0.94189 26.67 1.0016 1.0016 0.99970 -0.94020 -0.00468 -0.00238 -0.94704 1.00398 0.00280 0.00264 0.00436 -0.00160 -0.33126 0.04507 -0.00020 -0.00067 -0.04490 -0.3324 
699.69 9.778 172.274 -0.33148 0.04497 0.94178 26.35 1.0016 1.0016 0.99970 -0.94018 -0.00483 -0.00245 -0.94685 1.00397 0.00294 0.00267 0.00442 -0.00163 -0.33152 0.04507 -0.00028 -0.00067 -0.04503 -0.3327 
698.66 9.785 172.262 -0.33172 0.04507 0.94176 26.07 1.0017 1.0017 0.99970 -0.94038 -0.00518 -0.00267 -0.94677 1.00416 0.00321 0.00285 0.00454 -0.00177 -0.33171 0.04529 -0.00030 -0.00072 -0.04503 -0.3330 
697.97 9.790 172.251 -0.33190 0.04516 0.94167 25.82 1.0018 1.0018 0.99970 -0.94062 -0.00534 -0.00271 -0.94652 1.00434 0.00331 0.00294 0.00466 -0.00193 -0.33187 0.04539 -0.00021 -0.00087 -0.04512 -0.3333 
696.94 9.805 172.247 -0.33238 0.04525 0.94154 25.58 1.0019 1.0019 0.99970 -0.94077 -0.00591 -0.00262 -0.94627 1.00450 0.00401 0.00281 0.00495 -0.00233 -0.33230 0.04552 -0.00005 -0.00115 -0.04517 -0.3338 
696.26 9.809 172.232 -0.33250 0.04536 0.94150 25.30 1.0020 1.0020 0.99970 -0.94090 -0.00616 -0.00251 -0.94629 1.00475 0.00429 0.00268 0.00523 -0.00263 -0.33244 0.04562 0.00008 -0.00129 -0.04529 -0.3340 
695.23 9.817 172.217 -0.33276 0.04548 0.94142 25.08 1.0019 1.0019 0.99970 -0.94077 -0.00634 -0.00243 -0.94601 1.00449 0.00443 0.00253 0.00556 -0.00295 -0.33256 0.04576 0.00016 -0.00135 -0.04539 -0.3343 
694.54 9.822 172.208 -0.33291 0.04555 0.94136 24.94 1.0020 1.0020 0.99970 -0.94076 -0.00633 -0.00236 -0.94613 1.00473 0.00437 0.00237 0.00577 -0.00316 -0.33275 0.04585 0.00024 -0.00135 -0.04546 -0.3345 
693.51 9.835 172.208 -0.33334 0.04561 0.94121 24.78 1.0019 1.0019 0.99970 -0.94041 -0.00660 -0.00244 -0.94599 1.00454 0.00464 0.00246 0.00574 -0.00311 -0.33314 0.04589 0.00035 -0.00147 -0.04553 -0.3349 
692.82 9.842 172.207 -0.33356 0.04565 0.94110 24.77 1.0020 1.0020 0.99970 -0.94048 -0.00676 -0.00255 -0.94587 1.00472 0.00487 0.00260 0.00566 -0.00308 -0.33342 0.04595 0.00012 -0.00127 -0.04555 -0.3352 
691.79 9.853 172.193 -0.33390 0.04578 0.94098 24.54 1.0019 1.0019 0.99970 -0.94045 -0.00681 -0.00270 -0.94548 1.00453 0.00495 0.00277 0.00571 -0.00310 -0.33376 0.04621 -0.00014 -0.00096 -0.04554 -0.3355 
691.11 9.863 172.188 -0.33422 0.04585 0.94085 24.23 1.0019 1.0019 0.99970 -0.94060 -0.00692 -0.00273 -0.94509 1.00454 0.00511 0.00287 0.00572 -0.00313 -0.33408 0.04634 -0.00023 -0.00085 -0.04556 -0.3358 
690.42 9.874 172.180 -0.33457 0.04595 0.94069 24.09 1.0019 1.0019 0.99970 -0.94069 -0.00705 -0.00254 -0.94469 1.00456 0.00541 0.00267 0.00558 -0.00314 -0.33449 0.04647 -0.00036 -0.00071 -0.04563 -0.3361 
689.39 9.889 172.178 -0.33505 0.04602 0.94054 23.95 1.0021 1.0021 0.99970 -0.94090 -0.00714 -0.00245 -0.94457 1.00496 0.00558 0.00246 0.00546 -0.00311 -0.33512 0.04667 -0.00034 -0.00061 -0.04560 -0.3365 
688.70 9.895 172.179 -0.33527 0.04605 0.94045 23.91 1.0023 1.0023 0.99970 -0.94114 -0.00718 -0.00236 -0.94450 1.00534 0.00562 0.00234 0.00552 -0.00323 -0.33537 0.04674 -0.00035 -0.00059 -0.04560 -0.3368 
687.67 9.910 172.179 -0.33578 0.04612 0.94039 23.75 1.0024 1.0024 0.99970 -0.94135 -0.00702 -0.00225 -0.94428 1.00545 0.00543 0.00239 0.00546 -0.00321 -0.33586 0.04692 -0.00044 -0.00050 -0.04556 -0.3374 
686.99 9.923 172.192 -0.33624 0.04611 0.94032 23.66 1.0024 1.0025 0.99970 -0.94128 -0.00690 -0.00225 -0.94423 1.00548 0.00529 0.00241 0.00553 -0.00334 -0.33629 0.04694 -0.00036 -0.00053 -0.04552 -0.3379 
685.96 9.939 172.188 -0.33676 0.04620 0.94019 23.80 1.0024 1.0025 0.99970 -0.94111 -0.00673 -0.00192 -0.94411 1.00544 0.00501 0.00203 0.00540 -0.00325 -0.33682 0.04699 -0.00030 -0.00053 -0.04566 -0.3384 
685.27 9.949 172.174 -0.33709 0.04633 0.94007 23.94 1.0024 1.0024 0.99970 -0.94081 -0.00666 -0.00168 -0.94402 1.00530 0.00489 0.00176 0.00518 -0.00311 -0.33714 0.04715 -0.00026 -0.00053 -0.04574 -0.3387 
684.24 9.963 172.179 -0.33759 0.04637 0.93996 24.05 1.0025 1.0025 0.99970 -0.94082 -0.00658 -0.00129 -0.94392 1.00543 0.00463 0.00147 0.00498 -0.00290 -0.33763 0.04721 -0.00033 -0.00043 -0.04577 -0.3393 
683.55 9.970 172.174 -0.33779 0.04643 0.93991 24.17 1.0024 1.0024 0.99970 -0.94062 -0.00656 -0.00141 -0.94383 1.00524 0.00463 0.00153 0.00474 -0.00265 -0.33783 0.04727 -0.00036 -0.00023 -0.04582 -0.3394 
682.87 9.977 172.170 -0.33803 0.04648 0.93982 24.26 1.0024 1.0025 0.99970 -0.94057 -0.00666 -0.00140 -0.94380 1.00534 0.00483 0.00137 0.00483 -0.00275 -0.33809 0.04738 -0.00035 -0.00024 -0.04582 -0.3397 
681.84 9.991 172.188 -0.33852 0.04644 0.93969 24.36 1.0025 1.0025 0.99970 -0.94038 -0.00653 -0.00141 -0.94373 1.00532 0.00473 0.00140 0.00480 -0.00271 -0.33857 0.04740 -0.00003 -0.00067 -0.04572 -0.3402 
681.15 9.999 172.188 -0.33877 0.04648 0.93962 24.43 1.0025 1.0025 0.99970 -0.94030 -0.00667 -0.00130 -0.94376 1.00544 0.00491 0.00120 0.00473 -0.00261 -0.33883 0.04747 -0.00012 -0.00059 -0.04572 -0.3404 
680.12 10.010 172.194 -0.33911 0.04649 0.93944 24.53 1.0026 1.0026 0.99970 -0.94034 -0.00657 -0.00122 -0.94354 1.00563 0.00482 0.00104 0.00461 -0.00233 -0.33928 0.04759 -0.00020 -0.00052 -0.04564 -0.3408 
679.44 10.015 172.196 -0.33927 0.04650 0.93937 24.60 1.0026 1.0026 0.99970 -0.94023 -0.00651 -0.00134 -0.94349 1.00560 0.00466 0.00118 0.00440 -0.00209 -0.33949 0.04767 -0.00028 -0.00035 -0.04557 -0.3408 
678.41 10.023 172.205 -0.33955 0.04648 0.93924 25.03 1.0028 1.0028 0.99970 -0.94014 -0.00636 -0.00143 -0.94377 1.00608 0.00441 0.00134 0.00435 -0.00202 -0.33990 0.04760 -0.00003 -0.00061 -0.04564 -0.3412 
677.72 10.026 172.218 -0.33964 0.04642 0.93919 25.16 1.0030 1.0030 0.99970 -0.94024 -0.00623 -0.00143 -0.94395 1.00649 0.00411 0.00139 0.00436 -0.00207 -0.34003 0.04751 0.00005 -0.00071 -0.04561 -0.3414 
676.69 10.035 172.227 -0.33994 0.04640 0.93906 25.37 1.0030 1.0030 0.99970 -0.94007 -0.00621 -0.00107 -0.94387 1.00648 0.00400 0.00102 0.00466 -0.00246 -0.34033 0.04745 0.00024 -0.00077 -0.04564 -0.3417 
676.01 10.045 172.222 -0.34026 0.04648 0.93894 25.54 1.0032 1.0032 0.99970 -0.93996 -0.00604 -0.00091 -0.94409 1.00688 0.00374 0.00082 0.00468 -0.00253 -0.34076 0.04753 0.00033 -0.00081 -0.04573 -0.3420 
674.98 10.058 172.225 -0.34068 0.04652 0.93875 25.98 1.0030 1.0031 0.99970 -0.93990 -0.00597 -0.00075 -0.94356 1.00664 0.00368 0.00064 0.00457 -0.00244 -0.34120 0.04759 0.00022 -0.00072 -0.04574 -0.3423 
674.29 10.064 172.224 -0.34085 0.04655 0.93867 26.25 1.0030 1.0030 0.99970 -0.93989 -0.00607 -0.00065 -0.94324 1.00647 0.00378 0.00049 0.00448 -0.00230 -0.34136 0.04761 0.00021 -0.00078 -0.04577 -0.3424 
673.61 10.071 172.235 -0.34110 0.04651 0.93855 26.71 1.0028 1.0028 0.99970 -0.93958 -0.00598 -0.00064 -0.94301 1.00616 0.00367 0.00047 0.00454 -0.00234 -0.34151 0.04750 0.00028 -0.00096 -0.04580 -0.3427 
672.58 10.084 172.239 -0.34154 0.04655 0.93844 27.17 1.0026 1.0027 0.99970 -0.93922 -0.00598 -0.00064 -0.94285 1.00584 0.00364 0.00045 0.00476 -0.00254 -0.34191 0.04742 0.00036 -0.00111 -0.04594 -0.3431 
671.89 10.092 172.233 -0.34180 0.04662 0.93836 27.35 1.0027 1.0027 0.99970 -0.93908 -0.00601 -0.00072 -0.94296 1.00597 0.00362 0.00051 0.00490 -0.00272 -0.34224 0.04741 0.00056 -0.00127 -0.04610 -0.3433 
670.86 10.100 172.226 -0.34204 0.04669 0.93829 27.86 1.0027 1.0027 0.99970 -0.93887 -0.00616 -0.00073 -0.94293 1.00586 0.00368 0.00058 0.00510 -0.00291 -0.34243 0.04739 0.00106 -0.00172 -0.04626 -0.3435 
670.18 10.109 172.235 -0.34235 0.04669 0.93822 28.24 1.0026 1.0027 0.99970 -0.93863 -0.00617 -0.00078 -0.94292 1.00576 0.00366 0.00068 0.00513 -0.00288 -0.34271 0.04727 0.00115 -0.00179 -0.04636 -0.3439 
669.15 10.121 172.239 -0.34276 0.04671 0.93810 28.82 1.0023 1.0023 0.99970 -0.93807 -0.00623 -0.00083 -0.94258 1.00504 0.00377 0.00069 0.00520 -0.00285 -0.34296 0.04721 0.00120 -0.00181 -0.04644 -0.3442 
668.46 10.129 172.243 -0.34305 0.04673 0.93802 29.27 1.0023 1.0023 0.99970 -0.93781 -0.00613 -0.00088 -0.94270 1.00507 0.00361 0.00075 0.00516 -0.00276 -0.34320 0.04717 0.00117 -0.00176 -0.04651 -0.3445 
667.43 10.143 172.229 -0.34347 0.04687 0.93788 30.04 1.0021 1.0022 0.99970 -0.93728 -0.00589 -0.00091 -0.94260 1.00469 0.00335 0.00070 0.00501 -0.00252 -0.34362 0.04735 0.00094 -0.00155 -0.04660 -0.3448 
666.75 10.150 172.218 -0.34368 0.04697 0.93777 30.51 1.0023 1.0023 0.99970 -0.93725 -0.00584 -0.00098 -0.94264 1.00494 0.00334 0.00079 0.00495 -0.00259 -0.34394 0.04749 0.00083 -0.00154 -0.04667 -0.3450 
665.72 10.164 172.213 -0.34415 0.04706 0.93760 31.25 1.0020 1.0020 0.99970 -0.93700 -0.00596 -0.00115 -0.94211 1.00447 0.00357 0.00101 0.00500 -0.00273 -0.34443 0.04754 0.00082 -0.00167 -0.04678 -0.3453 
665.03 10.172 172.213 -0.34439 0.04710 0.93751 31.73 1.0020 1.0020 0.99970 -0.93693 -0.00596 -0.00118 -0.94191 1.00438 0.00359 0.00101 0.00502 -0.00281 -0.34469 0.04760 0.00090 -0.00166 -0.04678 -0.3455 
664.35 10.182 172.188 -0.34472 0.04729 0.93739 32.08 1.0018 1.0018 0.99970 -0.93669 -0.00585 -0.00131 -0.94159 1.00403 0.00346 0.00120 0.00491 -0.00266 -0.34510 0.04778 0.00095 -0.00164 -0.04699 -0.3456 
663.32 10.196 172.185 -0.34517 0.04738 0.93723 32.67 1.0019 1.0019 0.99970 -0.93673 -0.00592 -0.00124 -0.94137 1.00420 0.00361 0.00116 0.00502 -0.00271 -0.34563 0.04792 0.00094 -0.00142 -0.04702 -0.3461 
662.64 10.204 172.183 -0.34544 0.04742 0.93717 32.98 1.0017 1.0017 0.99970 -0.93641 -0.00584 -0.00109 -0.94114 1.00372 0.00359 0.00085 0.00509 -0.00272 -0.34584 0.04806 0.00088 -0.00136 -0.04694 -0.3462 
661.61 10.218 172.192 -0.34594 0.04744 0.93708 33.42 1.0017 1.0017 0.99970 -0.93630 -0.00588 -0.00118 -0.94103 1.00370 0.00328 0.00110 0.00525 -0.00272 -0.34638 0.04813 0.00095 -0.00143 -0.04691 -0.3467 
660.92 10.229 172.196 -0.34630 0.04746 0.93698 33.98 1.0016 1.0016 0.99970 -0.93612 -0.00585 -0.00109 -0.94081 1.00349 0.00320 0.00101 0.00536 -0.00290 -0.34670 0.04818 0.00095 -0.00145 -0.04690 -0.3470 
659.89 10.248 172.198 -0.34693 0.04754 0.93681 34.51 1.0015 1.0015 0.99970 -0.93577 -0.00594 -0.00102 -0.94051 1.00315 0.00321 0.00103 0.00545 -0.00296 -0.34727 0.04828 0.00091 -0.00130 -0.04693 -0.3476 
659.21 10.259 172.189 -0.34730 0.04764 0.93668 34.84 1.0014 1.0014 0.99970 -0.93546 -0.00591 -0.00099 -0.94041 1.00299 0.00318 0.00100 0.00546 -0.00299 -0.34764 0.04832 0.00088 -0.00121 -0.04709 -0.3479 
658.18 10.267 172.158 -0.34749 0.04786 0.93651 35.46 1.0013 1.0013 0.99970 -0.93536 -0.00590 -0.00084 -0.94003 1.00281 0.00327 0.00075 0.00551 -0.00309 -0.34793 0.04850 0.00097 -0.00131 -0.04734 -0.3479 
657.50 10.276 172.148 -0.34778 0.04796 0.93642 35.75 1.0013 1.0013 0.99970 -0.93529 -0.00598 -0.00095 -0.93993 1.00284 0.00345 0.00077 0.00553 -0.00310 -0.34831 0.04861 0.00105 -0.00135 -0.04744 -0.3481 
656.47 10.286 172.136 -0.34813 0.04808 0.93632 36.73 1.0012 1.0012 0.99970 -0.93500 -0.00585 -0.00115 -0.93980 1.00260 0.00335 0.00087 0.00570 -0.00322 -0.34874 0.04876 0.00125 -0.00157 -0.04751 -0.3483 
655.78 10.295 172.118 -0.34837 0.04823 0.93619 36.92 1.0012 1.0013 0.99970 -0.93497 -0.00581 -0.00135 -0.93966 1.00271 0.00342 0.00096 0.00581 -0.00340 -0.34913 0.04896 0.00126 -0.00170 -0.04762 -0.3485 
655.10 10.305 172.112 -0.34870 0.04831 0.93606 37.05 1.0013 1.0013 0.99970 -0.93482 -0.00589 -0.00135 -0.93961 1.00277 0.00360 0.00084 0.00596 -0.00355 -0.34954 0.04909 0.00125 -0.00178 -0.04766 -0.3487 
654.07 10.319 172.086 -0.34910 0.04853 0.93585 37.17 1.0013 1.0013 0.99970 -0.93457 -0.00595 -0.00135 -0.93952 1.00285 0.00359 0.00084 0.00594 -0.00355 -0.35011 0.04940 0.00124 -0.00192 -0.04778 -0.3490 
653.39 10.324 172.070 -0.34925 0.04865 0.93573 37.33 1.0013 1.0013 0.99970 -0.93440 -0.00602 -0.00126 -0.93947 1.00289 0.00354 0.00075 0.00594 -0.00353 -0.35032 0.04960 0.00114 -0.00182 -0.04782 -0.3491 
652.36 10.335 172.058 -0.34958 0.04877 0.93556 37.43 1.0013 1.0014 0.99970 -0.93447 -0.00601 -0.00117 -0.93923 1.00305 0.00345 0.00073 0.00596 -0.00356 -0.35078 0.04973 0.00108 -0.00182 -0.04793 -0.3493 
651.67 10.344 172.046 -0.34987 0.04888 0.93550 37.67 1.0013 1.0013 0.99970 -0.93440 -0.00611 -0.00117 -0.93900 1.00287 0.00346 0.00075 0.00594 -0.00355 -0.35112 0.04981 0.00101 -0.00178 -0.04807 -0.3495 
650.65 10.358 172.043 -0.35036 0.04897 0.93542 37.61 1.0011 1.0012 0.99970 -0.93406 -0.00603 -0.00129 -0.93882 1.00250 0.00333 0.00102 0.00609 -0.00359 -0.35159 0.04984 0.00125 -0.00213 -0.04821 -0.3499 
649.96 10.366 172.053 -0.35062 0.04894 0.93529 37.37 1.0011 1.0011 0.99970 -0.93386 -0.00602 -0.00151 -0.93873 1.00244 0.00324 0.00133 0.00621 -0.00369 -0.35180 0.04977 0.00133 -0.00218 -0.04822 -0.3502 
648.93 10.384 172.046 -0.35119 0.04907 0.93508 37.16 1.0010 1.0010 0.99970 -0.93357 -0.00610 -0.00148 -0.93837 1.00219 0.00334 0.00126 0.00621 -0.00372 -0.35237 0.04990 0.00173 -0.00257 -0.04833 -0.3507 
648.25 10.393 172.033 -0.35149 0.04919 0.93497 37.08 1.0009 1.0009 0.99970 -0.93335 -0.00609 -0.00157 -0.93828 1.00209 0.00332 0.00136 0.00629 -0.00376 -0.35272 0.05000 0.00182 -0.00274 -0.04847 -0.3509 
647.56 10.401 172.035 -0.35173 0.04922 0.93487 36.88 1.0007 1.0007 0.99970 -0.93315 -0.00630 -0.00160 -0.93790 1.00170 0.00351 0.00145 0.00645 -0.00387 -0.35288 0.04999 0.00191 -0.00291 -0.04851 -0.3511 
646.54 10.412 172.047 -0.35210 0.04919 0.93476 36.49 1.0007 1.0007 0.99970 -0.93288 -0.00646 -0.00156 -0.93786 1.00161 0.00367 0.00140 0.00660 -0.00393 -0.35315 0.04990 0.00208 -0.00309 -0.04854 -0.3515 
645.85 10.423 172.053 -0.35249 0.04921 0.93469 36.24 1.0007 1.0007 0.99970 -0.93277 -0.00644 -0.00155 -0.93780 1.00158 0.00364 0.00135 0.00669 -0.00407 -0.35346 0.04990 0.00220 -0.00322 -0.04858 -0.3520 
644.83 10.437 172.054 -0.35297 0.04927 0.93454 35.94 1.0008 1.0008 0.99970 -0.93249 -0.00652 -0.00152 -0.93784 1.00164 0.00371 0.00137 0.00663 -0.00396 -0.35387 0.04991 0.00232 -0.00329 -0.04869 -0.3526 
644.14 10.447 172.047 -0.35327 0.04936 0.93441 35.47 1.0008 1.0008 0.99970 -0.93227 -0.00666 -0.00169 -0.93786 1.00171 0.00383 0.00160 0.00649 -0.00378 -0.35415 0.04996 0.00232 -0.00324 -0.04882 -0.3529 
643.12 10.462 172.044 -0.35374 0.04944 0.93422 35.25 1.0006 1.0007 0.99970 -0.93209 -0.00669 -0.00172 -0.93738 1.00141 0.00384 0.00175 0.00641 -0.00357 -0.35454 0.05002 0.00217 -0.00302 -0.04891 -0.3533 
642.43 10.470 172.064 -0.35405 0.04936 0.93417 34.84 1.0007 1.0007 0.99970 -0.93210 -0.00669 -0.00175 -0.93735 1.00150 0.00382 0.00168 0.00651 -0.00360 -0.35476 0.05000 0.00223 -0.00299 -0.04877 -0.3538 
641.40 10.479 172.056 -0.35430 0.04944 0.93399 33.99 1.0008 1.0009 0.99970 -0.93205 -0.00664 -0.00154 -0.93735 1.00183 0.00369 0.00145 0.00679 -0.00378 -0.35501 0.05014 0.00242 -0.00307 -0.04882 -0.3541 
640.72 10.488 172.044 -0.35457 0.04955 0.93384 33.49 1.0010 1.0011 0.99970 -0.93202 -0.00653 -0.00160 -0.93748 1.00224 0.00358 0.00149 0.00682 -0.00390 -0.35538 0.05028 0.00246 -0.00308 -0.04893 -0.3545 
639.69 10.502 172.011 -0.35498 0.04982 0.93364 32.86 1.0012 1.0012 0.99970 -0.93208 -0.00662 -0.00163 -0.93729 1.00254 0.00369 0.00143 0.00687 -0.00403 -0.35592 0.05062 0.00252 -0.00311 -0.04912 -0.3548 
639.01 10.510 172.002 -0.35522 0.04991 0.93348 32.40 1.0013 1.0013 0.99970 -0.93219 -0.00662 -0.00181 -0.93719 1.00289 0.00368 0.00162 0.00687 -0.00416 -0.35619 0.05075 0.00256 -0.00327 -0.04920 -0.3552 
638.32 10.520 171.995 -0.35551 0.05000 0.93331 31.96 1.0014 1.0014 0.99970 -0.93213 -0.00689 -0.00172 -0.93706 1.00305 0.00398 0.00158 0.00705 -0.00434 -0.35655 0.05086 0.00265 -0.00329 -0.04927 -0.3555 
637.30 10.536 171.984 -0.35601 0.05014 0.93310 31.27 1.0015 1.0015 0.99970 -0.93195 -0.00706 -0.00171 -0.93699 1.00323 0.00421 0.00171 0.00712 -0.00433 -0.35709 0.05099 0.00270 -0.00317 -0.04944 -0.3560 
636.61 10.547 171.968 -0.35636 0.05029 0.93294 30.85 1.0016 1.0016 0.99970 -0.93194 -0.00712 -0.00171 -0.93692 1.00349 0.00435 0.00179 0.00701 -0.00418 -0.35751 0.05111 0.00261 -0.00310 -0.04963 -0.3563 
635.59 10.560 171.967 -0.35676 0.05035 0.93273 30.04 1.0018 1.0018 0.99970 -0.93206 -0.00726 -0.00154 -0.93679 1.00394 0.00450 0.00148 0.00708 -0.00420 -0.35787 0.05132 0.00262 -0.00298 -0.04957 -0.3570 
634.90 10.571 171.958 -0.35708 0.05045 0.93259 29.68 1.0019 1.0019 0.99970 -0.93202 -0.00719 -0.00141 -0.93676 1.00415 0.00443 0.00139 0.00712 -0.00437 -0.35825 0.05148 0.00260 -0.00301 -0.04962 -0.3573 
633.88 10.585 171.946 -0.35752 0.05059 0.93234 28.94 1.0023 1.0023 0.99970 -0.93235 -0.00726 -0.00133 -0.93672 1.00501 0.00450 0.00130 0.00701 -0.00429 -0.35882 0.05169 0.00272 -0.00303 -0.04973 -0.3579 
633.19 10.594 171.935 -0.35776 0.05069 0.93219 28.28 1.0023 1.0023 0.99970 -0.93231 -0.00721 -0.00125 -0.93661 1.00517 0.00461 0.00114 0.00702 -0.00444 -0.35906 0.05184 0.00275 -0.00301 -0.04979 -0.3582 
632.17 10.606 171.910 -0.35816 0.05091 0.93204 27.53 1.0025 1.0025 0.99970 -0.93232 -0.00712 -0.00141 -0.93663 1.00551 0.00452 0.00125 0.00718 -0.00446 -0.35947 0.05197 0.00290 -0.00305 -0.05011 -0.3587 
631.48 10.614 171.898 -0.35839 0.05102 0.93196 27.30 1.0026 1.0026 0.99970 -0.93235 -0.00697 -0.00155 -0.93657 1.00566 0.00442 0.00132 0.00723 -0.00453 -0.35968 0.05205 0.00303 -0.00323 -0.05026 -0.3590 
630.46 10.625 171.881 -0.35873 0.05118 0.93185 26.76 1.0030 1.0030 0.99970 -0.93270 -0.00679 -0.00169 -0.93676 1.00648 0.00430 0.00139 0.00734 -0.00466 -0.36018 0.05229 0.00319 -0.00331 -0.05038 -0.3595 
629.77 10.634 171.867 -0.35900 0.05130 0.93172 26.55 1.0032 1.0032 0.99970 -0.93257 -0.00660 -0.00173 -0.93696 1.00683 0.00404 0.00148 0.00741 -0.00470 -0.36048 0.05244 0.00307 -0.00319 -0.05050 -0.3599 
629.09 10.647 171.848 -0.35943 0.05149 0.93159 26.22 1.0033 1.0033 0.99970 -0.93239 -0.00659 -0.00156 -0.93701 1.00699 0.00404 0.00137 0.00742 -0.00470 -0.36091 0.05272 0.00294 -0.00318 -0.05060 -0.3604 
628.06 10.662 171.838 -0.35991 0.05162 0.93142 25.82 1.0035 1.0035 0.99970 -0.93244 -0.00663 -0.00135 -0.93700 1.00738 0.00403 0.00121 0.00747 -0.00463 -0.36140 0.05287 0.00276 -0.00309 -0.05073 -0.3610 
627.38 10.671 171.834 -0.36020 0.05169 0.93132 25.48 1.0036 1.0036 0.99970 -0.93241 -0.00666 -0.00127 -0.93704 1.00763 0.00399 0.00121 0.00742 -0.00452 -0.36169 0.05294 0.00272 -0.00306 -0.05081 -0.3614 
626.36 10.681 171.839 -0.36051 0.05170 0.93114 25.21 1.0038 1.0038 0.99970 -0.93236 -0.00681 -0.00107 -0.93715 1.00807 0.00412 0.00114 0.00751 -0.00463 -0.36196 0.05298 0.00283 -0.00332 -0.05082 -0.3619 
625.67 10.690 171.836 -0.36082 0.05176 0.93106 25.10 1.0039 1.0039 0.99970 -0.93237 -0.00682 -0.00101 -0.93706 1.00815 0.00402 0.00122 0.00753 -0.00458 -0.36223 0.05295 0.00294 -0.00337 -0.05098 -0.3622 
624.65 10.708 171.844 -0.36141 0.05180 0.93089 24.48 1.0039 1.0040 0.99970 -0.93225 -0.00692 -0.00093 -0.93694 1.00825 0.00407 0.00140 0.00761 -0.00456 -0.36279 0.05289 0.00299 -0.00347 -0.05112 -0.3629 
623.96 10.718 171.840 -0.36177 0.05187 0.93079 24.30 1.0040 1.0040 0.99970 -0.93220 -0.00699 -0.00085 -0.93685 1.00832 0.00415 0.00144 0.00758 -0.00450 -0.36313 0.05292 0.00306 -0.00358 -0.05124 -0.3633 
622.94 10.731 171.845 -0.36218 0.05190 0.93063 24.43 1.0041 1.0041 0.99970 -0.93206 -0.00692 -0.00088 -0.93688 1.00856 0.00402 0.00160 0.00769 -0.00461 -0.36350 0.05292 0.00321 -0.00372 -0.05132 -0.3639 
622.25 10.742 171.857 -0.36254 0.05188 0.93048 24.21 1.0043 1.0043 0.99970 -0.93200 -0.00704 -0.00084 -0.93695 1.00889 0.00404 0.00163 0.00767 -0.00458 -0.36383 0.05286 0.00330 -0.00382 -0.05133 -0.3644 
621.57 10.753 171.856 -0.36292 0.05193 0.93039 24.14 1.0043 1.0043 0.99970 -0.93195 -0.00698 -0.00061 -0.93677 1.00882 0.00399 0.00144 0.00767 -0.00452 -0.36421 0.05299 0.00330 -0.00392 -0.05132 -0.3647 
620.55 10.763 171.862 -0.36324 0.05194 0.93027 24.08 1.0042 1.0043 0.99970 -0.93182 -0.00717 -0.00042 -0.93658 1.00876 0.00412 0.00137 0.00752 -0.00435 -0.36443 0.05297 0.00328 -0.00400 -0.05135 -0.3651 
619.86 10.772 171.873 -0.36355 0.05191 0.93017 24.14 1.0042 1.0042 0.99970 -0.93177 -0.00734 -0.00035 -0.93637 1.00869 0.00426 0.00135 0.00741 -0.00422 -0.36465 0.05295 0.00307 -0.00373 -0.05131 -0.3655 
618.84 10.787 171.874 -0.36405 0.05198 0.93000 24.20 1.0042 1.0042 0.99970 -0.93156 -0.00732 -0.00038 -0.93621 1.00865 0.00421 0.00144 0.00716 -0.00397 -0.36510 0.05302 0.00291 -0.00353 -0.05137 -0.3660 
618.15 10.798 171.869 -0.36439 0.05206 0.92983 24.32 1.0042 1.0042 0.99970 -0.93150 -0.00749 -0.00037 -0.93591 1.00863 0.00435 0.00148 0.00709 -0.00389 -0.36544 0.05310 0.00275 -0.00329 -0.05145 -0.3664 
617.13 10.814 171.859 -0.36488 0.05220 0.92961 24.45 1.0042 1.0042 0.99970 -0.93135 -0.00759 -0.00046 -0.93567 1.00868 0.00447 0.00155 0.00709 -0.00373 -0.36596 0.05324 0.00279 -0.00319 -0.05159 -0.3669 
616.45 10.822 171.847 -0.36510 0.05231 0.92947 24.59 1.0041 1.0041 0.99970 -0.93105 -0.00760 -0.00064 -0.93544 1.00843 0.00453 0.00178 0.00707 -0.00368 -0.36622 0.05337 0.00274 -0.00311 -0.05167 -0.3670 
615.42 10.833 171.846 -0.36542 0.05236 0.92926 24.92 1.0039 1.0039 0.99970 -0.93083 -0.00763 -0.00064 -0.93504 1.00820 0.00459 0.00169 0.00715 -0.00363 -0.36655 0.05345 0.00277 -0.00303 -0.05169 -0.3672 
614.74 10.842 171.847 -0.36572 0.05240 0.92915 25.16 1.0039 1.0039 0.99970 -0.93066 -0.00766 -0.00065 -0.93501 1.00823 0.00468 0.00151 0.00723 -0.00373 -0.36682 0.05355 0.00293 -0.00325 -0.05165 -0.3675 
613.71 10.859 171.818 -0.36622 0.05265 0.92893 25.43 1.0039 1.0039 0.99970 -0.93030 -0.00769 -0.00054 -0.93482 1.00812 0.00477 0.00139 0.00714 -0.00372 -0.36744 0.05385 0.00270 -0.00315 -0.05187 -0.3679 
613.03 10.872 171.796 -0.36661 0.05285 0.92875 25.58 1.0039 1.0039 0.99970 -0.93022 -0.00784 -0.00055 -0.93456 1.00813 0.00500 0.00122 0.00697 -0.00366 -0.36791 0.05407 0.00252 -0.00313 -0.05206 -0.3682 
612.35 10.880 171.783 -0.36688 0.05298 0.92863 25.85 1.0039 1.0039 0.99970 -0.93015 -0.00798 -0.00058 -0.93440 1.00815 0.00518 0.00113 0.00682 -0.00351 -0.36822 0.05423 0.00245 -0.00321 -0.05215 -0.3684 
611.32 10.892 171.781 -0.36723 0.05305 0.92840 26.45 1.0038 1.0038 0.99970 -0.92979 -0.00805 -0.00055 -0.93428 1.00813 0.00528 0.00103 0.00683 -0.00352 -0.36862 0.05434 0.00259 -0.00342 -0.05217 -0.3687 
610.64 10.901 171.775 -0.36750 0.05312 0.92829 26.77 1.0037 1.0038 0.99970 -0.92952 -0.00816 -0.00037 -0.93419 1.00798 0.00551 0.00085 0.00697 -0.00363 -0.36895 0.05438 0.00270 -0.00335 -0.05227 -0.3689 
609.61 10.916 171.766 -0.36797 0.05325 0.92807 27.28 1.0035 1.0036 0.99970 -0.92899 -0.00807 -0.00051 -0.93392 1.00759 0.00548 0.00089 0.00678 -0.00343 -0.36940 0.05449 0.00256 -0.00311 -0.05239 -0.3692 
608.93 10.926 171.757 -0.36827 0.05335 0.92794 27.56 1.0035 1.0035 0.99970 -0.92878 -0.00796 -0.00043 -0.93382 1.00754 0.00542 0.00057 0.00662 -0.00337 -0.36976 0.05468 0.00253 -0.00311 -0.05241 -0.3695 
607.91 10.940 171.762 -0.36873 0.05338 0.92774 28.16 1.0035 1.0035 0.99970 -0.92849 -0.00784 -0.00047 -0.93371 1.00755 0.00532 0.00038 0.00666 -0.00349 -0.37027 0.05478 0.00279 -0.00325 -0.05238 -0.3699 
607.22 10.952 171.753 -0.36913 0.05350 0.92765 28.73 1.0034 1.0034 0.99970 -0.92809 -0.00761 -0.00049 -0.93365 1.00724 0.00501 0.00037 0.00663 -0.00344 -0.37069 0.05484 0.00286 -0.00332 -0.05253 -0.3701 
606.20 10.966 171.755 -0.36962 0.05356 0.92752 29.62 1.0034 1.0034 0.99970 -0.92786 -0.00763 -0.00050 -0.93353 1.00715 0.00493 0.00020 0.00667 -0.00342 -0.37114 0.05492 0.00282 -0.00317 -0.05256 -0.3706 
605.52 10.976 171.759 -0.36993 0.05358 0.92742 30.19 1.0033 1.0033 0.99970 -0.92757 -0.00753 -0.00052 -0.93343 1.00695 0.00477 0.00011 0.00683 -0.00350 -0.37144 0.05488 0.00283 -0.00307 -0.05263 -0.3709 
604.49 10.994 171.755 -0.37056 0.05369 0.92727 30.95 1.0032 1.0032 0.99970 -0.92715 -0.00746 -0.00061 -0.93326 1.00663 0.00466 0.00008 0.00689 -0.00346 -0.37199 0.05494 0.00277 -0.00299 -0.05279 -0.3715 
603.81 11.007 171.763 -0.37099 0.05370 0.92715 31.39 1.0031 1.0032 0.99970 -0.92693 -0.00735 -0.00049 -0.93314 1.00653 0.00457 -0.00015 0.00698 -0.00366 -0.37242 0.05499 0.00279 -0.00302 -0.05275 -0.3719 
603.13 11.018 171.759 -0.37135 0.05378 0.92703 31.88 1.0032 1.0033 0.99970 -0.92680 -0.00732 -0.00030 -0.93318 1.00670 0.00461 -0.00033 0.00709 -0.00377 -0.37291 0.05509 0.00270 -0.00294 -0.05282 -0.3722 
602.10 11.038 171.753 -0.37200 0.05391 0.92683 32.77 1.0031 1.0031 0.99970 -0.92617 -0.00738 0.00010 -0.93304 1.00628 0.00463 -0.00080 0.00738 -0.00394 -0.37346 0.05518 0.00270 -0.00301 -0.05297 -0.3728 
601.42 11.054 171.747 -0.37254 0.05403 0.92671 33.28 1.0031 1.0031 0.99970 -0.92597 -0.00749 0.00029 -0.93292 1.00622 0.00484 -0.00102 0.00732 -0.00379 -0.37401 0.05533 0.00268 -0.00304 -0.05306 -0.3733 
600.40 11.067 171.752 -0.37295 0.05406 0.92649 34.38 1.0032 1.0032 0.99970 -0.92584 -0.00744 0.00046 -0.93290 1.00652 0.00476 -0.00123 0.00747 -0.00392 -0.37458 0.05531 0.00269 -0.00318 -0.05315 -0.3736 
599.72 11.080 171.750 -0.37335 0.05413 0.92632 35.05 1.0033 1.0033 0.99970 -0.92562 -0.00750 0.00054 -0.93291 1.00665 0.00479 -0.00136 0.00759 -0.00412 -0.37505 0.05538 0.00275 -0.00329 -0.05323 -0.3740 
598.69 11.098 171.757 -0.37396 0.05417 0.92609 35.73 1.0034 1.0035 0.99970 -0.92548 -0.00761 0.00070 -0.93284 1.00693 0.00496 -0.00150 0.00767 -0.00422 -0.37571 0.05553 0.00279 -0.00333 -0.05318 -0.3747 
598.01 11.110 171.755 -0.37432 0.05424 0.92594 36.10 1.0035 1.0035 0.99970 -0.92556 -0.00763 0.00073 -0.93257 1.00706 0.00491 -0.00140 0.00768 -0.00418 -0.37619 0.05560 0.00278 -0.00326 -0.05325 -0.3750 
596.99 11.130 171.753 -0.37496 0.05435 0.92566 36.50 1.0037 1.0037 0.99970 -0.92550 -0.00762 0.00070 -0.93239 1.00739 0.00496 -0.00133 0.00767 -0.00425 -0.37698 0.05578 0.00275 -0.00338 -0.05330 -0.3756 
596.30 11.142 171.754 -0.37535 0.05439 0.92551 36.79 1.0038 1.0038 0.99970 -0.92553 -0.00764 0.00066 -0.93228 1.00763 0.00499 -0.00120 0.00762 -0.00415 -0.37743 0.05583 0.00272 -0.00341 -0.05335 -0.3760 
595.28 11.164 171.767 -0.37611 0.05442 0.92529 37.16 1.0038 1.0038 0.99970 -0.92551 -0.00758 0.00055 -0.93187 1.00765 0.00487 -0.00103 0.00754 -0.00399 -0.37823 0.05588 0.00275 -0.00344 -0.05336 -0.3767 
594.60 11.176 171.772 -0.37648 0.05444 0.92513 37.18 1.0039 1.0039 0.99970 -0.92554 -0.00770 0.00066 -0.93169 1.00784 0.00501 -0.00119 0.00745 -0.00380 -0.37870 0.05600 0.00265 -0.00337 -0.05329 -0.3771 
593.92 11.188 171.781 -0.37690 0.05444 0.92498 37.14 1.0039 1.0039 0.99970 -0.92551 -0.00768 0.00077 -0.93139 1.00779 0.00495 -0.00122 0.00733 -0.00363 -0.37911 0.05606 0.00259 -0.00326 -0.05323 -0.3775 
592.89 11.209 171.776 -0.37761 0.05458 0.92482 37.36 1.0040 1.0040 0.99970 -0.92531 -0.00788 0.00063 -0.93129 1.00783 0.00508 -0.00105 0.00717 -0.00349 -0.37977 0.05620 0.00246 -0.00295 -0.05336 -0.3783 
592.21 11.223 171.783 -0.37808 0.05460 0.92466 37.42 1.0040 1.0041 0.99970 -0.92520 -0.00785 0.00043 -0.93116 1.00792 0.00499 -0.00069 0.00731 -0.00349 -0.38021 0.05627 0.00240 -0.00268 -0.05334 -0.3788 
591.19 11.244 171.776 -0.37875 0.05474 0.92443 36.68 1.0044 1.0044 0.99970 -0.92526 -0.00794 0.00021 -0.93124 1.00855 0.00508 -0.00032 0.00753 -0.00369 -0.38095 0.05643 0.00268 -0.00295 -0.05351 -0.3797 
590.51 11.258 171.764 -0.37918 0.05488 0.92421 36.31 1.0045 1.0045 0.99970 -0.92526 -0.00789 0.00000 -0.93100 1.00879 0.00509 0.00000 0.00763 -0.00372 -0.38142 0.05656 0.00273 -0.00292 -0.05367 -0.3802 
589.48 11.279 171.758 -0.37984 0.05502 0.92391 35.89 1.0045 1.0045 0.99970 -0.92504 -0.00771 -0.00021 -0.93062 1.00880 0.00498 0.00032 0.00759 -0.00369 -0.38210 0.05674 0.00287 -0.00288 -0.05376 -0.3808 
588.80 11.289 171.759 -0.38014 0.05506 0.92373 35.43 1.0043 1.0044 0.99970 -0.92474 -0.00765 -0.00022 -0.93036 1.00857 0.00493 0.00035 0.00763 -0.00362 -0.38234 0.05680 0.00290 -0.00291 -0.05377 -0.3811 
587.78 11.305 171.745 -0.38062 0.05522 0.92350 34.65 1.0047 1.0047 0.99970 -0.92483 -0.00774 -0.00007 -0.93046 1.00926 0.00507 0.00015 0.00770 -0.00360 -0.38305 0.05713 0.00288 -0.00304 -0.05382 -0.3816 
587.10 11.315 171.733 -0.38092 0.05535 0.92339 33.99 1.0048 1.0048 0.99970 -0.92476 -0.00764 -0.00002 -0.93053 1.00951 0.00501 -0.00003 0.00777 -0.00373 -0.38339 0.05730 0.00296 -0.00318 -0.05391 -0.3820 
586.41 11.327 171.715 -0.38129 0.05552 0.92318 33.36 1.0049 1.0049 0.99970 -0.92450 -0.00752 0.00001 -0.93057 1.00974 0.00485 -0.00004 0.00774 -0.00373 -0.38382 0.05752 0.00287 -0.00310 -0.05405 -0.3824 
585.39 11.347 171.703 -0.38188 0.05569 0.92285 32.28 1.0052 1.0052 0.99970 -0.92456 -0.00763 0.00002 -0.93042 1.01035 0.00492 -0.00019 0.00767 -0.00370 -0.38442 0.05771 0.00287 -0.00306 -0.05423 -0.3832 
584.71 11.359 171.719 -0.38230 0.05564 0.92273 31.54 1.0053 1.0053 0.99970 -0.92444 -0.00759 -0.00001 -0.93043 1.01051 0.00495 -0.00018 0.00763 -0.00369 -0.38475 0.05767 0.00296 -0.00312 -0.05418 -0.3837 
583.69 11.377 171.733 -0.38293 0.05564 0.92254 30.06 1.0052 1.0052 0.99970 -0.92421 -0.00765 0.00007 -0.93002 1.01022 0.00507 -0.00026 0.00761 -0.00367 -0.38516 0.05766 0.00309 -0.00298 -0.05417 -0.3845 
583.01 11.389 171.720 -0.38326 0.05578 0.92236 29.39 1.0053 1.0053 0.99970 -0.92417 -0.00745 0.00011 -0.92992 1.01046 0.00487 -0.00034 0.00765 -0.00377 -0.38550 0.05773 0.00312 -0.00293 -0.05439 -0.3849 
581.98 11.409 171.707 -0.38388 0.05595 0.92207 28.36 1.0054 1.0054 0.99970 -0.92389 -0.00723 0.00003 -0.92989 1.01077 0.00445 -0.00040 0.00767 -0.00374 -0.38607 0.05788 0.00326 -0.00300 -0.05461 -0.3857 
581.30 11.420 171.711 -0.38421 0.05597 0.92189 27.75 1.0055 1.0055 0.99970 -0.92378 -0.00705 0.00014 -0.92977 1.01088 0.00419 -0.00056 0.00767 -0.00365 -0.38635 0.05794 0.00349 -0.00327 -0.05460 -0.3861 
580.28 11.440 171.715 -0.38490 0.05605 0.92170 26.56 1.0057 1.0057 0.99970 -0.92376 -0.00694 0.00010 -0.92970 1.01123 0.00398 -0.00038 0.00777 -0.00398 -0.38692 0.05801 0.00364 -0.00348 -0.05470 -0.3871 
579.60 11.451 171.718 -0.38526 0.05608 0.92152 25.86 1.0056 1.0056 0.99970 -0.92349 -0.00694 0.00015 -0.92941 1.01100 0.00392 -0.00039 0.00786 -0.00401 -0.38719 0.05804 0.00355 -0.00357 -0.05471 -0.3874 
578.58 11.466 171.718 -0.38571 0.05615 0.92125 24.93 1.0056 1.0056 0.99970 -0.92337 -0.00700 0.00033 -0.92906 1.01108 0.00402 -0.00067 0.00813 -0.00435 -0.38753 0.05804 0.00371 -0.00394 -0.05486 -0.3880 
577.89 11.480 171.721 -0.38613 0.05618 0.92106 24.33 1.0054 1.0055 0.99970 -0.92306 -0.00690 0.00042 -0.92878 1.01085 0.00392 -0.00075 0.00826 -0.00448 -0.38778 0.05807 0.00391 -0.00424 -0.05489 -0.3885 
577.21 11.494 171.727 -0.38660 0.05621 0.92094 23.63 1.0055 1.0055 0.99970 -0.92281 -0.00697 0.00054 -0.92875 1.01082 0.00406 -0.00079 0.00846 -0.00482 -0.38819 0.05816 0.00423 -0.00478 -0.05485 -0.3891 
576.19 11.512 171.738 -0.38720 0.05622 0.92066 22.67 1.0055 1.0055 0.99970 -0.92261 -0.00692 0.00085 -0.92844 1.01087 0.00397 -0.00123 0.00852 -0.00492 -0.38867 0.05822 0.00447 -0.00516 -0.05482 -0.3898 
575.51 11.524 171.729 -0.38757 0.05634 0.92047 22.16 1.0055 1.0055 0.99970 -0.92237 -0.00691 0.00100 -0.92838 1.01096 0.00399 -0.00134 0.00857 -0.00500 -0.38904 0.05836 0.00455 -0.00544 -0.05492 -0.3902 
574.49 11.544 171.719 -0.38817 0.05649 0.92017 21.44 1.0056 1.0056 0.99970 -0.92214 -0.00693 0.00114 -0.92818 1.01114 0.00394 -0.00145 0.00854 -0.00511 -0.38963 0.05858 0.00469 -0.00571 -0.05502 -0.3909 
573.81 11.552 171.704 -0.38834 0.05662 0.91989 20.93 1.0057 1.0057 0.99970 -0.92217 -0.00689 0.00120 -0.92801 1.01161 0.00391 -0.00154 0.00849 -0.00510 -0.38986 0.05875 0.00481 -0.00600 -0.05514 -0.3912 
572.78 11.568 171.696 -0.38874 0.05674 0.91944 20.15 1.0059 1.0059 0.99970 -0.92208 -0.00704 0.00121 -0.92773 1.01220 0.00398 -0.00156 0.00844 -0.00509 -0.39035 0.05889 0.00497 -0.00615 -0.05526 -0.3918 
572.10 11.581 171.697 -0.38916 0.05680 0.91924 19.76 1.0059 1.0059 0.99970 -0.92182 -0.00709 0.00119 -0.92757 1.01217 0.00412 -0.00148 0.00834 -0.00499 -0.39060 0.05898 0.00519 -0.00621 -0.05528 -0.3923 
571.08 11.600 171.690 -0.38970 0.05692 0.91888 19.37 1.0059 1.0059 0.99970 -0.92169 -0.00720 0.00135 -0.92714 1.01234 0.00423 -0.00169 0.00816 -0.00488 -0.39105 0.05920 0.00537 -0.00633 -0.05532 -0.3930 
570.40 11.610 171.682 -0.38997 0.05702 0.91863 19.11 1.0058 1.0059 0.99970 -0.92151 -0.00730 0.00131 -0.92679 1.01233 0.00437 -0.00167 0.00810 -0.00488 -0.39134 0.05926 0.00556 -0.00657 -0.05546 -0.3933 
569.38 11.630 171.666 -0.39058 0.05721 0.91839 18.61 1.0057 1.0058 0.99970 -0.92122 -0.00738 0.00134 -0.92641 1.01212 0.00433 -0.00171 0.00812 -0.00496 -0.39176 0.05944 0.00591 -0.00675 -0.05566 -0.3940 
568.70 11.643 171.657 -0.39102 0.05734 0.91823 18.36 1.0059 1.0059 0.99970 -0.92121 -0.00744 0.00130 -0.92637 1.01241 0.00449 -0.00178 0.00800 -0.00494 -0.39226 0.05956 0.00619 -0.00691 -0.05582 -0.3945 
568.02 11.659 171.636 -0.39150 0.05756 0.91802 18.32 1.0060 1.0060 0.99970 -0.92109 -0.00753 0.00135 -0.92620 1.01256 0.00458 -0.00196 0.00794 -0.00498 -0.39277 0.05989 0.00638 -0.00693 -0.05594 -0.3950 
567.00 11.679 171.616 -0.39211 0.05779 0.91775 17.95 1.0061 1.0062 0.99970 -0.92085 -0.00771 0.00140 -0.92616 1.01285 0.00469 -0.00186 0.00789 -0.00495 -0.39337 0.06019 0.00674 -0.00703 -0.05612 -0.3958 
566.32 11.697 171.601 -0.39271 0.05798 0.91763 17.98 1.0063 1.0063 0.99970 -0.92063 -0.00769 0.00135 -0.92625 1.01297 0.00463 -0.00169 0.00785 -0.00492 -0.39393 0.06036 0.00709 -0.00728 -0.05634 -0.3965 
565.29 11.720 171.575 -0.39345 0.05827 0.91738 17.78 1.0064 1.0064 0.99970 -0.92024 -0.00779 0.00112 -0.92634 1.01318 0.00468 -0.00126 0.00805 -0.00509 -0.39469 0.06063 0.00753 -0.00739 -0.05667 -0.3973 
564.61 11.732 171.564 -0.39383 0.05841 0.91725 17.72 1.0064 1.0065 0.99970 -0.92009 -0.00788 0.00103 -0.92623 1.01320 0.00482 -0.00112 0.00821 -0.00523 -0.39505 0.06072 0.00786 -0.00748 -0.05686 -0.3977 
563.59 11.758 171.534 -0.39462 0.05874 0.91687 17.75 1.0066 1.0066 0.99970 -0.91980 -0.00799 0.00088 -0.92610 1.01356 0.00494 -0.00097 0.00822 -0.00525 -0.39595 0.06095 0.00818 -0.00747 -0.05730 -0.3985 
562.91 11.773 171.515 -0.39504 0.05893 0.91661 17.80 1.0066 1.0066 0.99970 -0.91949 -0.00793 0.00074 -0.92588 1.01356 0.00498 -0.00089 0.00814 -0.00521 -0.39651 0.06117 0.00842 -0.00756 -0.05747 -0.3988 
561.89 11.796 171.504 -0.39578 0.05912 0.91632 17.99 1.0066 1.0067 0.99970 -0.91902 -0.00811 0.00073 -0.92586 1.01366 0.00526 -0.00098 0.00826 -0.00538 -0.39736 0.06139 0.00861 -0.00768 -0.05765 -0.3995 
561.21 11.809 171.483 -0.39621 0.05934 0.91619 18.10 1.0067 1.0068 0.99970 -0.91889 -0.00826 0.00078 -0.92584 1.01378 0.00552 -0.00105 0.00829 -0.00522 -0.39784 0.06159 0.00857 -0.00759 -0.05788 -0.3999 
560.53 11.826 171.464 -0.39674 0.05955 0.91600 18.22 1.0070 1.0070 0.99970 -0.91888 -0.00834 0.00081 -0.92586 1.01421 0.00573 -0.00121 0.00824 -0.00523 -0.39859 0.06183 0.00841 -0.00735 -0.05809 -0.4004 
559.51 11.855 171.451 -0.39767 0.05978 0.91568 18.41 1.0070 1.0070 0.99970 -0.91847 -0.00824 0.00080 -0.92559 1.01416 0.00568 -0.00140 0.00833 -0.00537 -0.39949 0.06197 0.00851 -0.00733 -0.05843 -0.4014 
558.83 11.875 171.450 -0.39832 0.05988 0.91544 18.73 1.0070 1.0070 0.99970 -0.91816 -0.00830 0.00082 -0.92536 1.01411 0.00569 -0.00140 0.00835 -0.00541 -0.40012 0.06208 0.00845 -0.00723 -0.05851 -0.4020 
557.81 11.898 171.473 -0.39916 0.05984 0.91527 19.15 1.0070 1.0071 0.99970 -0.91815 -0.00836 0.00090 -0.92496 1.01403 0.00573 -0.00146 0.00829 -0.00531 -0.40084 0.06199 0.00844 -0.00707 -0.05852 -0.4030 
557.13 11.916 171.480 -0.39976 0.05988 0.91514 19.38 1.0069 1.0070 0.99970 -0.91780 -0.00838 0.00094 -0.92476 1.01372 0.00585 -0.00150 0.00831 -0.00522 -0.40137 0.06201 0.00860 -0.00724 -0.05856 -0.4035 
556.11 11.938 171.462 -0.40048 0.06012 0.91492 19.91 1.0069 1.0069 0.99970 -0.91740 -0.00837 0.00095 -0.92449 1.01348 0.00568 -0.00135 0.00845 -0.00510 -0.40212 0.06223 0.00873 -0.00728 -0.05881 -0.4041 
555.43 11.953 171.449 -0.40097 0.06029 0.91472 20.37 1.0070 1.0070 0.99970 -0.91724 -0.00829 0.00095 -0.92442 1.01366 0.00548 -0.00139 0.00865 -0.00521 -0.40270 0.06243 0.00887 -0.00741 -0.05896 -0.4046 
554.40 11.977 171.460 -0.40175 0.06033 0.91441 20.95 1.0070 1.0070 0.99970 -0.91684 -0.00838 0.00084 -0.92413 1.01360 0.00555 -0.00126 0.00864 -0.00523 -0.40351 0.06254 0.00879 -0.00765 -0.05893 -0.4053 
553.72 11.993 171.462 -0.40225 0.06039 0.91418 21.37 1.0070 1.0070 0.99970 -0.91670 -0.00839 0.00081 -0.92387 1.01367 0.00567 -0.00114 0.00864 -0.00525 -0.40410 0.06266 0.00864 -0.00767 -0.05893 -0.4058 
552.70 12.016 171.469 -0.40300 0.06045 0.91392 22.24 1.0070 1.0070 0.99970 -0.91636 -0.00858 0.00063 -0.92358 1.01356 0.00588 -0.00091 0.00881 -0.00553 -0.40491 0.06270 0.00841 -0.00771 -0.05900 -0.4064 
552.02 12.031 171.477 -0.40350 0.06047 0.91374 22.84 1.0068 1.0069 0.99970 -0.91604 -0.00866 0.00047 -0.92327 1.01325 0.00584 -0.00081 0.00894 -0.00541 -0.40535 0.06273 0.00838 -0.00776 -0.05900 -0.4069 
551.34 12.046 171.481 -0.40405 0.06052 0.91364 23.39 1.0069 1.0069 0.99970 -0.91588 -0.00871 0.00051 -0.92316 1.01317 0.00590 -0.00079 0.00906 -0.00546 -0.40585 0.06272 0.00829 -0.00766 -0.05910 -0.4074 
550.32 12.071 171.501 -0.40490 0.06050 0.91338 24.12 1.0069 1.0069 0.99970 -0.91548 -0.00882 0.00042 -0.92292 1.01304 0.00579 -0.00059 0.00927 -0.00568 -0.40670 0.06273 0.00836 -0.00782 -0.05905 -0.4083 
549.64 12.084 171.514 -0.40531 0.06047 0.91319 24.78 1.0069 1.0069 0.99970 -0.91527 -0.00884 0.00031 -0.92280 1.01310 0.00573 -0.00051 0.00939 -0.00578 -0.40722 0.06266 0.00840 -0.00801 -0.05905 -0.4086 
548.62 12.105 171.498 -0.40589 0.06068 0.91273 25.58 1.0068 1.0068 0.99970 -0.91492 -0.00887 0.00020 -0.92215 1.01302 0.00569 -0.00057 0.00938 -0.00569 -0.40796 0.06288 0.00815 -0.00773 -0.05925 -0.4090 
547.94 12.120 171.490 -0.40633 0.06080 0.91248 26.08 1.0067 1.0067 0.99970 -0.91458 -0.00888 0.00013 -0.92188 1.01290 0.00563 -0.00034 0.00945 -0.00572 -0.40848 0.06300 0.00803 -0.00761 -0.05936 -0.4093 
546.92 12.139 171.499 -0.40693 0.06082 0.91215 26.94 1.0067 1.0068 0.99970 -0.91449 -0.00907 0.00017 -0.92145 1.01305 0.00566 -0.00038 0.00941 -0.00555 -0.40909 0.06305 0.00800 -0.00733 -0.05936 -0.4100 
546.24 12.156 171.498 -0.40740 0.06090 0.91184 27.58 1.0066 1.0067 0.99970 -0.91420 -0.00911 0.00002 -0.92103 1.01296 0.00558 -0.00039 0.00934 -0.00535 -0.40952 0.06315 0.00788 -0.00710 -0.05942 -0.4104 
545.22 12.182 171.507 -0.40823 0.06096 0.91145 28.26 1.0064 1.0064 0.99970 -0.91378 -0.00899 -0.00006 -0.92019 1.01245 0.00537 -0.00045 0.00926 -0.00514 -0.41028 0.06317 0.00787 -0.00679 -0.05950 -0.4112 
544.54 12.198 171.500 -0.40876 0.06109 0.91128 28.52 1.0063 1.0063 0.99970 -0.91348 -0.00896 0.00002 -0.91994 1.01220 0.00538 -0.00084 0.00925 -0.00514 -0.41072 0.06332 0.00798 -0.00698 -0.05959 -0.4117 
543.52 12.223 171.501 -0.40955 0.06120 0.91089 29.12 1.0062 1.0062 0.99970 -0.91312 -0.00899 0.00003 -0.91937 1.01205 0.00535 -0.00119 0.00931 -0.00520 -0.41152 0.06341 0.00793 -0.00713 -0.05970 -0.4124 
542.84 12.237 171.488 -0.40997 0.06136 0.91067 29.50 1.0061 1.0061 0.99970 -0.91288 -0.00888 0.00004 -0.91897 1.01185 0.00533 -0.00125 0.00932 -0.00515 -0.41203 0.06357 0.00787 -0.00716 -0.05985 -0.4126 
542.16 12.254 171.478 -0.41050 0.06151 0.91049 29.64 1.0061 1.0061 0.99970 -0.91275 -0.00880 -0.00007 -0.91872 1.01182 0.00523 -0.00129 0.00922 -0.00502 -0.41260 0.06375 0.00804 -0.00720 -0.05998 -0.4131 
541.14 12.282 171.443 -0.41135 0.06190 0.91008 29.64 1.0063 1.0064 0.99970 -0.91246 -0.00862 -0.00004 -0.91861 1.01228 0.00539 -0.00142 0.00899 -0.00494 -0.41376 0.06425 0.00817 -0.00744 -0.06028 -0.4139 
540.46 12.300 171.434 -0.41186 0.06204 0.90975 29.60 1.0064 1.0064 0.99970 -0.91223 -0.00850 0.00005 -0.91832 1.01245 0.00534 -0.00149 0.00889 -0.00476 -0.41439 0.06447 0.00829 -0.00763 -0.06036 -0.4143 
539.45 12.328 171.422 -0.41278 0.06227 0.90941 29.28 1.0065 1.0065 0.99970 -0.91194 -0.00832 0.00027 -0.91806 1.01259 0.00552 -0.00189 0.00875 -0.00459 -0.41544 0.06466 0.00853 -0.00799 -0.06064 -0.4152 
538.77 12.350 171.420 -0.41348 0.06239 0.90916 28.82 1.0064 1.0065 0.99970 -0.91146 -0.00813 0.00024 -0.91785 1.01238 0.00545 -0.00204 0.00876 -0.00451 -0.41603 0.06479 0.00865 -0.00801 -0.06074 -0.4159 
537.75 12.373 171.417 -0.41422 0.06252 0.90882 28.10 1.0062 1.0062 0.99970 -0.91077 -0.00796 0.00024 -0.91747 1.01196 0.00531 -0.00208 0.00872 -0.00438 -0.41668 0.06496 0.00877 -0.00824 -0.06081 -0.4166 
537.07 12.392 171.409 -0.41476 0.06266 0.90849 27.70 1.0062 1.0063 0.99970 -0.91070 -0.00783 0.00028 -0.91698 1.01207 0.00539 -0.00229 0.00861 -0.00435 -0.41724 0.06511 0.00874 -0.00838 -0.06094 -0.4172 
536.05 12.422 171.405 -0.41566 0.06283 0.90795 26.72 1.0065 1.0065 0.99970 -0.91058 -0.00780 0.00025 -0.91652 1.01263 0.00570 -0.00231 0.00828 -0.00402 -0.41822 0.06534 0.00896 -0.00843 -0.06109 -0.4182 
535.37 12.439 171.414 -0.41619 0.06284 0.90769 26.06 1.0065 1.0065 0.99970 -0.91020 -0.00781 0.00036 -0.91638 1.01265 0.00596 -0.00239 0.00821 -0.00408 -0.41870 0.06532 0.00906 -0.00878 -0.06113 -0.4188 
534.35 12.473 171.420 -0.41726 0.06296 0.90718 24.99 1.0065 1.0065 0.99970 -0.90996 -0.00774 0.00052 -0.91562 1.01267 0.00604 -0.00242 0.00819 -0.00404 -0.41974 0.06537 0.00887 -0.00862 -0.06132 -0.4199 
533.67 12.494 171.400 -0.41791 0.06320 0.90688 24.19 1.0066 1.0067 0.99970 -0.90984 -0.00768 0.00076 -0.91540 1.01295 0.00613 -0.00262 0.00803 -0.00392 -0.42041 0.06565 0.00891 -0.00868 -0.06156 -0.4207 
532.99 12.516 171.401 -0.41864 0.06331 0.90664 23.29 1.0068 1.0069 0.99970 -0.90977 -0.00740 0.00092 -0.91528 1.01329 0.00575 -0.00290 0.00799 -0.00386 -0.42122 0.06572 0.00891 -0.00880 -0.06172 -0.4215 
531.97 12.550 171.394 -0.41972 0.06352 0.90622 22.15 1.0068 1.0068 0.99970 -0.90927 -0.00704 0.00116 -0.91483 1.01317 0.00532 -0.00323 0.00779 -0.00380 -0.42218 0.06605 0.00891 -0.00919 -0.06180 -0.4227 
531.29 12.567 171.405 -0.42022 0.06351 0.90588 21.47 1.0069 1.0069 0.99970 -0.90913 -0.00692 0.00123 -0.91446 1.01336 0.00530 -0.00306 0.00765 -0.00367 -0.42259 0.06617 0.00903 -0.00934 -0.06169 -0.4233 
530.27 12.594 171.404 -0.42109 0.06365 0.90552 20.40 1.0070 1.0070 0.99970 -0.90872 -0.00685 0.00135 -0.91430 1.01353 0.00502 -0.00290 0.00757 -0.00340 -0.42332 0.06633 0.00939 -0.01000 -0.06182 -0.4244 
529.59 12.619 171.402 -0.42192 0.06379 0.90527 19.65 1.0071 1.0071 0.99970 -0.90847 -0.00685 0.00142 -0.91414 1.01365 0.00511 -0.00294 0.00736 -0.00299 -0.42409 0.06661 0.00956 -0.01030 -0.06183 -0.4254 
528.58 12.650 171.405 -0.42288 0.06392 0.90476 18.69 1.0072 1.0073 0.99970 -0.90808 -0.00673 0.00141 -0.91379 1.01395 0.00507 -0.00275 0.00722 -0.00280 -0.42506 0.06677 0.00964 -0.01022 -0.06194 -0.4265 
527.90 12.668 171.411 -0.42340 0.06395 0.90439 18.12 1.0073 1.0073 0.99970 -0.90782 -0.00664 0.00148 -0.91348 1.01415 0.00488 -0.00292 0.00707 -0.00274 -0.42553 0.06676 0.00963 -0.01009 -0.06203 -0.4271 
526.88 12.695 171.421 -0.42427 0.06401 0.90406 17.24 1.0074 1.0075 0.99970 -0.90743 -0.00670 0.00148 -0.91344 1.01440 0.00479 -0.00260 0.00687 -0.00255 -0.42634 0.06682 0.00968 -0.00996 -0.06210 -0.4282 
526.20 12.715 171.417 -0.42494 0.06414 0.90384 16.71 1.0074 1.0075 0.99970 -0.90722 -0.00676 0.00139 -0.91315 1.01435 0.00461 -0.00236 0.00688 -0.00241 -0.42700 0.06694 0.00985 -0.00969 -0.06224 -0.4288 
525.52 12.732 171.425 -0.42544 0.06415 0.90354 16.31 1.0073 1.0073 0.99970 -0.90678 -0.00680 0.00131 -0.91272 1.01404 0.00454 -0.00223 0.00697 -0.00239 -0.42746 0.06680 0.00999 -0.00957 -0.06239 -0.4293 
524.50 12.762 171.432 -0.42645 0.06425 0.90322 15.63 1.0072 1.0072 0.99970 -0.90634 -0.00684 0.00139 -0.91224 1.01374 0.00456 -0.00196 0.00708 -0.00236 -0.42834 0.06669 0.01032 -0.00968 -0.06268 -0.4303 
523.82 12.780 171.414 -0.42697 0.06447 0.90292 15.24 1.0072 1.0072 0.99970 -0.90595 -0.00694 0.00157 -0.91207 1.01379 0.00465 -0.00195 0.00704 -0.00236 -0.42893 0.06675 0.01042 -0.00979 -0.06305 -0.4308 
522.80 12.806 171.412 -0.42780 0.06461 0.90250 14.77 1.0072 1.0073 0.99970 -0.90559 -0.00701 0.00146 -0.91166 1.01388 0.00450 -0.00161 0.00695 -0.00233 -0.42975 0.06684 0.01088 -0.00998 -0.06325 -0.4317 
522.13 12.825 171.409 -0.42832 0.06470 0.90211 14.53 1.0070 1.0070 0.99970 -0.90518 -0.00704 0.00146 -0.91100 1.01356 0.00449 -0.00153 0.00681 -0.00214 -0.43029 0.06691 0.01091 -0.00983 -0.06336 -0.4320 
521.11 12.853 171.403 -0.42915 0.06488 0.90157 14.37 1.0070 1.0070 0.99970 -0.90478 -0.00710 0.00157 -0.91036 1.01362 0.00464 -0.00162 0.00687 -0.00223 -0.43115 0.06717 0.01096 -0.00953 -0.06346 -0.4329 
520.43 12.873 171.402 -0.42971 0.06497 0.90121 14.21 1.0069 1.0070 0.99970 -0.90436 -0.00723 0.00164 -0.91004 1.01359 0.00462 -0.00165 0.00688 -0.00233 -0.43166 0.06715 0.01112 -0.00948 -0.06365 -0.4335 
519.41 12.900 171.406 -0.43061 0.06508 0.90085 14.05 1.0069 1.0069 0.99970 -0.90399 -0.00728 0.00153 -0.90959 1.01348 0.00439 -0.00170 0.00705 -0.00248 -0.43249 0.06714 0.01129 -0.00946 -0.06388 -0.4344 
518.73 12.918 171.400 -0.43116 0.06521 0.90056 13.89 1.0067 1.0068 0.99970 -0.90358 -0.00734 0.00151 -0.90910 1.01313 0.00445 -0.00164 0.00701 -0.00242 -0.43299 0.06717 0.01139 -0.00958 -0.06408 -0.4349 
517.71 12.945 171.382 -0.43203 0.06548 0.90025 13.91 1.0064 1.0064 0.99970 -0.90279 -0.00728 0.00156 -0.90855 1.01234 0.00444 -0.00191 0.00706 -0.00261 -0.43372 0.06730 0.01169 -0.00997 -0.06444 -0.4355 
517.04 12.969 171.375 -0.43282 0.06565 0.90002 13.89 1.0062 1.0063 0.99970 -0.90232 -0.00739 0.00150 -0.90813 1.01188 0.00458 -0.00194 0.00706 -0.00259 -0.43439 0.06748 0.01167 -0.01013 -0.06459 -0.4363 
516.36 12.991 171.360 -0.43345 0.06586 0.89964 14.03 1.0060 1.0061 0.99970 -0.90186 -0.00740 0.00145 -0.90755 1.01156 0.00462 -0.00204 0.00713 -0.00278 -0.43500 0.06773 0.01164 -0.01025 -0.06474 -0.4368 
515.34 13.017 171.327 -0.43420 0.06623 0.89917 14.19 1.0060 1.0060 0.99970 -0.90129 -0.00727 0.00148 -0.90712 1.01149 0.00454 -0.00212 0.00708 -0.00303 -0.43594 0.06816 0.01184 -0.01048 -0.06504 -0.4373 
514.66 13.036 171.317 -0.43473 0.06639 0.89883 14.34 1.0059 1.0060 0.99970 -0.90096 -0.00727 0.00145 -0.90674 1.01147 0.00462 -0.00235 0.00708 -0.00307 -0.43657 0.06834 0.01188 -0.01067 -0.06519 -0.4377 
513.64 13.067 171.295 -0.43568 0.06671 0.89836 14.58 1.0059 1.0059 0.99970 -0.90061 -0.00726 0.00169 -0.90608 1.01139 0.00486 -0.00276 0.00720 -0.00319 -0.43765 0.06861 0.01172 -0.01078 -0.06554 -0.4385 
512.96 13.092 171.290 -0.43643 0.06686 0.89795 14.84 1.0056 1.0057 0.99970 -0.89994 -0.00724 0.00167 -0.90544 1.01086 0.00489 -0.00301 0.00715 -0.00313 -0.43828 0.06870 0.01178 -0.01108 -0.06573 -0.4392 
511.95 13.125 171.264 -0.43749 0.06722 0.89754 15.35 1.0052 1.0053 0.99970 -0.89917 -0.00725 0.00172 -0.90462 1.01000 0.00499 -0.00326 0.00730 -0.00340 -0.43921 0.06907 0.01168 -0.01111 -0.06603 -0.4400 
511.27 13.148 171.247 -0.43817 0.06746 0.89718 15.65 1.0050 1.0051 0.99970 -0.89862 -0.00736 0.00160 -0.90405 1.00956 0.00508 -0.00305 0.00735 -0.00348 -0.43976 0.06935 0.01165 -0.01119 -0.06620 -0.4406 
510.25 13.181 171.218 -0.43911 0.06783 0.89660 16.26 1.0050 1.0050 0.99970 -0.89826 -0.00739 0.00155 -0.90326 1.00958 0.00532 -0.00316 0.00732 -0.00353 -0.44074 0.06984 0.01147 -0.01138 -0.06646 -0.4416 
509.57 13.203 171.197 -0.43969 0.06809 0.89611 16.70 1.0051 1.0051 0.99970 -0.89816 -0.00746 0.00159 -0.90268 1.00992 0.00554 -0.00329 0.00736 -0.00371 -0.44137 0.07014 0.01139 -0.01133 -0.06669 -0.4422 
508.56 13.237 171.192 -0.44075 0.06829 0.89554 17.37 1.0051 1.0052 0.99970 -0.89768 -0.00758 0.00158 -0.90214 1.01006 0.00587 -0.00342 0.00722 -0.00357 -0.44246 0.07042 0.01135 -0.01135 -0.06683 -0.4433 
507.88 13.262 171.181 -0.44148 0.06850 0.89515 17.84 1.0052 1.0052 0.99970 -0.89729 -0.00748 0.00164 -0.90184 1.01017 0.00585 -0.00348 0.00728 -0.00379 -0.44333 0.07066 0.01135 -0.01187 -0.06701 -0.4440 
507.20 13.285 171.156 -0.44211 0.06879 0.89468 18.45 1.0053 1.0053 0.99970 -0.89712 -0.00736 0.00168 -0.90137 1.01050 0.00577 -0.00364 0.00730 -0.00375 -0.44414 0.07103 0.01148 -0.01229 -0.06725 -0.4446 
506.18 13.319 171.120 -0.44317 0.06924 0.89426 19.36 1.0055 1.0056 0.99970 -0.89691 -0.00718 0.00177 -0.90110 1.01091 0.00582 -0.00388 0.00712 -0.00355 -0.44536 0.07176 0.01143 -0.01257 -0.06745 -0.4457 
505.50 13.344 171.103 -0.44394 0.06949 0.89390 19.96 1.0056 1.0056 0.99970 -0.89656 -0.00705 0.00171 -0.90079 1.01098 0.00576 -0.00393 0.00703 -0.00328 -0.44624 0.07215 0.01128 -0.01245 -0.06758 -0.4464 
504.49 13.384 171.097 -0.44519 0.06974 0.89330 20.77 1.0055 1.0055 0.99970 -0.89588 -0.00707 0.00159 -0.89997 1.01066 0.00602 -0.00367 0.00699 -0.00316 -0.44749 0.07256 0.01133 -0.01261 -0.06764 -0.4475 
503.81 13.406 171.089 -0.44584 0.06991 0.89290 21.47 1.0055 1.0055 0.99970 -0.89556 -0.00702 0.00138 -0.89955 1.01074 0.00621 -0.00344 0.00695 -0.00302 -0.44820 0.07280 0.01140 -0.01277 -0.06775 -0.4481 
502.79 13.448 171.067 -0.44720 0.07029 0.89244 22.42 1.0055 1.0056 0.99970 -0.89490 -0.00705 0.00139 -0.89919 1.01061 0.00627 -0.00351 0.00684 -0.00258 -0.44957 0.07326 0.01125 -0.01251 -0.06805 -0.4494 
502.12 13.474 171.066 -0.44806 0.07044 0.89219 23.07 1.0057 1.0058 0.99970 -0.89468 -0.00698 0.00121 -0.89910 1.01083 0.00635 -0.00332 0.00660 -0.00228 -0.45043 0.07348 0.01124 -0.01219 -0.06814 -0.4504 
501.10 13.501 171.069 -0.44883 0.07054 0.89163 23.86 1.0057 1.0057 0.99970 -0.89409 -0.00699 0.00117 -0.89864 1.01094 0.00632 -0.00314 0.00655 -0.00226 -0.45124 0.07354 0.01120 -0.01208 -0.06828 -0.4512 
500.42 13.523 171.054 -0.44954 0.07077 0.89140 24.30 1.0057 1.0058 0.99970 -0.89381 -0.00712 0.00129 -0.89845 1.01092 0.00634 -0.00308 0.00649 -0.00217 -0.45192 0.07375 0.01134 -0.01190 -0.06854 -0.4519 
499.74 13.545 171.037 -0.45028 0.07102 0.89118 24.58 1.0057 1.0058 0.99970 -0.89342 -0.00709 0.00141 -0.89827 1.01077 0.00633 -0.00309 0.00651 -0.00215 -0.45275 0.07407 0.01165 -0.01210 -0.06871 -0.4525 
498.73 13.585 170.998 -0.45137 0.07150 0.89040 24.97 1.0054 1.0055 0.99970 -0.89251 -0.00682 0.00137 -0.89715 1.01026 0.00626 -0.00318 0.00659 -0.00225 -0.45407 0.07442 0.01192 -0.01225 -0.06929 -0.4532 
498.05 13.605 170.977 -0.45195 0.07176 0.89000 24.96 1.0054 1.0055 0.99970 -0.89214 -0.00672 0.00132 -0.89682 1.01037 0.00647 -0.00309 0.00650 -0.00235 -0.45474 0.07456 0.01217 -0.01250 -0.06969 -0.4537 
497.03 13.641 170.949 -0.45304 0.07217 0.88948 24.80 1.0055 1.0055 0.99970 -0.89169 -0.00662 0.00135 -0.89623 1.01037 0.00657 -0.00316 0.00620 -0.00208 -0.45592 0.07507 0.01216 -0.01270 -0.07000 -0.4547 
496.35 13.663 170.950 -0.45365 0.07226 0.88900 24.66 1.0055 1.0055 0.99970 -0.89128 -0.00675 0.00138 -0.89580 1.01051 0.00664 -0.00326 0.00610 -0.00200 -0.45662 0.07531 0.01214 -0.01271 -0.06994 -0.4553 
495.34 13.693 170.971 -0.45453 0.07222 0.88844 23.89 1.0057 1.0058 0.99970 -0.89102 -0.00664 0.00125 -0.89544 1.01109 0.00674 -0.00311 0.00614 -0.00195 -0.45774 0.07544 0.01268 -0.01306 -0.06978 -0.4562 
494.66 13.719 170.966 -0.45534 0.07239 0.88802 23.39 1.0058 1.0058 0.99970 -0.89063 -0.00663 0.00127 -0.89515 1.01126 0.00691 -0.00328 0.00623 -0.00204 -0.45857 0.07554 0.01278 -0.01304 -0.07004 -0.4571 
493.64 13.758 170.930 -0.45651 0.07288 0.88744 22.66 1.0060 1.0061 0.99970 -0.89013 -0.00651 0.00146 -0.89482 1.01165 0.00693 -0.00342 0.00639 -0.00214 -0.45959 0.07596 0.01300 -0.01291 -0.07063 -0.4586 
492.97 13.786 170.917 -0.45738 0.07312 0.88709 22.05 1.0061 1.0062 0.99970 -0.88970 -0.00642 0.00133 -0.89466 1.01178 0.00682 -0.00322 0.00628 -0.00203 -0.46033 0.07608 0.01335 -0.01308 -0.07100 -0.4597 
491.95 13.816 170.896 -0.45828 0.07344 0.88660 21.48 1.0062 1.0063 0.99970 -0.88918 -0.00620 0.00137 -0.89434 1.01193 0.00650 -0.00336 0.00617 -0.00200 -0.46124 0.07629 0.01356 -0.01322 -0.07144 -0.4607 
491.27 13.843 170.885 -0.45908 0.07366 0.88616 20.86 1.0060 1.0061 0.99970 -0.88849 -0.00618 0.00148 -0.89378 1.01153 0.00640 -0.00359 0.00594 -0.00166 -0.46201 0.07648 0.01378 -0.01336 -0.07167 -0.4613 
490.60 13.871 170.863 -0.45996 0.07398 0.88579 20.18 1.0060 1.0060 0.99970 -0.88784 -0.00590 0.00138 -0.89354 1.01137 0.00603 -0.00359 0.00584 -0.00156 -0.46293 0.07676 0.01408 -0.01364 -0.07202 -0.4621 
489.58 13.911 170.856 -0.46118 0.07424 0.88512 19.31 1.0061 1.0061 0.99970 -0.88720 -0.00571 0.00145 -0.89306 1.01162 0.00586 -0.00367 0.00583 -0.00133 -0.46424 0.07708 0.01418 -0.01387 -0.07223 -0.4633 
488.90 13.933 170.835 -0.46173 0.07449 0.88462 18.78 1.0062 1.0062 0.99970 -0.88667 -0.00552 0.00148 -0.89288 1.01196 0.00574 -0.00367 0.00573 -0.00124 -0.46499 0.07738 0.01431 -0.01408 -0.07248 -0.4639 
487.89 13.968 170.825 -0.46277 0.07475 0.88404 17.70 1.0063 1.0064 0.99970 -0.88588 -0.00536 0.00150 -0.89275 1.01223 0.00574 -0.00357 0.00561 -0.00099 -0.46634 0.07743 0.01446 -0.01432 -0.07295 -0.4647 
487.21 13.994 170.809 -0.46355 0.07500 0.88362 16.91 1.0062 1.0063 0.99970 -0.88542 -0.00521 0.00154 -0.89225 1.01210 0.00559 -0.00370 0.00560 -0.00091 -0.46716 0.07767 0.01438 -0.01441 -0.07322 -0.4654 
486.19 14.035 170.795 -0.46474 0.07531 0.88287 16.04 1.0061 1.0061 0.99970 -0.88447 -0.00518 0.00151 -0.89147 1.01185 0.00559 -0.00377 0.00553 -0.00066 -0.46837 0.07790 0.01455 -0.01482 -0.07360 -0.4665 
485.52 14.062 170.790 -0.46554 0.07549 0.88240 15.52 1.0060 1.0061 0.99970 -0.88391 -0.00509 0.00148 -0.89104 1.01180 0.00531 -0.00364 0.00546 -0.00058 -0.46931 0.07814 0.01480 -0.01509 -0.07370 -0.4671 
484.50 14.100 170.786 -0.46664 0.07570 0.88167 15.15 1.0060 1.0061 0.99970 -0.88306 -0.00505 0.00142 -0.89052 1.01192 0.00519 -0.00354 0.00544 -0.00055 -0.47061 0.07841 0.01490 -0.01528 -0.07387 -0.4681 
483.82 14.127 170.774 -0.46738 0.07592 0.88113 14.98 1.0060 1.0061 0.99970 -0.88236 -0.00506 0.00136 -0.89019 1.01199 0.00523 -0.00340 0.00535 -0.00048 -0.47135 0.07867 0.01485 -0.01529 -0.07405 -0.4689 
482.81 14.165 170.769 -0.46846 0.07613 0.88030 14.96 1.0061 1.0061 0.99970 -0.88153 -0.00506 0.00129 -0.88963 1.01229 0.00529 -0.00350 0.00517 -0.00025 -0.47273 0.07896 0.01491 -0.01536 -0.07422 -0.4698 
482.13 14.192 170.756 -0.46917 0.07636 0.87975 15.14 1.0060 1.0061 0.99970 -0.88092 -0.00503 0.00126 -0.88918 1.01234 0.00520 -0.00340 0.00504 -0.00003 -0.47355 0.07916 0.01485 -0.01546 -0.07447 -0.4704 
481.46 14.221 170.750 -0.47010 0.07656 0.87932 15.27 1.0060 1.0061 0.99970 -0.88043 -0.00508 0.00121 -0.88876 1.01229 0.00534 -0.00336 0.00489 0.00015 -0.47457 0.07929 0.01487 -0.01549 -0.07476 -0.4713 
480.44 14.267 170.713 -0.47141 0.07708 0.87849 15.74 1.0059 1.0060 0.99970 -0.87948 -0.00513 0.00120 -0.88790 1.01215 0.00535 -0.00330 0.00487 0.00008 -0.47595 0.07987 0.01490 -0.01566 -0.07521 -0.4725 
479.76 14.300 170.688 -0.47239 0.07746 0.87799 16.03 1.0058 1.0059 0.99970 -0.87882 -0.00524 0.00114 -0.88735 1.01191 0.00537 -0.00331 0.00486 0.00011 -0.47687 0.08026 0.01486 -0.01556 -0.07556 -0.4734 
478.75 14.354 170.664 -0.47408 0.07794 0.87727 16.09 1.0056 1.0057 0.99970 -0.87794 -0.00533 0.00097 -0.88626 1.01132 0.00548 -0.00309 0.00483 0.00010 -0.47842 0.08085 0.01431 -0.01473 -0.07589 -0.4750 
478.07 14.389 170.639 -0.47512 0.07832 0.87669 16.05 1.0055 1.0056 0.99970 -0.87727 -0.00538 0.00092 -0.88560 1.01112 0.00549 -0.00308 0.00487 0.00007 -0.47937 0.08124 0.01414 -0.01433 -0.07625 -0.4760 
477.06 14.441 170.622 -0.47672 0.07873 0.87596 16.37 1.0052 1.0053 0.99970 -0.87638 -0.00543 0.00068 -0.88429 1.01030 0.00536 -0.00299 0.00485 -0.00011 -0.48077 0.08154 0.01364 -0.01392 -0.07672 -0.4774 
476.38 14.473 170.605 -0.47773 0.07904 0.87548 16.65 1.0051 1.0051 0.99970 -0.87578 -0.00542 0.00063 -0.88365 1.00998 0.00528 -0.00318 0.00473 -0.00001 -0.48165 0.08183 0.01334 -0.01367 -0.07702 -0.4784 
475.36 14.525 170.585 -0.47928 0.07947 0.87468 17.78 1.0050 1.0051 0.99970 -0.87487 -0.00567 0.00074 -0.88277 1.00976 0.00529 -0.00323 0.00480 -0.00008 -0.48305 0.08219 0.01314 -0.01352 -0.07750 -0.4801 
474.69 14.557 170.574 -0.48027 0.07973 0.87415 18.63 1.0049 1.0049 0.99970 -0.87417 -0.00577 0.00074 -0.88209 1.00940 0.00522 -0.00341 0.00482 -0.00021 -0.48403 0.08242 0.01306 -0.01365 -0.07778 -0.4809 
474.01 14.595 170.554 -0.48137 0.08008 0.87350 19.88 1.0045 1.0046 0.99970 -0.87344 -0.00587 0.00079 -0.88098 1.00880 0.00532 -0.00369 0.00480 -0.00029 -0.48500 0.08268 0.01288 -0.01362 -0.07817 -0.4818 
473.00 14.653 170.507 -0.48306 0.08078 0.87257 22.43 1.0042 1.0043 0.99970 -0.87250 -0.00585 0.00093 -0.87946 1.00812 0.00522 -0.00408 0.00471 -0.00040 -0.48651 0.08331 0.01267 -0.01340 -0.07888 -0.4834 
472.32 14.691 170.483 -0.48415 0.08117 0.87187 24.41 1.0039 1.0040 0.99970 -0.87173 -0.00585 0.00084 -0.87834 1.00757 0.00512 -0.00449 0.00472 -0.00042 -0.48757 0.08369 0.01251 -0.01349 -0.07924 -0.4843 
471.31 14.750 170.456 -0.48584 0.08169 0.87077 27.07 1.0037 1.0038 0.99970 -0.87071 -0.00599 0.00059 -0.87683 1.00720 0.00529 -0.00458 0.00460 -0.00050 -0.48913 0.08422 0.01240 -0.01372 -0.07972 -0.4859 
470.63 14.788 170.448 -0.48699 0.08195 0.87017 28.60 1.0037 1.0038 0.99970 -0.87033 -0.00609 0.00059 -0.87604 1.00723 0.00532 -0.00484 0.00448 -0.00034 -0.49021 0.08454 0.01227 -0.01368 -0.07993 -0.4871 
469.61 14.846 170.429 -0.48873 0.08241 0.86918 29.88 1.0035 1.0036 0.99970 -0.86937 -0.00615 0.00067 -0.87463 1.00678 0.00529 -0.00531 0.00450 -0.00020 -0.49170 0.08501 0.01190 -0.01362 -0.08034 -0.4889 
468.94 14.883 170.423 -0.48983 0.08264 0.86854 30.80 1.0035 1.0036 0.99970 -0.86879 -0.00620 0.00065 -0.87395 1.00682 0.00530 -0.00543 0.00454 -0.00037 -0.49276 0.08527 0.01193 -0.01372 -0.08055 -0.4901 
467.92 14.942 170.372 -0.49156 0.08338 0.86761 32.31 1.0036 1.0037 0.99970 -0.86795 -0.00593 0.00069 -0.87299 1.00690 0.00520 -0.00585 0.00453 -0.00043 -0.49428 0.08590 0.01221 -0.01397 -0.08141 -0.4921 
467.25 14.984 170.336 -0.49277 0.08392 0.86689 33.45 1.0035 1.0035 0.99970 -0.86716 -0.00586 0.00081 -0.87204 1.00656 0.00514 -0.00623 0.00438 -0.00035 -0.49532 0.08632 0.01208 -0.01391 -0.08203 -0.4933 
466.23 15.040 170.281 -0.49428 0.08466 0.86582 36.09 1.0033 1.0034 0.99970 -0.86614 -0.00558 0.00085 -0.87075 1.00636 0.00494 -0.00662 0.00402 0.00002 -0.49662 0.08708 0.01215 -0.01406 -0.08276 -0.4949 
465.56 15.075 170.268 -0.49530 0.08495 0.86515 38.60 1.0032 1.0033 0.99970 -0.86536 -0.00561 0.00085 -0.87005 1.00621 0.00499 -0.00690 0.00376 0.00017 -0.49764 0.08728 0.01222 -0.01443 -0.08312 -0.4959 
464.88 15.111 170.247 -0.49630 0.08531 0.86447 41.76 1.0032 1.0033 0.99970 -0.86465 -0.00557 0.00099 -0.86941 1.00621 0.00490 -0.00721 0.00354 0.00036 -0.49877 0.08762 0.01221 -0.01466 -0.08350 -0.4968 
463.87 15.171 170.218 -0.49813 0.08589 0.86355 47.32 1.0030 1.0031 0.99970 -0.86354 -0.00534 0.00108 -0.86823 1.00570 0.00482 -0.00740 0.00317 0.00085 -0.50047 0.08823 0.01239 -0.01510 -0.08400 -0.4985 
463.19 15.209 170.200 -0.49925 0.08624 0.86296 50.16 1.0030 1.0031 0.99970 -0.86282 -0.00515 0.00107 -0.86765 1.00559 0.00480 -0.00742 0.00301 0.00088 -0.50155 0.08853 0.01244 -0.01528 -0.08440 -0.4996 
462.18 15.262 170.172 -0.50083 0.08676 0.86205 52.08 1.0029 1.0029 0.99970 -0.86179 -0.00492 0.00111 -0.86658 1.00526 0.00496 -0.00762 0.00274 0.00103 -0.50302 0.08901 0.01246 -0.01558 -0.08495 -0.5011 
461.50 15.296 170.152 -0.50181 0.08711 0.86149 51.80 1.0029 1.0030 0.99970 -0.86115 -0.00479 0.00105 -0.86621 1.00539 0.00507 -0.00765 0.00249 0.00121 -0.50410 0.08937 0.01266 -0.01597 -0.08530 -0.5021 
460.49 15.349 170.138 -0.50346 0.08753 0.86069 49.74 1.0029 1.0029 0.99970 -0.86021 -0.00464 0.00097 -0.86525 1.00504 0.00519 -0.00765 0.00235 0.00129 -0.50580 0.08974 0.01283 -0.01628 -0.08572 -0.5035 
459.81 15.385 170.128 -0.50448 0.08779 0.86003 48.21 1.0029 1.0029 0.99970 -0.85969 -0.00451 0.00097 -0.86451 1.00511 0.00494 -0.00765 0.00221 0.00133 -0.50677 0.09015 0.01306 -0.01665 -0.08586 -0.5046 
458.80 15.434 170.123 -0.50586 0.08807 0.85903 45.75 1.0028 1.0029 0.99970 -0.85859 -0.00440 0.00099 -0.86368 1.00518 0.00485 -0.00743 0.00195 0.00147 -0.50811 0.09029 0.01340 -0.01698 -0.08629 -0.5061 
458.12 15.468 170.106 -0.50685 0.08841 0.85846 45.09 1.0028 1.0029 0.99970 -0.85791 -0.00429 0.00105 -0.86316 1.00515 0.00472 -0.00710 0.00181 0.00145 -0.50918 0.09066 0.01363 -0.01712 -0.08658 -0.5070 
457.11 15.515 170.089 -0.50819 0.08880 0.85754 45.89 1.0028 1.0029 0.99970 -0.85660 -0.00400 0.00105 -0.86260 1.00510 0.00500 -0.00693 0.00151 0.00131 -0.51035 0.09107 0.01404 -0.01743 -0.08695 -0.5085 
456.43 15.549 170.058 -0.50915 0.08925 0.85696 46.99 1.0027 1.0028 0.99970 -0.85588 -0.00387 0.00109 -0.86202 1.00495 0.00514 -0.00666 0.00137 0.00131 -0.51110 0.09152 0.01418 -0.01732 -0.08739 -0.5096 
455.76 15.584 170.028 -0.51023 0.08971 0.85649 48.37 1.0028 1.0029 0.99970 -0.85532 -0.00388 0.00112 -0.86164 1.00496 0.00547 -0.00658 0.00125 0.00116 -0.51202 0.09195 0.01444 -0.01742 -0.08789 -0.5108 
454.74 15.629 170.000 -0.51159 0.09021 0.85578 47.82 1.0028 1.0029 0.99970 -0.85447 -0.00369 0.00135 -0.86100 1.00488 0.00556 -0.00657 0.00118 0.00087 -0.51302 0.09237 0.01486 -0.01772 -0.08847 -0.5125 
454.07 15.664 169.984 -0.51263 0.09054 0.85523 45.59 1.0030 1.0031 0.99970 -0.85403 -0.00354 0.00162 -0.86058 1.00514 0.00554 -0.00646 0.00103 0.00064 -0.51390 0.09264 0.01517 -0.01773 -0.08888 -0.5139 
453.05 15.716 169.986 -0.51421 0.09080 0.85437 41.03 1.0034 1.0035 0.99970 -0.85356 -0.00337 0.00185 -0.85994 1.00586 0.00569 -0.00650 0.00087 0.00067 -0.51549 0.09285 0.01581 -0.01845 -0.08925 -0.5158 
452.38 15.744 169.987 -0.51497 0.09092 0.85374 37.24 1.0036 1.0037 0.99970 -0.85318 -0.00337 0.00199 -0.85950 1.00639 0.00580 -0.00640 0.00088 0.00063 -0.51631 0.09291 0.01605 -0.01843 -0.08949 -0.5168 
451.37 15.793 169.974 -0.51635 0.09129 0.85282 32.28 1.0037 1.0038 0.99970 -0.85259 -0.00319 0.00230 -0.85837 1.00652 0.00598 -0.00637 0.00070 0.00069 -0.51779 0.09321 0.01631 -0.01797 -0.08994 -0.5181 
450.69 15.824 169.968 -0.51722 0.09150 0.85217 29.84 1.0037 1.0038 0.99970 -0.85214 -0.00311 0.00243 -0.85765 1.00671 0.00591 -0.00652 0.00054 0.00060 -0.51863 0.09339 0.01665 -0.01820 -0.09019 -0.5191 
449.68 15.876 169.988 -0.51883 0.09160 0.85133 28.01 1.0034 1.0035 0.99970 -0.85100 -0.00327 0.00263 -0.85648 1.00595 0.00609 -0.00682 0.00042 0.00080 -0.52019 0.09343 0.01676 -0.01874 -0.09028 -0.5204 
449.00 15.913 169.983 -0.51995 0.09184 0.85070 27.80 1.0034 1.0035 0.99970 -0.85017 -0.00347 0.00297 -0.85592 1.00580 0.00625 -0.00719 0.00022 0.00106 -0.52127 0.09352 0.01696 -0.01900 -0.09066 -0.5215 
447.99 15.967 170.026 -0.52171 0.09175 0.84988 27.55 1.0032 1.0033 0.99970 -0.84916 -0.00363 0.00313 -0.85483 1.00528 0.00669 -0.00740 -0.00010 0.00137 -0.52300 0.09357 0.01711 -0.01960 -0.09038 -0.5230 
447.31 16.003 170.022 -0.52273 0.09196 0.84919 26.99 1.0032 1.0033 0.99970 -0.84857 -0.00356 0.00336 -0.85397 1.00519 0.00672 -0.00751 -0.00033 0.00142 -0.52391 0.09376 0.01717 -0.01970 -0.09061 -0.5241 
446.64 16.040 170.030 -0.52383 0.09208 0.84856 25.86 1.0031 1.0032 0.99970 -0.84810 -0.00333 0.00357 -0.85295 1.00494 0.00675 -0.00764 -0.00045 0.00135 -0.52498 0.09389 0.01723 -0.02007 -0.09070 -0.5251 
445.63 16.101 170.038 -0.52565 0.09233 0.84745 23.28 1.0032 1.0033 0.99970 -0.84719 -0.00332 0.00365 -0.85181 1.00514 0.00663 -0.00744 -0.00070 0.00174 -0.52710 0.09434 0.01748 -0.02040 -0.09076 -0.5268 
444.95 16.138 170.018 -0.52671 0.09271 0.84675 21.35 1.0029 1.0030 0.99970 -0.84620 -0.00353 0.00383 -0.85097 1.00463 0.00670 -0.00754 -0.00068 0.00166 -0.52825 0.09446 0.01770 -0.02064 -0.09136 -0.5275 
443.94 16.190 170.014 -0.52816 0.09300 0.84568 18.69 1.0030 1.0031 1.00000 -0.84541 -0.00350 0.00414 -0.84981 1.00456 0.00672 -0.00783 -0.00075 0.00174 -0.53002 0.09471 0.01779 -0.02084 -0.09171 -0.5287 
443.26 16.225 170.017 -0.52913 0.09314 0.84494 17.51 1.0028 1.0029 1.00000 -0.84462 -0.00347 0.00430 -0.84885 1.00424 0.00677 -0.00811 -0.00093 0.00179 -0.53115 0.09486 0.01793 -0.02108 -0.09181 -0.5294 
442.25 16.282 170.007 -0.53065 0.09350 0.84370 16.79 1.0024 1.0025 1.00000 -0.84330 -0.00351 0.00456 -0.84724 1.00371 0.00692 -0.00854 -0.00135 0.00244 -0.53294 0.09516 0.01788 -0.02132 -0.09219 -0.5303 
441.57 16.323 170.004 -0.53179 0.09373 0.84287 16.89 1.0028 1.0029 1.00070 -0.84287 -0.00359 0.00467 -0.84671 1.00386 0.00698 -0.00872 -0.00171 0.00271 -0.53464 0.09530 0.01774 -0.02149 -0.09259 -0.5314 
440.56 16.385 169.997 -0.53359 0.09412 0.84171 16.85 1.0016 1.0018 1.00010 -0.84089 -0.00359 0.00460 -0.84444 1.00216 0.00688 -0.00877 -0.00213 0.00328 -0.53646 0.09554 0.01753 -0.02142 -0.09290 -0.5319 
439.89 16.424 169.975 -0.53459 0.09450 0.84085 16.70 1.0012 1.0013 1.00000 -0.83976 -0.00347 0.00454 -0.84328 1.00158 0.00684 -0.00865 -0.00232 0.00342 -0.53759 0.09579 0.01746 -0.02129 -0.09336 -0.5324 
439.21 16.462 169.949 -0.53555 0.09492 0.83998 16.29 1.0010 1.0011 1.00010 -0.83878 -0.00331 0.00444 -0.84228 1.00121 0.00679 -0.00849 -0.00250 0.00354 -0.53879 0.09609 0.01739 -0.02112 -0.09389 -0.5330 
438.20 16.519 169.902 -0.53694 0.09562 0.83863 15.17 1.0008 1.0009 1.00040 -0.83737 -0.00302 0.00425 -0.84091 1.00081 0.00669 -0.00814 -0.00276 0.00366 -0.54064 0.09658 0.01728 -0.02078 -0.09478 -0.5339 
437.53 16.557 169.866 -0.53784 0.09613 0.83771 14.27 0.9999 1.0001 0.99990 -0.83580 -0.00278 0.00408 -0.83940 0.99984 0.00660 -0.00784 -0.00291 0.00371 -0.54147 0.09687 0.01719 -0.02048 -0.09538 -0.5341 
436.51 16.613 169.804 -0.53913 0.09697 0.83628 12.94 0.9993 0.9994 0.99980 -0.83395 -0.00235 0.00377 -0.83767 0.99906 0.00645 -0.00729 -0.00312 0.00373 -0.54302 0.09740 0.01706 -0.01994 -0.09642 -0.5346 
435.84 16.650 169.757 -0.53996 0.09757 0.83531 12.22 0.9994 0.9995 1.00030 -0.83314 -0.00203 0.00352 -0.83698 0.99911 0.00633 -0.00686 -0.00325 0.00371 -0.54433 0.09784 0.01697 -0.01954 -0.09724 -0.5353 
434.83 16.706 169.680 -0.54116 0.09854 0.83380 11.48 0.9985 0.9986 1.00000 -0.83099 -0.00149 0.00310 -0.83506 0.99813 0.00612 -0.00611 -0.00342 0.00362 -0.54570 0.09845 0.01681 -0.01882 -0.09845 -0.5356 
434.15 16.743 169.623 -0.54192 0.09923 0.83278 10.97 0.9982 0.9983 1.00010 -0.82977 -0.00108 0.00278 -0.83403 0.99779 0.00597 -0.00554 -0.00352 0.00353 -0.54675 0.09890 0.01671 -0.01828 -0.09935 -0.5359 
433.14 16.799 169.531 -0.54302 0.10034 0.83120 10.10 0.9975 0.9976 1.00000 -0.82767 -0.00041 0.00224 -0.83226 0.99703 0.00571 -0.00459 -0.00365 0.00334 -0.54814 0.09961 0.01653 -0.01738 -0.10077 -0.5363 
432.47 16.836 169.464 -0.54371 0.10112 0.83012 9.36 0.9972 0.9973 1.00020 -0.82645 0.00008 0.00184 -0.83129 0.99679 0.00552 -0.00390 -0.00372 0.00318 -0.54919 0.10013 0.01642 -0.01673 -0.10181 -0.5366 
431.45 16.891 169.357 -0.54470 0.10237 0.82847 8.31 0.9965 0.9965 1.00010 -0.82424 0.00087 0.00119 -0.82950 0.99605 0.00521 -0.00275 -0.00380 0.00289 -0.55050 0.10092 0.01623 -0.01565 -0.10342 -0.5368 
430.78 16.910 169.318 -0.54503 0.10280 0.82790 7.53 0.9958 0.9959 0.99970 -0.82318 0.00116 0.00096 -0.82860 0.99544 0.00510 -0.00233 -0.00383 0.00277 -0.55073 0.10116 0.01615 -0.01525 -0.10394 -0.5367 

# MINIMA:
430.78 8.811 169.318 -0.54503 0.03500 0.82790 7.53 0.9958 0.9959 0.99970 -0.95218 -0.00911 -0.00475 -0.95939 0.99464 -0.00123 -0.00877 -0.00383 -0.00578 -0.55073 0.03382 -0.00277 -0.02149 -0.10394 -0.5368 

# MAXIMA:
849.54 16.910 173.365 -0.30027 0.10280 0.95227 52.08 1.0074 1.0075 1.00070 -0.82318 0.00116 0.00467 -0.82860 1.01440 0.00917 0.00477 0.00945 0.00373 -0.29678 0.10116 0.01793 0.00229 -0.03588 -0.3046 

# PEAKS:

# END SPECTRUM

