## SPECTRUM TYPE:
LCE

## DATE:
28-Feb-08

## COMMENTS:

## NUMBER OF SPECTRUM:
1

## ELLIPSOMETRIC CONFIGURATION:
0.00 ø :Modulator
+45.00 øAnalyser

## UNIT:
nm


# SPECTRUM:
1

# START TIME:
14:38:49

# END TIME:
14:38:49

# THETA ANGLE:
0.00 ø

# INCIDENCE ANGLE:
70.00 ø

# ACCUMULATION NUMBER:
7

# ELLIPSOMETRIC CONFIGURATION:
0.00 ø :Modulator
+45.00 øAnalyser

# INTEGRATION TIME:
66 ms

# FIRST POINT:
849.54 nm

# LAST POINT:
430.78 nm

# INCREMENT:
0.00 nm

# NUMBER OF POINTS:
500

# DATA:
nm Psi Delta Ic Is IcPrim IntensityMax Polarization PolarizationGen IntegrationTime Mueller11 Mueller12 Mueller13 Mueller14 Mueller21 Mueller22 Mueller23 Mueller24 Mueller31 Mueller32 Mueller33 Mueller34 Mueller41 Mueller42 Mueller43 Mueller44 
849.54 68.466 343.490 0.62884 -0.18639 -0.70168 15.24 0.9822 0.9828 63.0000 1.00010 0.69700 -0.01028 -0.00166 0.70890 1.00351 0.05422 -0.00952 -0.02283 -0.00782 0.62104 -0.18242 -0.00967 0.01801 0.19104 0.6389 
848.50 68.403 342.507 0.63047 -0.19870 -0.70410 15.38 0.9842 0.9846 63.0000 1.00020 0.70025 -0.00591 -0.00279 0.70963 1.00219 0.04776 -0.00712 -0.01936 -0.01141 0.62518 -0.19582 -0.00859 0.01507 0.20205 0.6373 
847.81 68.360 341.871 0.63144 -0.20675 -0.70556 15.64 0.9853 0.9856 63.0000 1.00000 0.70204 -0.00315 -0.00349 0.70988 1.00114 0.04372 -0.00561 -0.01728 -0.01357 0.62751 -0.20448 -0.00791 0.01323 0.20925 0.6361 
846.77 68.293 340.941 0.63270 -0.21859 -0.70750 15.86 0.9872 0.9875 63.0000 1.00010 0.70471 0.00070 -0.00446 0.71045 1.00012 0.03821 -0.00351 -0.01450 -0.01651 0.63085 -0.21720 -0.00694 0.01062 0.22003 0.6347 
846.07 68.247 340.338 0.63340 -0.22632 -0.70863 16.18 0.9883 0.9885 63.0000 1.00000 0.70618 0.00310 -0.00507 0.71065 0.99939 0.03484 -0.00220 -0.01288 -0.01823 0.63269 -0.22542 -0.00635 0.00902 0.22708 0.6337 
845.03 68.175 339.457 0.63427 -0.23768 -0.71005 16.57 0.9903 0.9905 63.0000 1.00030 0.70837 0.00642 -0.00589 0.71116 0.99890 0.03029 -0.00038 -0.01080 -0.02048 0.63533 -0.23752 -0.00551 0.00680 0.23766 0.6327 
844.34 68.127 338.888 0.63472 -0.24507 -0.71084 16.74 0.9909 0.9911 63.0000 0.99980 0.70916 0.00845 -0.00639 0.71095 0.99797 0.02757 0.00072 -0.00965 -0.02173 0.63638 -0.24516 -0.00499 0.00544 0.24443 0.6316 
843.30 68.054 338.058 0.63520 -0.25589 -0.71180 17.05 0.9926 0.9928 63.0000 0.99990 0.71065 0.01124 -0.00706 0.71116 0.99758 0.02398 0.00223 -0.00827 -0.02330 0.63809 -0.25648 -0.00428 0.00358 0.25466 0.6307 
842.61 68.003 337.516 0.63538 -0.26298 -0.71226 17.30 0.9942 0.9943 63.0000 1.00040 0.71174 0.01292 -0.00747 0.71154 0.99787 0.02192 0.00315 -0.00759 -0.02412 0.63921 -0.26394 -0.00385 0.00246 0.26156 0.6305 
841.56 67.927 336.728 0.63547 -0.27330 -0.71269 17.75 0.9954 0.9955 63.0000 1.00010 0.71233 0.01517 -0.00799 0.71127 0.99741 0.01928 0.00438 -0.00689 -0.02500 0.63984 -0.27448 -0.00326 0.00096 0.27144 0.6295 
840.87 67.876 336.218 0.63540 -0.28001 -0.71283 18.04 0.9962 0.9964 63.0000 1.00000 0.71261 0.01650 -0.00829 0.71111 0.99729 0.01784 0.00509 -0.00667 -0.02536 0.64004 -0.28130 -0.00291 0.00008 0.27797 0.6290 
840.18 67.842 335.751 0.63414 -0.28565 -0.71232 18.49 0.9979 0.9981 63.0000 1.00050 0.71373 0.01794 -0.00848 0.71111 0.99978 0.01721 0.00621 -0.00701 -0.02623 0.63941 -0.28751 -0.00196 -0.00174 0.28387 0.6290 
839.14 67.779 335.017 0.63286 -0.29488 -0.71194 18.63 0.9984 0.9986 63.0000 0.99970 0.71222 0.01883 -0.00890 0.71144 0.99998 0.01688 0.00738 -0.00848 -0.02473 0.63707 -0.29614 -0.00140 -0.00201 0.29353 0.6284 
838.44 67.712 334.543 0.63466 -0.30213 -0.71339 19.02 1.0006 1.0008 63.0000 0.99990 0.71304 0.02040 -0.00989 0.71355 0.99982 0.01583 0.00740 -0.01098 -0.02088 0.63945 -0.30265 -0.00255 -0.00017 0.30153 0.6297 
837.40 67.634 333.890 0.63423 -0.31084 -0.71295 19.31 1.0009 1.0011 63.0000 0.99990 0.71216 0.01989 -0.01038 0.71254 0.99841 0.01618 0.00797 -0.01200 -0.01943 0.63734 -0.31069 -0.00323 -0.00006 0.31046 0.6300 
836.71 67.582 333.417 0.63252 -0.31651 -0.71134 19.75 1.0008 1.0010 63.0000 1.00000 0.71071 0.01937 -0.00975 0.71089 0.99847 0.01768 0.00752 -0.01174 -0.01936 0.63484 -0.31643 -0.00243 -0.00131 0.31610 0.6292 
835.67 67.455 332.523 0.63078 -0.32804 -0.70875 20.04 1.0009 1.0010 63.0000 0.99970 0.70827 0.02082 -0.00964 0.70769 0.99814 0.01616 0.00777 -0.01181 -0.01929 0.63162 -0.32816 -0.00233 -0.00177 0.32722 0.6286 
834.98 67.356 332.104 0.62941 -0.33320 -0.70504 20.39 1.0006 1.0007 63.0000 0.99970 0.70450 0.02061 -0.00955 0.70488 0.99931 0.01665 0.00797 -0.01161 -0.01888 0.62972 -0.33346 -0.00241 -0.00099 0.33262 0.6285 
833.94 67.242 331.469 0.63003 -0.34251 -0.70432 20.92 1.0018 1.0019 63.0000 0.99970 0.70358 0.02100 -0.00888 0.70391 0.99869 0.01607 0.00721 -0.01368 -0.01659 0.63041 -0.34283 -0.00288 -0.00050 0.34164 0.6286 
833.24 67.163 331.092 0.62916 -0.34743 -0.70201 21.11 1.0019 1.0021 63.0000 0.99970 0.70153 0.02026 -0.00842 0.70191 0.99946 0.01695 0.00662 -0.01468 -0.01626 0.62852 -0.34815 -0.00311 -0.00056 0.34642 0.6293 
832.55 67.080 330.641 0.62817 -0.35337 -0.69993 21.47 1.0025 1.0026 63.0000 0.99970 0.69952 0.02061 -0.00789 0.70051 1.00054 0.01741 0.00538 -0.01432 -0.01792 0.62778 -0.35461 -0.00230 -0.00201 0.35222 0.6287 
831.51 66.976 329.932 0.62714 -0.36307 -0.69861 21.67 1.0027 1.0029 63.0000 0.99970 0.69714 0.02002 -0.00710 0.69931 0.99919 0.01879 0.00384 -0.01564 -0.01667 0.62650 -0.36322 -0.00196 -0.00251 0.36252 0.6271 
830.82 66.904 329.512 0.62679 -0.36903 -0.69772 22.07 1.0027 1.0029 63.0000 0.99970 0.69559 0.01875 -0.00627 0.69815 0.99786 0.02166 0.00200 -0.01678 -0.01559 0.62532 -0.36844 -0.00194 -0.00336 0.36873 0.6267 
829.78 66.770 328.816 0.62539 -0.37851 -0.69469 22.59 1.0024 1.0026 63.0000 0.99970 0.69254 0.01698 -0.00508 0.69425 0.99659 0.02467 0.00019 -0.01710 -0.01542 0.62314 -0.37689 -0.00283 -0.00282 0.37872 0.6253 
829.08 66.663 328.384 0.62393 -0.38409 -0.69107 22.77 1.0018 1.0020 63.0000 0.99970 0.68951 0.01565 -0.00443 0.69013 0.99669 0.02781 -0.00078 -0.01708 -0.01523 0.62100 -0.38279 -0.00303 -0.00261 0.38400 0.6246 
828.04 66.502 327.730 0.62203 -0.39277 -0.68613 23.40 1.0012 1.0014 63.0000 0.99970 0.68429 0.01562 -0.00353 0.68548 0.99667 0.02847 -0.00192 -0.01680 -0.01643 0.61883 -0.39159 -0.00247 -0.00390 0.39253 0.6230 
827.35 66.397 327.303 0.62102 -0.39864 -0.68319 23.56 1.0007 1.0009 63.0000 0.99970 0.68081 0.01515 -0.00231 0.68270 0.99610 0.02851 -0.00361 -0.01648 -0.01780 0.61791 -0.39774 -0.00146 -0.00538 0.39786 0.6215 
826.31 66.242 326.632 0.61940 -0.40793 -0.67923 24.07 1.0006 1.0008 63.0000 0.99970 0.67653 0.01443 -0.00078 0.67885 0.99576 0.03092 -0.00543 -0.01710 -0.01851 0.61641 -0.40695 -0.00183 -0.00527 0.40706 0.6196 
825.62 66.142 326.223 0.61815 -0.41346 -0.67629 24.36 0.9997 1.0000 63.0000 0.99970 0.67372 0.01444 -0.00035 0.67500 0.99458 0.03038 -0.00506 -0.01579 -0.02123 0.61423 -0.41239 -0.00140 -0.00682 0.41217 0.6185 
824.58 65.959 325.633 0.61621 -0.42140 -0.67022 24.70 0.9984 0.9986 63.0000 0.99970 0.66737 0.01389 0.00033 0.66870 0.99377 0.02976 -0.00547 -0.01360 -0.02422 0.61203 -0.42038 -0.00058 -0.00755 0.41968 0.6164 
823.89 65.819 325.263 0.61592 -0.42708 -0.66635 24.99 0.9978 0.9980 63.0000 0.99970 0.66366 0.01394 0.00002 0.66414 0.99295 0.02923 -0.00502 -0.01307 -0.02408 0.61191 -0.42563 -0.00089 -0.00681 0.42539 0.6154 
823.19 65.690 324.845 0.61567 -0.43358 -0.66341 25.30 0.9975 0.9978 63.0000 0.99970 0.66081 0.01212 0.00071 0.66038 0.99181 0.03258 -0.00657 -0.01206 -0.02540 0.61214 -0.43160 -0.00071 -0.00716 0.43188 0.6140 
822.15 65.493 324.238 0.61435 -0.44247 -0.65782 25.59 0.9976 0.9979 63.0000 0.99970 0.65535 0.01182 0.00018 0.65519 0.99256 0.03216 -0.00573 -0.01102 -0.02688 0.61170 -0.44096 -0.00018 -0.00751 0.44055 0.6123 
821.46 65.379 323.877 0.61327 -0.44758 -0.65437 25.75 0.9976 0.9979 63.0000 0.99970 0.65203 0.01168 0.00029 0.65212 0.99327 0.03123 -0.00589 -0.01050 -0.02739 0.61051 -0.44655 -0.00003 -0.00755 0.44547 0.6117 
820.42 65.206 323.331 0.61167 -0.45542 -0.64929 26.01 0.9974 0.9976 63.0000 0.99970 0.64664 0.01085 0.00059 0.64750 0.99347 0.03194 -0.00649 -0.00840 -0.02962 0.60857 -0.45499 0.00086 -0.00861 0.45273 0.6106 
819.73 65.086 323.020 0.61131 -0.46032 -0.64604 26.42 0.9977 0.9980 63.0000 0.99970 0.64322 0.01118 0.00024 0.64493 0.99423 0.03062 -0.00595 -0.00830 -0.03000 0.60806 -0.46052 0.00049 -0.00839 0.45733 0.6108 
818.69 64.925 322.424 0.61067 -0.46987 -0.64310 26.81 0.9981 0.9984 63.0000 0.99970 0.64011 0.01040 0.00084 0.64132 0.99288 0.03249 -0.00734 -0.00753 -0.03129 0.60773 -0.46966 0.00094 -0.00936 0.46660 0.6091 
818.00 64.807 322.065 0.61003 -0.47549 -0.64019 26.99 0.9983 0.9985 63.0000 0.99970 0.63759 0.01112 0.00017 0.63798 0.99279 0.03109 -0.00673 -0.00701 -0.03217 0.60708 -0.47559 0.00102 -0.00972 0.47181 0.6084 
816.96 64.604 321.560 0.60893 -0.48333 -0.63423 27.11 0.9985 0.9988 63.0000 0.99970 0.63257 0.01052 -0.00005 0.63190 0.99399 0.03213 -0.00729 -0.00629 -0.03376 0.60668 -0.48324 0.00132 -0.01097 0.48037 0.6073 
816.27 64.491 321.234 0.60779 -0.48809 -0.63081 27.17 0.9983 0.9986 63.0000 0.99970 0.62885 0.01097 -0.00091 0.62885 0.99407 0.03027 -0.00609 -0.00592 -0.03426 0.60476 -0.48854 0.00126 -0.01053 0.48460 0.6070 
815.23 64.306 320.744 0.60727 -0.49626 -0.62634 27.25 0.9987 0.9990 63.0000 0.99970 0.62394 0.01113 -0.00200 0.62479 0.99402 0.02769 -0.00494 -0.00622 -0.03274 0.60385 -0.49665 0.00061 -0.00881 0.49276 0.6069 
814.54 64.189 320.448 0.60706 -0.50135 -0.62352 27.57 0.9986 0.9988 63.0000 0.99970 0.62034 0.01082 -0.00297 0.62227 0.99319 0.02609 -0.00389 -0.00651 -0.03173 0.60262 -0.50121 -0.00028 -0.00752 0.49793 0.6072 
813.84 64.080 320.159 0.60690 -0.50638 -0.62111 27.68 0.9985 0.9987 63.0000 0.99970 0.61747 0.01051 -0.00329 0.61959 0.99198 0.02491 -0.00405 -0.00671 -0.03035 0.60184 -0.50523 -0.00042 -0.00746 0.50332 0.6069 
812.81 63.914 319.740 0.60676 -0.51384 -0.61739 27.88 0.9989 0.9991 63.0000 0.99970 0.61347 0.01090 -0.00411 0.61589 0.99153 0.02349 -0.00319 -0.00845 -0.02742 0.60122 -0.51211 -0.00197 -0.00507 0.51107 0.6070 
812.11 63.805 319.426 0.60547 -0.51847 -0.61411 27.76 0.9989 0.9991 63.0000 0.99970 0.61032 0.01078 -0.00454 0.61269 0.99182 0.02336 -0.00261 -0.00881 -0.02677 0.59937 -0.51732 -0.00211 -0.00489 0.51523 0.6064 
811.07 63.633 318.953 0.60331 -0.52532 -0.60864 27.81 0.9977 0.9979 63.0000 0.99970 0.60461 0.00997 -0.00482 0.60676 0.99059 0.02302 -0.00254 -0.00866 -0.02580 0.59532 -0.52383 -0.00243 -0.00444 0.52171 0.6054 
810.38 63.500 318.651 0.60219 -0.52996 -0.60451 27.83 0.9977 0.9979 63.0000 0.99970 0.60012 0.01019 -0.00540 0.60347 0.99134 0.02289 -0.00186 -0.00906 -0.02466 0.59415 -0.52862 -0.00257 -0.00382 0.52655 0.6048 
809.34 63.316 318.207 0.60061 -0.53689 -0.59897 27.78 0.9976 0.9978 63.0000 0.99970 0.59528 0.01058 -0.00524 0.59750 0.99168 0.02191 -0.00215 -0.00946 -0.02279 0.59226 -0.53539 -0.00255 -0.00366 0.53376 0.6038 
808.65 63.183 317.920 0.60021 -0.54196 -0.59549 27.91 0.9979 0.9980 63.0000 0.99970 0.59187 0.01082 -0.00545 0.59405 0.99179 0.02079 -0.00208 -0.00949 -0.02248 0.59192 -0.54035 -0.00271 -0.00302 0.53896 0.6034 
807.61 62.966 317.483 0.60037 -0.55047 -0.59030 27.89 0.9991 0.9992 63.0000 0.99970 0.58709 0.01252 -0.00622 0.58895 0.99255 0.01781 -0.00056 -0.01130 -0.01979 0.59319 -0.54862 -0.00403 -0.00140 0.54806 0.6029 
806.92 62.825 317.174 0.59998 -0.55609 -0.58674 27.66 0.9997 0.9999 63.0000 0.99970 0.58325 0.01270 -0.00629 0.58598 0.99305 0.01793 -0.00096 -0.01216 -0.01901 0.59373 -0.55431 -0.00422 -0.00148 0.55384 0.6019 
805.88 62.600 316.732 0.59912 -0.56396 -0.58041 27.45 1.0009 1.0010 63.0000 0.99970 0.57693 0.01293 -0.00683 0.58090 0.99513 0.01751 -0.00105 -0.01259 -0.01857 0.59405 -0.56281 -0.00434 -0.00117 0.56219 0.6011 
805.19 62.458 316.467 0.59827 -0.56839 -0.57602 27.38 1.0014 1.0015 63.0000 0.99970 0.57264 0.01247 -0.00676 0.57730 0.99665 0.01854 -0.00172 -0.01265 -0.01792 0.59367 -0.56751 -0.00415 -0.00087 0.56720 0.6007 
804.50 62.336 316.200 0.59782 -0.57328 -0.57291 27.35 1.0015 1.0017 63.0000 0.99970 0.56926 0.01209 -0.00659 0.57423 0.99624 0.01915 -0.00251 -0.01234 -0.01762 0.59334 -0.57226 -0.00394 -0.00134 0.57198 0.5999 
803.46 62.171 315.813 0.59724 -0.58053 -0.56906 27.05 1.0013 1.0014 63.0000 0.99970 0.56496 0.01131 -0.00628 0.56963 0.99409 0.02079 -0.00350 -0.01204 -0.01728 0.59127 -0.57902 -0.00344 -0.00201 0.57844 0.5995 
802.77 62.024 315.539 0.59583 -0.58472 -0.56409 26.87 1.0012 1.0013 63.0000 0.99970 0.56045 0.01129 -0.00659 0.56478 0.99509 0.02151 -0.00369 -0.01135 -0.01821 0.58959 -0.58411 -0.00354 -0.00194 0.58229 0.5990 
801.73 61.820 315.097 0.59401 -0.59200 -0.55802 26.65 1.0009 1.0010 63.0000 0.99970 0.55481 0.01013 -0.00560 0.55813 0.99474 0.02448 -0.00483 -0.01208 -0.01678 0.58762 -0.59138 -0.00422 -0.00153 0.58933 0.5971 
801.04 61.709 314.813 0.59280 -0.59669 -0.55500 26.39 1.0008 1.0010 63.0000 0.99970 0.55190 0.00958 -0.00486 0.55475 0.99427 0.02650 -0.00599 -0.01322 -0.01542 0.58574 -0.59591 -0.00451 -0.00156 0.59387 0.5963 
800.00 61.527 314.352 0.59148 -0.60501 -0.55059 26.29 1.0013 1.0015 63.0000 0.99970 0.54689 0.00983 -0.00441 0.55053 0.99347 0.02650 -0.00632 -0.01376 -0.01500 0.58492 -0.60374 -0.00435 -0.00152 0.60214 0.5940 
799.31 61.420 314.058 0.59092 -0.61067 -0.54849 26.13 1.0014 1.0016 63.0000 0.99970 0.54427 0.00965 -0.00402 0.54802 0.99176 0.02709 -0.00674 -0.01386 -0.01519 0.58374 -0.60932 -0.00418 -0.00186 0.60681 0.5930 
798.27 61.221 313.604 0.58859 -0.61799 -0.54248 25.69 1.0006 1.0008 63.0000 0.99970 0.53807 0.00853 -0.00380 0.54147 0.99030 0.02906 -0.00676 -0.01373 -0.01544 0.58059 -0.61652 -0.00476 -0.00164 0.61328 0.5907 
797.58 61.077 313.350 0.58680 -0.62160 -0.53736 25.71 1.0000 1.0002 63.0000 0.99970 0.53334 0.00728 -0.00347 0.53615 0.99057 0.03119 -0.00730 -0.01403 -0.01502 0.57832 -0.61981 -0.00521 -0.00165 0.61733 0.5896 
796.89 60.935 313.072 0.58500 -0.62576 -0.53258 25.33 0.9998 1.0000 63.0000 0.99970 0.52894 0.00622 -0.00272 0.53139 0.99124 0.03289 -0.00852 -0.01416 -0.01422 0.57656 -0.62357 -0.00521 -0.00158 0.62228 0.5881 
795.85 60.725 312.694 0.58363 -0.63261 -0.52641 24.82 1.0000 1.0002 63.0000 0.99970 0.52299 0.00600 -0.00305 0.52511 0.99132 0.03417 -0.00791 -0.01338 -0.01456 0.57560 -0.63098 -0.00465 -0.00231 0.62856 0.5864 
795.16 60.576 312.446 0.58289 -0.63733 -0.52208 24.63 1.0004 1.0007 63.0000 0.99970 0.51897 0.00611 -0.00308 0.52084 0.99197 0.03410 -0.00771 -0.01334 -0.01474 0.57541 -0.63611 -0.00470 -0.00234 0.63323 0.5855 
794.12 60.362 312.082 0.58132 -0.64376 -0.51551 24.26 1.0002 1.0004 63.0000 0.99970 0.51224 0.00640 -0.00288 0.51432 0.99165 0.03365 -0.00775 -0.01301 -0.01501 0.57413 -0.64277 -0.00470 -0.00267 0.63918 0.5835 
793.43 60.239 311.836 0.58023 -0.64814 -0.51197 24.09 1.0002 1.0004 63.0000 0.99970 0.50877 0.00562 -0.00229 0.51054 0.99125 0.03522 -0.00865 -0.01297 -0.01420 0.57261 -0.64686 -0.00457 -0.00263 0.64356 0.5826 
792.40 60.036 311.487 0.57822 -0.65386 -0.50538 23.87 1.0003 1.0005 63.0000 0.99970 0.50279 0.00613 -0.00241 0.50387 0.99219 0.03573 -0.00864 -0.01254 -0.01393 0.57017 -0.65254 -0.00445 -0.00251 0.64987 0.5816 
791.70 59.892 311.219 0.57678 -0.65841 -0.50098 23.51 1.0003 1.0006 63.0000 0.99970 0.49848 0.00626 -0.00261 0.49953 0.99241 0.03623 -0.00838 -0.01244 -0.01411 0.56902 -0.65706 -0.00441 -0.00269 0.65456 0.5800 
790.67 59.676 310.875 0.57547 -0.66493 -0.49452 22.97 1.0003 1.0005 63.0000 0.99970 0.49244 0.00557 -0.00204 0.49251 0.99202 0.03729 -0.00926 -0.01202 -0.01352 0.56772 -0.66256 -0.00448 -0.00203 0.66179 0.5785 
789.98 59.531 310.667 0.57416 -0.66830 -0.48965 22.80 1.0000 1.0002 63.0000 0.99970 0.48778 0.00523 -0.00219 0.48756 0.99221 0.03706 -0.00893 -0.01208 -0.01322 0.56583 -0.66582 -0.00471 -0.00186 0.66538 0.5778 
788.94 59.305 310.324 0.57142 -0.67321 -0.48165 22.51 1.0001 1.0004 63.0000 0.99970 0.48009 0.00431 -0.00229 0.48051 0.99469 0.03738 -0.00787 -0.01239 -0.01228 0.56362 -0.67125 -0.00517 -0.00071 0.67140 0.5760 
788.25 59.173 310.112 0.57010 -0.67672 -0.47735 22.30 1.0000 1.0002 63.0000 0.99970 0.47555 0.00389 -0.00208 0.47658 0.99492 0.03718 -0.00785 -0.01255 -0.01113 0.56233 -0.67450 -0.00532 0.00041 0.67529 0.5748 
787.56 59.035 309.926 0.56840 -0.67918 -0.47231 21.96 0.9997 0.9999 63.0000 0.99970 0.47067 0.00431 -0.00195 0.47185 0.99587 0.03600 -0.00736 -0.01272 -0.01096 0.56013 -0.67653 -0.00552 0.00101 0.67882 0.5741 
786.52 58.819 309.611 0.56576 -0.68361 -0.46466 21.74 0.9987 0.9989 63.0000 0.99970 0.46304 0.00472 -0.00199 0.46428 0.99599 0.03556 -0.00675 -0.01327 -0.01132 0.55627 -0.68023 -0.00571 0.00087 0.68405 0.5728 
785.83 58.675 309.397 0.56471 -0.68757 -0.46022 21.51 0.9987 0.9989 63.0000 0.99970 0.45850 0.00443 -0.00158 0.45992 0.99590 0.03635 -0.00727 -0.01371 -0.01079 0.55582 -0.68365 -0.00565 0.00085 0.68846 0.5711 
784.79 58.468 309.074 0.56360 -0.69414 -0.45435 21.16 0.9992 0.9994 63.0000 0.99970 0.45244 0.00482 -0.00182 0.45418 0.99575 0.03522 -0.00646 -0.01458 -0.00940 0.55505 -0.68994 -0.00576 0.00120 0.69519 0.5696 
784.10 58.304 308.848 0.56233 -0.69820 -0.44909 21.02 0.9994 0.9996 63.0000 0.99970 0.44751 0.00536 -0.00197 0.44888 0.99630 0.03469 -0.00611 -0.01464 -0.00966 0.55449 -0.69406 -0.00570 0.00105 0.69955 0.5679 
783.06 58.072 308.544 0.56159 -0.70489 -0.44236 21.00 1.0000 1.0002 63.0000 0.99970 0.44104 0.00537 -0.00187 0.44189 0.99624 0.03422 -0.00654 -0.01454 -0.00971 0.55501 -0.69973 -0.00573 0.00043 0.70720 0.5659 
782.37 57.898 308.358 0.56076 -0.70857 -0.43674 20.68 1.0005 1.0006 63.0000 0.99970 0.43587 0.00591 -0.00208 0.43643 0.99758 0.03330 -0.00621 -0.01428 -0.01027 0.55565 -0.70384 -0.00555 0.00004 0.71136 0.5643 
781.34 57.655 308.083 0.55938 -0.71385 -0.42890 20.52 1.0011 1.0013 63.0000 0.99970 0.42882 0.00659 -0.00230 0.42854 0.99926 0.03224 -0.00609 -0.01280 -0.01283 0.55543 -0.70947 -0.00461 -0.00200 0.71748 0.5628 
780.65 57.486 307.900 0.55862 -0.71759 -0.42352 20.30 1.0019 1.0021 63.0000 0.99970 0.42347 0.00732 -0.00284 0.42384 1.00097 0.03105 -0.00556 -0.01217 -0.01371 0.55611 -0.71406 -0.00431 -0.00202 0.72160 0.5615 
779.61 57.258 307.647 0.55731 -0.72247 -0.41613 19.94 1.0027 1.0029 63.0000 0.99970 0.41569 0.00807 -0.00334 0.41763 1.00285 0.02955 -0.00535 -0.01196 -0.01484 0.55537 -0.71969 -0.00439 -0.00227 0.72708 0.5607 
778.92 57.107 307.457 0.55559 -0.72520 -0.41083 19.82 1.0027 1.0029 63.0000 0.99970 0.41048 0.00810 -0.00372 0.41268 1.00396 0.02942 -0.00516 -0.01115 -0.01642 0.55372 -0.72314 -0.00402 -0.00306 0.72991 0.5595 
778.23 56.952 307.323 0.55445 -0.72721 -0.40533 19.64 1.0024 1.0026 63.0000 0.99970 0.40491 0.00863 -0.00436 0.40757 1.00481 0.02760 -0.00449 -0.01045 -0.01701 0.55221 -0.72571 -0.00363 -0.00333 0.73199 0.5592 
777.19 56.731 307.054 0.55249 -0.73175 -0.39795 19.62 1.0021 1.0023 63.0000 0.99970 0.39759 0.00830 -0.00423 0.40017 1.00498 0.02804 -0.00526 -0.00946 -0.01803 0.55057 -0.73081 -0.00307 -0.00443 0.73612 0.5570 
776.50 56.601 306.859 0.55140 -0.73550 -0.39402 19.41 1.0018 1.0020 63.0000 0.99970 0.39367 0.00801 -0.00405 0.39572 1.00372 0.02834 -0.00626 -0.00850 -0.01972 0.54917 -0.73468 -0.00271 -0.00598 0.73884 0.5555 
775.47 56.391 306.552 0.54892 -0.74041 -0.38709 19.24 1.0016 1.0018 63.0000 0.99970 0.38687 0.00825 -0.00389 0.38865 1.00375 0.02806 -0.00736 -0.00780 -0.02133 0.54685 -0.74025 -0.00193 -0.00803 0.74312 0.5529 
774.78 56.250 306.350 0.54752 -0.74401 -0.38265 19.02 1.0014 1.0016 63.0000 0.99970 0.38243 0.00729 -0.00354 0.38400 1.00327 0.02957 -0.00837 -0.00746 -0.02217 0.54527 -0.74399 -0.00189 -0.00865 0.74623 0.5514 
773.74 56.058 306.042 0.54633 -0.75081 -0.37733 18.89 1.0013 1.0015 63.0000 0.99970 0.37685 0.00757 -0.00355 0.37793 1.00061 0.02837 -0.00760 -0.00733 -0.02272 0.54386 -0.75027 -0.00173 -0.01006 0.75157 0.5490 
773.05 55.933 305.850 0.54529 -0.75468 -0.37364 18.80 1.0011 1.0013 63.0000 0.99970 0.37305 0.00765 -0.00331 0.37385 0.99928 0.02700 -0.00808 -0.00666 -0.02361 0.54263 -0.75366 -0.00122 -0.01114 0.75493 0.5474 
772.01 55.711 305.590 0.54412 -0.76029 -0.36681 18.59 1.0013 1.0015 63.0000 0.99970 0.36615 0.00766 -0.00345 0.36684 0.99861 0.02541 -0.00841 -0.00563 -0.02549 0.54214 -0.75968 -0.00088 -0.01167 0.75962 0.5452 
771.32 55.562 305.408 0.54247 -0.76312 -0.36173 18.53 1.0009 1.0012 63.0000 0.99970 0.36134 0.00750 -0.00355 0.36146 0.99847 0.02517 -0.00826 -0.00523 -0.02623 0.54038 -0.76266 -0.00095 -0.01192 0.76217 0.5436 
770.63 55.397 305.229 0.54077 -0.76577 -0.35601 18.43 1.0003 1.0005 63.0000 0.99970 0.35578 0.00679 -0.00369 0.35546 0.99813 0.02549 -0.00836 -0.00462 -0.02666 0.53859 -0.76497 -0.00117 -0.01139 0.76490 0.5418 
769.60 55.171 304.986 0.53855 -0.76952 -0.34821 18.52 0.9995 0.9997 63.0000 0.99970 0.34792 0.00631 -0.00388 0.34757 0.99763 0.02572 -0.00832 -0.00401 -0.02736 0.53605 -0.76866 -0.00101 -0.01150 0.76832 0.5396 
768.91 55.025 304.826 0.53783 -0.77309 -0.34371 18.51 0.9994 0.9996 63.0000 0.99970 0.34343 0.00694 -0.00431 0.34272 0.99660 0.02447 -0.00767 -0.00316 -0.02805 0.53545 -0.77220 -0.00050 -0.01187 0.77113 0.5382 
767.87 54.803 304.645 0.53672 -0.77672 -0.33628 18.51 0.9992 0.9994 63.0000 0.99970 0.33588 0.00811 -0.00528 0.33540 0.99651 0.02187 -0.00602 -0.00320 -0.02737 0.53442 -0.77610 -0.00108 -0.01036 0.77440 0.5370 
767.18 54.662 304.488 0.53618 -0.78048 -0.33205 18.36 0.9996 0.9998 63.0000 0.99970 0.33169 0.00806 -0.00562 0.33102 0.99610 0.02119 -0.00541 -0.00296 -0.02715 0.53391 -0.77968 -0.00146 -0.01003 0.77800 0.5362 
766.15 54.444 304.286 0.53486 -0.78448 -0.32487 18.37 0.9998 0.9999 63.0000 0.99970 0.32440 0.00794 -0.00587 0.32404 0.99633 0.02182 -0.00526 -0.00306 -0.02537 0.53266 -0.78377 -0.00168 -0.00914 0.78207 0.5349 
765.46 54.309 304.166 0.53407 -0.78688 -0.32039 18.45 0.9998 0.9999 63.0000 0.99970 0.32012 0.00784 -0.00575 0.31939 0.99632 0.02167 -0.00522 -0.00304 -0.02561 0.53136 -0.78610 -0.00152 -0.00937 0.78453 0.5347 
764.42 54.084 303.954 0.53228 -0.79050 -0.31274 18.20 0.9998 1.0000 63.0000 0.99970 0.31233 0.00793 -0.00608 0.31211 0.99699 0.02183 -0.00475 -0.00317 -0.02499 0.52982 -0.78982 -0.00193 -0.00847 0.78856 0.5330 
763.73 53.935 303.819 0.53125 -0.79302 -0.30777 18.36 0.9996 0.9998 63.0000 0.99970 0.30709 0.00771 -0.00635 0.30732 0.99665 0.02219 -0.00436 -0.00352 -0.02463 0.52842 -0.79211 -0.00218 -0.00783 0.79103 0.5321 
762.70 53.714 303.633 0.52972 -0.79628 -0.30024 18.45 0.9995 0.9997 63.0000 0.99970 0.29964 0.00696 -0.00614 0.29984 0.99695 0.02259 -0.00497 -0.00379 -0.02378 0.52636 -0.79529 -0.00276 -0.00622 0.79460 0.5313 
762.01 53.569 303.501 0.52836 -0.79823 -0.29518 18.44 0.9994 0.9996 63.0000 0.99970 0.29442 0.00676 -0.00628 0.29510 0.99744 0.02286 -0.00487 -0.00390 -0.02364 0.52467 -0.79738 -0.00279 -0.00605 0.79679 0.5305 
761.32 53.412 303.379 0.52700 -0.79987 -0.28965 18.66 0.9995 0.9996 63.0000 0.99970 0.28885 0.00616 -0.00607 0.28993 0.99851 0.02408 -0.00544 -0.00443 -0.02249 0.52328 -0.79919 -0.00308 -0.00531 0.79912 0.5298 
760.28 53.202 303.221 0.52575 -0.80279 -0.28252 18.75 0.9994 0.9996 63.0000 0.99970 0.28184 0.00617 -0.00591 0.28275 0.99876 0.02425 -0.00618 -0.00445 -0.02306 0.52108 -0.80210 -0.00307 -0.00525 0.80223 0.5296 
759.59 53.057 303.093 0.52464 -0.80499 -0.27759 18.83 0.9992 0.9994 63.0000 0.99970 0.27686 0.00625 -0.00586 0.27784 0.99861 0.02440 -0.00635 -0.00446 -0.02386 0.51942 -0.80423 -0.00314 -0.00535 0.80439 0.5290 
758.56 52.848 302.887 0.52353 -0.80965 -0.27095 18.91 0.9998 1.0000 63.0000 0.99970 0.27025 0.00533 -0.00551 0.27113 0.99838 0.02599 -0.00684 -0.00487 -0.02331 0.51834 -0.80873 -0.00339 -0.00518 0.80901 0.5277 
757.87 52.706 302.770 0.52305 -0.81255 -0.26638 19.12 1.0002 1.0004 63.0000 0.99970 0.26535 0.00470 -0.00524 0.26686 0.99826 0.02732 -0.00759 -0.00521 -0.02246 0.51876 -0.81140 -0.00353 -0.00482 0.81205 0.5263 
756.83 52.498 302.545 0.52100 -0.81638 -0.25941 19.51 1.0005 1.0007 63.0000 0.99970 0.25860 0.00408 -0.00499 0.25980 0.99867 0.02844 -0.00775 -0.00577 -0.02198 0.51700 -0.81571 -0.00380 -0.00416 0.81573 0.5241 
756.14 52.341 302.436 0.52021 -0.81858 -0.25414 19.53 1.0011 1.0012 63.0000 0.99970 0.25353 0.00414 -0.00522 0.25461 0.99977 0.02869 -0.00776 -0.00568 -0.02236 0.51671 -0.81855 -0.00402 -0.00382 0.81819 0.5234 
755.11 52.105 302.290 0.51907 -0.82141 -0.24603 19.83 1.0014 1.0016 63.0000 0.99970 0.24548 0.00382 -0.00564 0.24671 1.00078 0.02917 -0.00799 -0.00519 -0.02221 0.51569 -0.82213 -0.00431 -0.00335 0.82108 0.5227 
754.42 51.962 302.185 0.51793 -0.82292 -0.24105 20.00 1.0016 1.0018 63.0000 0.99970 0.24028 0.00393 -0.00593 0.24214 1.00165 0.02929 -0.00824 -0.00521 -0.02165 0.51447 -0.82446 -0.00412 -0.00298 0.82249 0.5221 
753.38 51.761 301.995 0.51615 -0.82619 -0.23428 20.26 1.0019 1.0021 63.0000 0.99970 0.23335 0.00379 -0.00568 0.23562 1.00209 0.02909 -0.00847 -0.00503 -0.02152 0.51272 -0.82797 -0.00390 -0.00318 0.82588 0.5205 
752.69 51.619 301.879 0.51491 -0.82793 -0.22935 20.48 1.0019 1.0021 63.0000 0.99970 0.22826 0.00358 -0.00562 0.23096 1.00254 0.02951 -0.00902 -0.00500 -0.02087 0.51146 -0.83003 -0.00397 -0.00250 0.82768 0.5195 
752.00 51.491 301.742 0.51370 -0.83037 -0.22508 20.72 1.0020 1.0022 63.0000 0.99970 0.22380 0.00359 -0.00558 0.22681 1.00226 0.02916 -0.00901 -0.00543 -0.02027 0.50997 -0.83253 -0.00417 -0.00245 0.82984 0.5184 
750.97 51.287 301.544 0.51138 -0.83305 -0.21802 20.98 1.0021 1.0023 63.0000 0.99970 0.21700 0.00293 -0.00523 0.21963 1.00297 0.02986 -0.00950 -0.00528 -0.02038 0.50771 -0.83570 -0.00389 -0.00346 0.83262 0.5164 
750.28 51.155 301.412 0.51011 -0.83531 -0.21359 21.40 1.0020 1.0022 63.0000 0.99970 0.21224 0.00231 -0.00485 0.21542 1.00258 0.03086 -0.01082 -0.00499 -0.02053 0.50654 -0.83796 -0.00349 -0.00406 0.83458 0.5148 
749.25 50.960 301.169 0.50793 -0.83972 -0.20716 21.64 1.0020 1.0022 63.0000 0.99970 0.20569 0.00110 -0.00382 0.20882 1.00129 0.03363 -0.01343 -0.00466 -0.02106 0.50435 -0.84182 -0.00316 -0.00544 0.83845 0.5120 
748.56 50.838 301.031 0.50658 -0.84206 -0.20309 21.95 1.0021 1.0024 63.0000 0.99970 0.20145 0.00049 -0.00337 0.20489 1.00108 0.03463 -0.01443 -0.00437 -0.02127 0.50267 -0.84398 -0.00270 -0.00628 0.84080 0.5109 
747.52 50.651 300.829 0.50478 -0.84580 -0.19687 22.28 1.0025 1.0027 63.0000 0.99970 0.19530 0.00002 -0.00246 0.19853 1.00076 0.03512 -0.01570 -0.00409 -0.02135 0.50118 -0.84742 -0.00201 -0.00682 0.84457 0.5086 
746.83 50.524 300.702 0.50362 -0.84811 -0.19257 22.40 1.0025 1.0028 63.0000 0.99970 0.19130 -0.00022 -0.00243 0.19384 1.00030 0.03530 -0.01543 -0.00379 -0.02200 0.49989 -0.84937 -0.00183 -0.00705 0.84684 0.5073 
745.80 50.329 300.511 0.50181 -0.85155 -0.18600 22.95 1.0030 1.0032 63.0000 0.99970 0.18481 0.00019 -0.00251 0.18722 1.00048 0.03359 -0.01467 -0.00337 -0.02269 0.49902 -0.85276 -0.00169 -0.00763 0.85049 0.5047 
745.11 50.194 300.405 0.50041 -0.85275 -0.18124 23.52 1.0028 1.0030 63.0000 0.99970 0.18001 -0.00017 -0.00230 0.18252 1.00060 0.03353 -0.01502 -0.00385 -0.02207 0.49771 -0.85366 -0.00195 -0.00750 0.85210 0.5033 
744.08 49.981 300.240 0.49822 -0.85466 -0.17375 23.98 1.0027 1.0030 63.0000 0.99970 0.17257 0.00040 -0.00316 0.17511 1.00137 0.03246 -0.01336 -0.00430 -0.02164 0.49595 -0.85580 -0.00245 -0.00675 0.85443 0.5010 
743.39 49.858 300.118 0.49690 -0.85658 -0.16954 24.30 1.0028 1.0030 63.0000 0.99970 0.16827 0.00051 -0.00352 0.17096 1.00114 0.03210 -0.01234 -0.00459 -0.02132 0.49476 -0.85744 -0.00262 -0.00685 0.85644 0.4995 
742.70 49.727 300.027 0.49600 -0.85816 -0.16507 24.67 1.0027 1.0029 63.0000 0.99970 0.16362 0.00048 -0.00372 0.16660 1.00088 0.03181 -0.01216 -0.00435 -0.02126 0.49364 -0.85895 -0.00275 -0.00668 0.85786 0.4986 
741.66 49.541 299.855 0.49394 -0.86056 -0.15860 25.16 1.0026 1.0028 63.0000 0.99970 0.15704 0.00075 -0.00370 0.16021 1.00063 0.03078 -0.01173 -0.00437 -0.02094 0.49144 -0.86106 -0.00261 -0.00731 0.86034 0.4966 
740.98 49.419 299.755 0.49287 -0.86216 -0.15441 25.35 1.0029 1.0031 63.0000 0.99970 0.15297 0.00101 -0.00370 0.15597 1.00105 0.03067 -0.01174 -0.00465 -0.02012 0.49096 -0.86239 -0.00293 -0.00692 0.86258 0.4951 
739.94 49.229 299.598 0.49072 -0.86389 -0.14774 26.00 1.0028 1.0030 63.0000 0.99970 0.14631 0.00138 -0.00407 0.14933 1.00142 0.02965 -0.01041 -0.00526 -0.02005 0.48853 -0.86405 -0.00380 -0.00663 0.86469 0.4935 
739.25 49.104 299.495 0.48967 -0.86565 -0.14348 26.48 1.0027 1.0029 63.0000 0.99970 0.14202 0.00153 -0.00427 0.14501 1.00082 0.02896 -0.00994 -0.00532 -0.02034 0.48719 -0.86562 -0.00408 -0.00701 0.86614 0.4924 
738.22 48.909 299.331 0.48710 -0.86689 -0.13652 27.16 1.0021 1.0023 63.0000 0.99970 0.13507 0.00166 -0.00432 0.13804 1.00076 0.02908 -0.00977 -0.00544 -0.01988 0.48431 -0.86660 -0.00413 -0.00727 0.86758 0.4901 
737.53 48.786 299.216 0.48565 -0.86840 -0.13226 27.54 1.0019 1.0021 63.0000 0.99970 0.13089 0.00191 -0.00441 0.13364 1.00042 0.02865 -0.00949 -0.00567 -0.01997 0.48264 -0.86788 -0.00432 -0.00702 0.86902 0.4887 
736.50 48.589 299.049 0.48313 -0.86986 -0.12531 28.27 1.0016 1.0018 63.0000 0.99970 0.12399 0.00151 -0.00438 0.12666 1.00057 0.02998 -0.00994 -0.00571 -0.01879 0.47979 -0.86903 -0.00482 -0.00601 0.87091 0.4866 
735.81 48.464 298.950 0.48209 -0.87150 -0.12101 28.41 1.0014 1.0016 63.0000 0.99970 0.11975 0.00176 -0.00439 0.12221 0.99982 0.02945 -0.01012 -0.00572 -0.01876 0.47854 -0.87033 -0.00469 -0.00641 0.87224 0.4854 
735.12 48.336 298.835 0.48065 -0.87305 -0.11658 28.86 1.0014 1.0016 63.0000 0.99970 0.11535 0.00138 -0.00394 0.11773 0.99966 0.02979 -0.01065 -0.00570 -0.01885 0.47755 -0.87177 -0.00456 -0.00686 0.87376 0.4834 
734.09 48.139 298.691 0.47840 -0.87412 -0.10962 29.58 1.0013 1.0015 63.0000 0.99970 0.10840 0.00115 -0.00386 0.11086 1.00049 0.03016 -0.01034 -0.00564 -0.01949 0.47537 -0.87315 -0.00447 -0.00765 0.87525 0.4815 
733.40 48.010 298.608 0.47704 -0.87466 -0.10505 30.19 1.0013 1.0015 63.0000 0.99970 0.10399 0.00098 -0.00374 0.10619 1.00099 0.03014 -0.01032 -0.00553 -0.01993 0.47396 -0.87402 -0.00437 -0.00795 0.87591 0.4804 
732.37 47.814 298.480 0.47484 -0.87527 -0.09814 30.70 1.0011 1.0013 63.0000 0.99970 0.09718 0.00153 -0.00389 0.09927 1.00199 0.02906 -0.00946 -0.00504 -0.02062 0.47161 -0.87557 -0.00444 -0.00769 0.87645 0.4789 
731.68 47.691 298.368 0.47346 -0.87681 -0.09389 31.14 1.0010 1.0012 63.0000 0.99970 0.09279 0.00128 -0.00382 0.09508 1.00138 0.02959 -0.00966 -0.00524 -0.02021 0.47034 -0.87681 -0.00469 -0.00735 0.87775 0.4771 
730.64 47.505 298.226 0.47199 -0.87929 -0.08748 31.55 1.0014 1.0015 63.0000 0.99970 0.08620 0.00109 -0.00395 0.08884 1.00121 0.02989 -0.00987 -0.00475 -0.02053 0.46951 -0.87948 -0.00459 -0.00760 0.87990 0.4749 
729.96 47.381 298.134 0.47083 -0.88052 -0.08319 31.82 1.0013 1.0015 63.0000 0.99970 0.08186 0.00117 -0.00396 0.08457 1.00092 0.02970 -0.00984 -0.00466 -0.02008 0.46865 -0.88063 -0.00454 -0.00736 0.88096 0.4733 
728.92 47.208 298.018 0.46954 -0.88242 -0.07719 32.40 1.0012 1.0014 63.0000 0.99970 0.07606 0.00154 -0.00416 0.07833 1.00025 0.02888 -0.00905 -0.00466 -0.01898 0.46727 -0.88250 -0.00492 -0.00626 0.88230 0.4718 
728.23 47.086 297.945 0.46861 -0.88336 -0.07293 32.82 1.0011 1.0013 63.0000 0.99970 0.07182 0.00179 -0.00414 0.07401 0.99997 0.02815 -0.00881 -0.00430 -0.01932 0.46607 -0.88347 -0.00477 -0.00646 0.88297 0.4710 
727.20 46.906 297.817 0.46666 -0.88446 -0.06662 33.43 1.0007 1.0008 63.0000 0.99970 0.06554 0.00178 -0.00367 0.06764 0.99938 0.02801 -0.00956 -0.00377 -0.01951 0.46369 -0.88452 -0.00429 -0.00662 0.88360 0.4692 
726.51 46.798 297.712 0.46539 -0.88599 -0.06288 33.78 1.0005 1.0007 63.0000 0.99970 0.06160 0.00190 -0.00343 0.06405 0.99863 0.02775 -0.00999 -0.00341 -0.01963 0.46249 -0.88584 -0.00387 -0.00650 0.88466 0.4675 
725.82 46.682 297.628 0.46419 -0.88686 -0.05884 34.02 1.0005 1.0007 63.0000 0.99970 0.05762 0.00164 -0.00309 0.05997 0.99867 0.02781 -0.01018 -0.00311 -0.01971 0.46110 -0.88688 -0.00367 -0.00652 0.88540 0.4665 
724.79 46.496 297.517 0.46242 -0.88766 -0.05231 34.13 1.0004 1.0006 63.0000 0.99970 0.05102 0.00162 -0.00288 0.05353 0.99892 0.02759 -0.01080 -0.00266 -0.01975 0.45881 -0.88810 -0.00345 -0.00620 0.88599 0.4654 
724.10 46.384 297.437 0.46145 -0.88882 -0.04842 34.33 1.0006 1.0007 63.0000 0.99970 0.04686 0.00171 -0.00282 0.04991 0.99879 0.02730 -0.01091 -0.00262 -0.01982 0.45769 -0.88945 -0.00320 -0.00668 0.88684 0.4645 
723.07 46.211 297.308 0.45979 -0.89055 -0.04239 35.04 1.0005 1.0007 63.0000 0.99970 0.04053 0.00103 -0.00242 0.04416 0.99824 0.02784 -0.01177 -0.00218 -0.02024 0.45563 -0.89096 -0.00288 -0.00719 0.88829 0.4630 
722.38 46.088 297.229 0.45863 -0.89129 -0.03809 35.51 1.0003 1.0005 63.0000 0.99970 0.03629 0.00076 -0.00224 0.03980 0.99776 0.02857 -0.01232 -0.00204 -0.02017 0.45393 -0.89126 -0.00294 -0.00695 0.88905 0.4622 
721.35 45.918 297.115 0.45712 -0.89272 -0.03215 35.98 1.0005 1.0007 63.0000 0.99970 0.03044 0.00069 -0.00205 0.03378 0.99788 0.02850 -0.01254 -0.00180 -0.02032 0.45252 -0.89262 -0.00274 -0.00718 0.89065 0.4606 
720.66 45.798 297.056 0.45618 -0.89314 -0.02793 36.01 1.0005 1.0007 63.0000 0.99970 0.02635 0.00057 -0.00196 0.02944 0.99806 0.02788 -0.01237 -0.00152 -0.02017 0.45139 -0.89310 -0.00264 -0.00656 0.89118 0.4599 
719.63 45.621 296.959 0.45470 -0.89399 -0.02173 36.28 1.0004 1.0005 63.0000 0.99970 0.02045 0.00053 -0.00190 0.02296 0.99783 0.02698 -0.01209 -0.00117 -0.02070 0.44992 -0.89371 -0.00262 -0.00634 0.89205 0.4583 
718.94 45.496 296.892 0.45352 -0.89427 -0.01737 36.59 1.0002 1.0004 63.0000 0.99970 0.01624 0.00042 -0.00184 0.01845 0.99790 0.02709 -0.01203 -0.00105 -0.02112 0.44879 -0.89408 -0.00255 -0.00659 0.89231 0.4572 
717.91 45.318 296.790 0.45202 -0.89522 -0.01112 36.78 1.0003 1.0005 63.0000 0.99970 0.00982 0.00000 -0.00184 0.01241 0.99806 0.02667 -0.01183 -0.00123 -0.02124 0.44740 -0.89501 -0.00269 -0.00695 0.89342 0.4556 
717.22 45.199 296.716 0.45078 -0.89566 -0.00695 37.10 1.0002 1.0003 63.0000 0.99970 0.00564 -0.00005 -0.00178 0.00824 0.99789 0.02640 -0.01205 -0.00122 -0.02158 0.44591 -0.89529 -0.00275 -0.00723 0.89388 0.4546 
716.54 45.079 296.640 0.44963 -0.89632 -0.00277 37.26 1.0004 1.0005 63.0000 0.99970 0.00145 -0.00016 -0.00197 0.00408 0.99823 0.02633 -0.01195 -0.00086 -0.02227 0.44487 -0.89612 -0.00260 -0.00750 0.89467 0.4535 
715.50 44.913 296.529 0.44773 -0.89689 0.00304 37.44 1.0000 1.0002 63.0000 0.99970 -0.00440 -0.00041 -0.00194 -0.00167 0.99793 0.02668 -0.01230 -0.00065 -0.02251 0.44217 -0.89657 -0.00246 -0.00779 0.89509 0.4522 
714.82 44.794 296.455 0.44643 -0.89717 0.00719 37.34 1.0000 1.0001 63.0000 0.99970 -0.00855 -0.00060 -0.00185 -0.00582 0.99808 0.02677 -0.01245 -0.00044 -0.02255 0.44065 -0.89678 -0.00240 -0.00773 0.89557 0.4512 
713.78 44.622 296.315 0.44413 -0.89802 0.01323 37.17 0.9997 0.9998 63.0000 0.99970 -0.01460 -0.00076 -0.00200 -0.01183 0.99765 0.02645 -0.01213 -0.00055 -0.02211 0.43826 -0.89727 -0.00256 -0.00767 0.89640 0.4488 
713.10 44.505 296.227 0.44261 -0.89845 0.01732 37.01 0.9995 0.9997 63.0000 0.99970 -0.01870 -0.00086 -0.00214 -0.01589 0.99753 0.02653 -0.01196 -0.00051 -0.02228 0.43659 -0.89774 -0.00276 -0.00753 0.89667 0.4474 
712.07 44.314 296.112 0.44061 -0.89890 0.02399 37.41 0.9993 0.9994 63.0000 0.99970 -0.02543 -0.00063 -0.00241 -0.02248 0.99746 0.02592 -0.01187 0.00011 -0.02289 0.43435 -0.89827 -0.00262 -0.00754 0.89698 0.4456 
711.38 44.189 296.026 0.43922 -0.89952 0.02833 37.00 0.9991 0.9993 63.0000 0.99970 -0.02969 -0.00098 -0.00211 -0.02688 0.99709 0.02630 -0.01277 0.00039 -0.02294 0.43314 -0.89851 -0.00228 -0.00807 0.89764 0.4439 
710.35 44.008 295.918 0.43739 -0.90005 0.03468 36.48 0.9993 0.9995 63.0000 0.99970 -0.03598 -0.00111 -0.00220 -0.03328 0.99754 0.02653 -0.01283 0.00100 -0.02357 0.43145 -0.89917 -0.00221 -0.00812 0.89844 0.4421 
709.66 43.890 295.847 0.43616 -0.90037 0.03877 36.18 0.9994 0.9996 63.0000 0.99970 -0.04000 -0.00107 -0.00224 -0.03745 0.99787 0.02644 -0.01260 0.00090 -0.02355 0.43036 -0.89959 -0.00254 -0.00764 0.89896 0.4409 
708.97 43.769 295.776 0.43472 -0.90022 0.04300 36.03 0.9993 0.9994 63.0000 0.99970 -0.04404 -0.00140 -0.00215 -0.04187 0.99819 0.02671 -0.01264 0.00102 -0.02360 0.42883 -0.89948 -0.00259 -0.00772 0.89905 0.4397 
707.94 43.586 295.669 0.43298 -0.90093 0.04937 35.78 0.9998 1.0000 63.0000 0.99970 -0.05042 -0.00153 -0.00233 -0.04825 0.99902 0.02682 -0.01278 0.00110 -0.02367 0.42738 -0.90080 -0.00262 -0.00843 0.89990 0.4380 
707.25 43.465 295.592 0.43170 -0.90136 0.05358 35.79 1.0001 1.0003 63.0000 0.99970 -0.05460 -0.00138 -0.00261 -0.05254 0.99965 0.02668 -0.01226 0.00145 -0.02383 0.42645 -0.90151 -0.00260 -0.00872 0.90062 0.4367 
706.22 43.281 295.479 0.42944 -0.90117 0.05998 35.22 1.0003 1.0005 63.0000 0.99970 -0.06102 -0.00150 -0.00285 -0.05896 1.00076 0.02671 -0.01207 0.00188 -0.02417 0.42421 -0.90194 -0.00268 -0.00896 0.90081 0.4349 
705.53 43.171 295.383 0.42792 -0.90187 0.06382 35.12 1.0006 1.0008 63.0000 0.99970 -0.06480 -0.00155 -0.00273 -0.06290 1.00121 0.02696 -0.01258 0.00218 -0.02416 0.42319 -0.90302 -0.00242 -0.00946 0.90154 0.4330 
704.50 42.988 295.246 0.42572 -0.90283 0.07023 34.56 1.0013 1.0015 63.0000 0.99970 -0.07129 -0.00197 -0.00265 -0.06931 1.00226 0.02826 -0.01324 0.00225 -0.02406 0.42163 -0.90421 -0.00270 -0.00954 0.90322 0.4306 
703.82 42.877 295.143 0.42406 -0.90349 0.07409 34.35 1.0016 1.0018 63.0000 0.99970 -0.07526 -0.00218 -0.00260 -0.07309 1.00264 0.02869 -0.01356 0.00212 -0.02373 0.42041 -0.90500 -0.00288 -0.00949 0.90409 0.4287 
702.78 42.720 294.995 0.42175 -0.90463 0.07962 33.83 1.0018 1.0020 63.0000 0.99970 -0.08063 -0.00190 -0.00244 -0.07879 1.00266 0.02849 -0.01335 0.00233 -0.02373 0.41874 -0.90618 -0.00274 -0.00973 0.90522 0.4258 
702.10 42.610 294.899 0.42002 -0.90491 0.08341 33.67 1.0016 1.0018 63.0000 0.99970 -0.08428 -0.00184 -0.00234 -0.08272 1.00237 0.02819 -0.01311 0.00217 -0.02304 0.41691 -0.90615 -0.00277 -0.00944 0.90554 0.4240 
701.07 42.445 294.770 0.41780 -0.90545 0.08917 33.55 1.0016 1.0018 63.0000 0.99970 -0.08993 -0.00189 -0.00240 -0.08858 1.00226 0.02806 -0.01251 0.00202 -0.02254 0.41504 -0.90652 -0.00289 -0.00914 0.90615 0.4214 
700.38 42.340 294.669 0.41613 -0.90604 0.09284 33.21 1.0012 1.0014 63.0000 0.99970 -0.09356 -0.00196 -0.00233 -0.09223 1.00142 0.02784 -0.01267 0.00234 -0.02297 0.41337 -0.90677 -0.00271 -0.00946 0.90633 0.4194 
699.69 42.232 294.585 0.41466 -0.90630 0.09660 32.76 1.0012 1.0014 63.0000 0.99970 -0.09733 -0.00210 -0.00237 -0.09599 1.00146 0.02778 -0.01262 0.00264 -0.02289 0.41205 -0.90700 -0.00277 -0.00906 0.90665 0.4177 
698.66 42.075 294.463 0.41253 -0.90676 0.10207 32.29 1.0014 1.0016 63.0000 0.99970 -0.10292 -0.00214 -0.00243 -0.10138 1.00177 0.02739 -0.01221 0.00281 -0.02276 0.41050 -0.90755 -0.00262 -0.00932 0.90731 0.4152 
697.97 41.961 294.388 0.41109 -0.90674 0.10601 31.93 1.0015 1.0017 63.0000 0.99970 -0.10697 -0.00245 -0.00245 -0.10524 1.00205 0.02751 -0.01215 0.00290 -0.02312 0.40910 -0.90773 -0.00256 -0.00965 0.90734 0.4138 
696.94 41.800 294.280 0.40925 -0.90724 0.11165 31.76 1.0016 1.0018 63.0000 0.99970 -0.11258 -0.00247 -0.00280 -0.11090 1.00196 0.02740 -0.01143 0.00287 -0.02310 0.40738 -0.90790 -0.00283 -0.00979 0.90809 0.4118 
696.26 41.696 294.204 0.40791 -0.90748 0.11525 31.51 1.0015 1.0017 63.0000 0.99970 -0.11629 -0.00264 -0.00304 -0.11436 1.00163 0.02734 -0.01103 0.00298 -0.02308 0.40632 -0.90802 -0.00297 -0.00979 0.90815 0.4100 
695.23 41.537 294.089 0.40577 -0.90757 0.12076 31.28 1.0013 1.0015 63.0000 0.99970 -0.12165 -0.00302 -0.00326 -0.12000 1.00136 0.02761 -0.01064 0.00323 -0.02328 0.40429 -0.90784 -0.00323 -0.00920 0.90826 0.4077 
694.54 41.420 294.018 0.40410 -0.90685 0.12470 31.10 1.0009 1.0011 63.0000 0.99970 -0.12549 -0.00329 -0.00323 -0.12407 1.00155 0.02776 -0.01047 0.00328 -0.02322 0.40255 -0.90717 -0.00354 -0.00869 0.90766 0.4062 
693.51 41.273 293.893 0.40195 -0.90735 0.12984 30.73 1.0007 1.0009 63.0000 0.99970 -0.13064 -0.00351 -0.00328 -0.12910 1.00083 0.02722 -0.01028 0.00350 -0.02361 0.40051 -0.90765 -0.00348 -0.00868 0.90754 0.4036 
692.82 41.166 293.821 0.40044 -0.90703 0.13348 30.50 1.0003 1.0005 63.0000 0.99970 -0.13422 -0.00359 -0.00333 -0.13275 1.00045 0.02718 -0.01013 0.00354 -0.02332 0.39892 -0.90725 -0.00350 -0.00808 0.90694 0.4020 
691.79 41.018 293.699 0.39834 -0.90748 0.13864 30.32 0.9999 1.0001 63.0000 0.99970 -0.13924 -0.00358 -0.00344 -0.13791 0.99938 0.02686 -0.00951 0.00332 -0.02346 0.39709 -0.90724 -0.00347 -0.00863 0.90689 0.3992 
691.11 40.910 293.632 0.39704 -0.90742 0.14236 30.35 0.9997 0.9999 63.0000 0.99970 -0.14295 -0.00367 -0.00350 -0.14160 0.99913 0.02643 -0.00925 0.00328 -0.02394 0.39586 -0.90719 -0.00346 -0.00905 0.90659 0.3978 
690.42 40.816 293.561 0.39578 -0.90759 0.14566 30.23 0.9995 0.9997 63.0000 0.99970 -0.14644 -0.00382 -0.00358 -0.14462 0.99851 0.02626 -0.00928 0.00328 -0.02432 0.39453 -0.90702 -0.00349 -0.00933 0.90652 0.3963 
689.39 40.660 293.458 0.39363 -0.90711 0.15097 29.87 0.9990 0.9992 63.0000 0.99970 -0.15185 -0.00392 -0.00382 -0.14974 0.99795 0.02633 -0.00930 0.00340 -0.02473 0.39205 -0.90619 -0.00349 -0.00929 0.90590 0.3943 
688.70 40.557 293.396 0.39233 -0.90682 0.15449 29.86 0.9986 0.9988 63.0000 0.99970 -0.15542 -0.00364 -0.00422 -0.15311 0.99745 0.02567 -0.00853 0.00342 -0.02451 0.39063 -0.90586 -0.00339 -0.00919 0.90520 0.3929 
687.67 40.410 293.289 0.39029 -0.90672 0.15953 29.89 0.9981 0.9983 63.0000 0.99970 -0.16039 -0.00381 -0.00434 -0.15808 0.99654 0.02557 -0.00826 0.00350 -0.02398 0.38841 -0.90518 -0.00328 -0.00917 0.90486 0.3907 
686.99 40.309 293.224 0.38908 -0.90674 0.16304 29.86 0.9981 0.9983 63.0000 0.99970 -0.16387 -0.00387 -0.00437 -0.16160 0.99649 0.02531 -0.00816 0.00351 -0.02419 0.38736 -0.90505 -0.00322 -0.00922 0.90498 0.3893 
685.96 40.157 293.122 0.38708 -0.90655 0.16826 29.88 0.9975 0.9977 63.0000 0.99970 -0.16895 -0.00393 -0.00438 -0.16675 0.99537 0.02486 -0.00833 0.00375 -0.02348 0.38518 -0.90410 -0.00320 -0.00860 0.90453 0.3871 
685.27 40.059 293.067 0.38602 -0.90646 0.17163 29.88 0.9973 0.9974 63.0000 0.99970 -0.17227 -0.00376 -0.00434 -0.17005 0.99479 0.02433 -0.00836 0.00393 -0.02345 0.38387 -0.90376 -0.00316 -0.00839 0.90416 0.3860 
684.24 39.900 292.989 0.38420 -0.90561 0.17701 29.78 0.9970 0.9971 63.0000 0.99970 -0.17743 -0.00376 -0.00416 -0.17559 0.99466 0.02449 -0.00885 0.00419 -0.02310 0.38159 -0.90263 -0.00299 -0.00833 0.90349 0.3846 
683.55 39.807 292.949 0.38341 -0.90549 0.18023 29.89 0.9971 0.9972 63.0000 0.99970 -0.18058 -0.00370 -0.00412 -0.17889 0.99472 0.02408 -0.00867 0.00416 -0.02311 0.38070 -0.90237 -0.00312 -0.00828 0.90355 0.3840 
682.87 39.717 292.900 0.38252 -0.90554 0.18336 30.01 0.9971 0.9973 63.0000 0.99970 -0.18375 -0.00360 -0.00418 -0.18191 0.99452 0.02380 -0.00853 0.00429 -0.02324 0.37954 -0.90244 -0.00334 -0.00789 0.90341 0.3833 
681.84 39.576 292.804 0.38058 -0.90518 0.18818 30.27 0.9970 0.9971 63.0000 0.99970 -0.18845 -0.00375 -0.00406 -0.18679 0.99442 0.02421 -0.00854 0.00416 -0.02236 0.37723 -0.90203 -0.00363 -0.00734 0.90300 0.3817 
681.15 39.476 292.738 0.37937 -0.90522 0.19163 30.49 0.9973 0.9974 63.0000 0.99970 -0.19195 -0.00390 -0.00395 -0.19025 0.99476 0.02448 -0.00877 0.00425 -0.02229 0.37607 -0.90218 -0.00348 -0.00770 0.90324 0.3806 
680.12 39.331 292.636 0.37755 -0.90539 0.19670 30.36 0.9976 0.9978 63.0000 0.99970 -0.19708 -0.00402 -0.00388 -0.19527 0.99500 0.02472 -0.00899 0.00437 -0.02251 0.37446 -0.90244 -0.00348 -0.00804 0.90354 0.3786 
679.44 39.239 292.569 0.37641 -0.90564 0.19994 30.63 0.9978 0.9980 63.0000 0.99970 -0.20034 -0.00394 -0.00379 -0.19848 0.99496 0.02428 -0.00906 0.00446 -0.02237 0.37352 -0.90261 -0.00337 -0.00826 0.90385 0.3773 
678.41 39.097 292.444 0.37396 -0.90533 0.20474 30.98 0.9979 0.9981 63.0000 0.99970 -0.20503 -0.00413 -0.00322 -0.20344 0.99539 0.02456 -0.01003 0.00431 -0.02236 0.37096 -0.90246 -0.00324 -0.00871 0.90375 0.3751 
677.72 39.004 292.366 0.37265 -0.90562 0.20800 31.42 0.9981 0.9983 63.0000 0.99970 -0.20818 -0.00437 -0.00299 -0.20680 0.99543 0.02500 -0.01051 0.00428 -0.02208 0.36976 -0.90262 -0.00341 -0.00855 0.90423 0.3737 
676.69 38.857 292.260 0.37069 -0.90565 0.21310 31.74 0.9987 0.9988 63.0000 0.99970 -0.21337 -0.00459 -0.00285 -0.21194 0.99612 0.02497 -0.01067 0.00430 -0.02200 0.36789 -0.90289 -0.00359 -0.00828 0.90462 0.3719 
676.01 38.765 292.178 0.36912 -0.90549 0.21623 32.01 0.9987 0.9989 63.0000 0.99970 -0.21654 -0.00442 -0.00278 -0.21504 0.99622 0.02449 -0.01057 0.00420 -0.02165 0.36638 -0.90306 -0.00361 -0.00823 0.90422 0.3703 
674.98 38.631 292.069 0.36718 -0.90566 0.22092 32.23 0.9990 0.9992 63.0000 0.99970 -0.22124 -0.00442 -0.00272 -0.21974 0.99637 0.02453 -0.01055 0.00445 -0.02153 0.36445 -0.90324 -0.00335 -0.00876 0.90452 0.3685 
674.29 38.534 291.994 0.36578 -0.90563 0.22428 32.55 0.9993 0.9994 63.0000 0.99970 -0.22462 -0.00472 -0.00280 -0.22313 0.99670 0.02468 -0.01065 0.00452 -0.02130 0.36321 -0.90341 -0.00347 -0.00863 0.90458 0.3670 
673.61 38.443 291.925 0.36455 -0.90570 0.22744 32.89 0.9996 0.9998 63.0000 0.99970 -0.22797 -0.00481 -0.00280 -0.22616 0.99702 0.02447 -0.01053 0.00452 -0.02132 0.36228 -0.90380 -0.00349 -0.00872 0.90463 0.3656 
672.58 38.302 291.801 0.36214 -0.90539 0.23224 33.56 0.9999 1.0000 63.0000 0.99970 -0.23292 -0.00497 -0.00254 -0.23094 0.99762 0.02502 -0.01106 0.00503 -0.02199 0.36006 -0.90389 -0.00327 -0.00916 0.90446 0.3633 
671.89 38.201 291.732 0.36065 -0.90479 0.23561 34.00 1.0005 1.0007 63.0000 0.99970 -0.23658 -0.00507 -0.00256 -0.23440 0.99925 0.02536 -0.01091 0.00524 -0.02240 0.35894 -0.90403 -0.00322 -0.00902 0.90461 0.3620 
670.86 38.050 291.640 0.35860 -0.90389 0.24066 34.80 1.0011 1.0013 63.0000 0.99970 -0.24202 -0.00509 -0.00270 -0.23940 1.00069 0.02582 -0.01097 0.00526 -0.02263 0.35713 -0.90388 -0.00326 -0.00905 0.90425 0.3602 
670.18 37.946 291.571 0.35709 -0.90322 0.24409 34.91 1.0012 1.0014 63.0000 0.99970 -0.24548 -0.00513 -0.00295 -0.24293 1.00120 0.02598 -0.01060 0.00521 -0.02264 0.35570 -0.90353 -0.00359 -0.00832 0.90372 0.3588 
669.15 37.793 291.472 0.35481 -0.90202 0.24912 35.71 1.0015 1.0017 63.0000 0.99970 -0.25079 -0.00523 -0.00270 -0.24801 1.00254 0.02650 -0.01117 0.00533 -0.02258 0.35369 -0.90302 -0.00370 -0.00785 0.90305 0.3567 
668.46 37.701 291.396 0.35329 -0.90167 0.25222 36.38 1.0016 1.0018 63.0000 0.99970 -0.25397 -0.00529 -0.00262 -0.25108 1.00272 0.02663 -0.01147 0.00547 -0.02243 0.35228 -0.90304 -0.00364 -0.00765 0.90249 0.3552 
667.43 37.557 291.293 0.35108 -0.90081 0.25701 37.14 1.0018 1.0020 63.0000 0.99970 -0.25894 -0.00544 -0.00245 -0.25592 1.00356 0.02666 -0.01185 0.00556 -0.02248 0.35010 -0.90288 -0.00355 -0.00774 0.90168 0.3532 
666.75 37.459 291.223 0.34959 -0.90019 0.26023 37.46 1.0020 1.0021 63.0000 0.99970 -0.26224 -0.00540 -0.00246 -0.25919 1.00407 0.02624 -0.01168 0.00556 -0.02253 0.34859 -0.90266 -0.00358 -0.00780 0.90112 0.3519 
665.72 37.331 291.110 0.34756 -0.90026 0.26469 38.33 1.0021 1.0023 63.0000 0.99970 -0.26679 -0.00523 -0.00268 -0.26354 1.00393 0.02618 -0.01149 0.00556 -0.02284 0.34700 -0.90287 -0.00318 -0.00854 0.90092 0.3494 
665.03 37.237 291.048 0.34626 -0.89980 0.26785 38.69 1.0024 1.0025 63.0000 0.99970 -0.27002 -0.00511 -0.00288 -0.26677 1.00437 0.02595 -0.01120 0.00561 -0.02317 0.34606 -0.90264 -0.00303 -0.00891 0.90061 0.3479 
664.35 37.145 290.979 0.34493 -0.89954 0.27099 39.20 1.0024 1.0026 63.0000 0.99970 -0.27320 -0.00510 -0.00295 -0.26987 1.00437 0.02566 -0.01099 0.00554 -0.02358 0.34491 -0.90231 -0.00292 -0.00968 0.90043 0.3463 
663.32 37.000 290.866 0.34257 -0.89869 0.27577 40.26 1.0025 1.0027 63.0000 0.99970 -0.27818 -0.00515 -0.00289 -0.27461 1.00483 0.02597 -0.01162 0.00567 -0.02369 0.34264 -0.90173 -0.00278 -0.00956 0.89973 0.3440 
662.64 36.907 290.787 0.34095 -0.89817 0.27885 40.79 1.0025 1.0027 63.0000 0.99970 -0.28143 -0.00514 -0.00293 -0.27757 1.00492 0.02612 -0.01183 0.00562 -0.02343 0.34113 -0.90125 -0.00272 -0.00939 0.89923 0.3423 
661.61 36.755 290.688 0.33876 -0.89705 0.28385 41.51 1.0023 1.0025 63.0000 0.99970 -0.28619 -0.00521 -0.00296 -0.28284 1.00498 0.02607 -0.01184 0.00564 -0.02322 0.33877 -0.90008 -0.00301 -0.00944 0.89822 0.3403 
660.92 36.670 290.618 0.33752 -0.89709 0.28685 42.12 1.0022 1.0024 63.0000 0.99970 -0.28890 -0.00518 -0.00294 -0.28591 1.00418 0.02593 -0.01175 0.00575 -0.02293 0.33759 -0.89956 -0.00302 -0.00958 0.89809 0.3387 
659.89 36.543 290.515 0.33564 -0.89700 0.29125 43.00 1.0021 1.0023 63.0000 0.99970 -0.29307 -0.00547 -0.00274 -0.29034 1.00339 0.02629 -0.01247 0.00601 -0.02265 0.33569 -0.89879 -0.00307 -0.00954 0.89797 0.3366 
659.21 36.459 290.444 0.33434 -0.89689 0.29412 43.65 1.0019 1.0021 63.0000 0.99970 -0.29573 -0.00538 -0.00274 -0.29324 1.00273 0.02587 -0.01252 0.00605 -0.02242 0.33420 -0.89840 -0.00314 -0.00953 0.89756 0.3353 
658.18 36.334 290.340 0.33242 -0.89670 0.29845 44.12 1.0015 1.0016 63.0000 0.99970 -0.29985 -0.00538 -0.00276 -0.29738 1.00141 0.02552 -0.01235 0.00606 -0.02150 0.33216 -0.89764 -0.00320 -0.00911 0.89676 0.3330 
657.50 36.252 290.271 0.33108 -0.89641 0.30124 44.53 1.0012 1.0014 63.0000 0.99970 -0.30255 -0.00534 -0.00268 -0.30009 1.00082 0.02556 -0.01238 0.00600 -0.02139 0.33056 -0.89715 -0.00321 -0.00923 0.89613 0.3318 
656.47 36.124 290.171 0.32905 -0.89577 0.30552 45.07 1.0010 1.0012 63.0000 0.99970 -0.30660 -0.00543 -0.00237 -0.30442 1.00025 0.02524 -0.01248 0.00601 -0.02106 0.32834 -0.89625 -0.00318 -0.00952 0.89524 0.3298 
655.78 36.045 290.101 0.32781 -0.89572 0.30825 45.49 1.0011 1.0012 63.0000 0.99970 -0.30929 -0.00539 -0.00225 -0.30711 1.00001 0.02501 -0.01269 0.00616 -0.02128 0.32719 -0.89613 -0.00321 -0.00957 0.89505 0.3283 
655.10 35.960 290.022 0.32630 -0.89541 0.31113 45.92 1.0009 1.0011 63.0000 0.99970 -0.31210 -0.00558 -0.00215 -0.30992 0.99958 0.02522 -0.01301 0.00613 -0.02106 0.32559 -0.89553 -0.00343 -0.00922 0.89464 0.3268 
654.07 35.825 289.924 0.32417 -0.89434 0.31552 46.44 1.0009 1.0011 63.0000 0.99970 -0.31632 -0.00576 -0.00200 -0.31461 0.99994 0.02514 -0.01276 0.00614 -0.02069 0.32342 -0.89441 -0.00368 -0.00908 0.89394 0.3248 
653.39 35.743 289.846 0.32277 -0.89426 0.31835 46.57 1.0011 1.0013 63.0000 0.99970 -0.31914 -0.00579 -0.00182 -0.31743 0.99989 0.02486 -0.01315 0.00625 -0.02084 0.32228 -0.89423 -0.00353 -0.00944 0.89392 0.3231 
652.36 35.621 289.721 0.32037 -0.89371 0.32241 46.47 1.0010 1.0011 63.0000 0.99970 -0.32307 -0.00589 -0.00183 -0.32152 0.99958 0.02455 -0.01313 0.00634 -0.02036 0.31974 -0.89358 -0.00364 -0.00916 0.89320 0.3208 
651.67 35.543 289.635 0.31875 -0.89345 0.32505 46.47 1.0011 1.0012 63.0000 0.99970 -0.32562 -0.00568 -0.00177 -0.32428 0.99968 0.02430 -0.01324 0.00647 -0.02022 0.31821 -0.89334 -0.00361 -0.00921 0.89300 0.3191 
650.65 35.422 289.498 0.31615 -0.89290 0.32904 46.38 1.0007 1.0009 63.0000 0.99970 -0.32937 -0.00572 -0.00172 -0.32830 0.99904 0.02422 -0.01314 0.00637 -0.02028 0.31560 -0.89254 -0.00365 -0.00929 0.89213 0.3163 
649.96 35.340 289.414 0.31461 -0.89272 0.33184 46.48 1.0011 1.0013 63.0000 0.99970 -0.33230 -0.00586 -0.00185 -0.33112 0.99952 0.02449 -0.01295 0.00646 -0.02048 0.31426 -0.89266 -0.00370 -0.00943 0.89208 0.3147 
648.93 35.213 289.270 0.31188 -0.89208 0.33604 46.06 1.0015 1.0016 63.0000 0.99970 -0.33679 -0.00584 -0.00194 -0.33526 1.00021 0.02433 -0.01271 0.00646 -0.02015 0.31182 -0.89269 -0.00359 -0.00941 0.89139 0.3119 
648.25 35.137 289.175 0.31021 -0.89204 0.33863 45.48 1.0016 1.0018 63.0000 0.99970 -0.33942 -0.00575 -0.00191 -0.33780 1.00020 0.02436 -0.01265 0.00652 -0.01990 0.31047 -0.89266 -0.00343 -0.00960 0.89133 0.3099 
647.56 35.057 289.087 0.30858 -0.89177 0.34132 45.25 1.0016 1.0018 63.0000 0.99970 -0.34211 -0.00585 -0.00197 -0.34044 1.00006 0.02422 -0.01254 0.00655 -0.01996 0.30895 -0.89232 -0.00340 -0.00989 0.89101 0.3081 
646.54 34.936 288.957 0.30618 -0.89140 0.34543 44.81 1.0016 1.0017 63.0000 0.99970 -0.34630 -0.00610 -0.00209 -0.34431 0.99957 0.02422 -0.01271 0.00667 -0.02017 0.30677 -0.89169 -0.00346 -0.01017 0.89046 0.3054 
645.85 34.854 288.857 0.30431 -0.89099 0.34815 44.74 1.0013 1.0015 63.0000 0.99970 -0.34898 -0.00603 -0.00212 -0.34689 0.99909 0.02416 -0.01243 0.00675 -0.02010 0.30494 -0.89090 -0.00340 -0.00989 0.89002 0.3033 
644.83 34.720 288.720 0.30154 -0.88982 0.35239 44.19 1.0013 1.0015 63.0000 0.99970 -0.35335 -0.00622 -0.00209 -0.35115 0.99951 0.02432 -0.01202 0.00688 -0.02019 0.30248 -0.88982 -0.00321 -0.00964 0.88913 0.3004 
644.14 34.636 288.629 0.29977 -0.88925 0.35513 43.72 1.0014 1.0016 63.0000 0.99970 -0.35609 -0.00616 -0.00214 -0.35400 0.99979 0.02391 -0.01157 0.00682 -0.02011 0.30108 -0.88925 -0.00307 -0.00942 0.88878 0.2983 
643.12 34.505 288.494 0.29708 -0.88816 0.35932 42.66 1.0014 1.0015 63.0000 0.99970 -0.36031 -0.00620 -0.00200 -0.35819 0.99991 0.02400 -0.01165 0.00680 -0.02007 0.29838 -0.88820 -0.00291 -0.00944 0.88778 0.2957 
642.43 34.424 288.392 0.29521 -0.88787 0.36203 42.22 1.0012 1.0014 63.0000 0.99970 -0.36292 -0.00638 -0.00178 -0.36086 0.99949 0.02411 -0.01163 0.00689 -0.01996 0.29674 -0.88768 -0.00274 -0.00936 0.88734 0.2934 
641.40 34.300 288.248 0.29242 -0.88688 0.36597 41.57 1.0012 1.0013 63.0000 0.99970 -0.36713 -0.00648 -0.00147 -0.36457 0.99965 0.02431 -0.01216 0.00694 -0.02000 0.29401 -0.88690 -0.00251 -0.00992 0.88630 0.2906 
640.72 34.220 288.156 0.29069 -0.88644 0.36860 41.04 1.0011 1.0012 63.0000 0.99970 -0.36980 -0.00656 -0.00150 -0.36705 0.99937 0.02436 -0.01188 0.00693 -0.01987 0.29239 -0.88642 -0.00250 -0.01000 0.88565 0.2887 
639.69 34.097 288.000 0.28777 -0.88569 0.37260 39.72 1.0009 1.0010 63.0000 0.99970 -0.37386 -0.00651 -0.00135 -0.37084 0.99896 0.02406 -0.01200 0.00715 -0.02002 0.28985 -0.88570 -0.00210 -0.01043 0.88449 0.2853 
639.01 34.019 287.904 0.28598 -0.88523 0.37512 39.21 1.0008 1.0009 63.0000 0.99970 -0.37642 -0.00634 -0.00130 -0.37325 0.99877 0.02387 -0.01177 0.00718 -0.02007 0.28827 -0.88506 -0.00184 -0.01045 0.88405 0.2833 
638.32 33.937 287.804 0.28409 -0.88463 0.37777 38.94 1.0005 1.0006 63.0000 0.99970 -0.37898 -0.00632 -0.00128 -0.37578 0.99821 0.02380 -0.01148 0.00708 -0.02019 0.28649 -0.88424 -0.00171 -0.01063 0.88318 0.2811 
637.30 33.810 287.667 0.28137 -0.88340 0.38177 37.85 1.0002 1.0004 63.0000 0.99970 -0.38271 -0.00646 -0.00122 -0.37998 0.99806 0.02402 -0.01139 0.00703 -0.02042 0.28381 -0.88272 -0.00172 -0.01034 0.88211 0.2783 
636.61 33.722 287.567 0.27937 -0.88246 0.38446 37.28 0.9999 1.0001 63.0000 0.99970 -0.38523 -0.00640 -0.00131 -0.38274 0.99784 0.02375 -0.01119 0.00710 -0.02080 0.28175 -0.88173 -0.00169 -0.01042 0.88101 0.2763 
635.59 33.588 287.433 0.27667 -0.88110 0.38866 36.15 0.9995 0.9996 63.0000 0.99970 -0.38924 -0.00640 -0.00140 -0.38690 0.99727 0.02331 -0.01125 0.00737 -0.02079 0.27873 -0.88013 -0.00188 -0.00981 0.87941 0.2738 
634.90 33.499 287.349 0.27497 -0.88019 0.39145 35.72 0.9992 0.9993 63.0000 0.99970 -0.39197 -0.00663 -0.00142 -0.38958 0.99683 0.02331 -0.01118 0.00738 -0.02091 0.27694 -0.87895 -0.00200 -0.01002 0.87837 0.2720 
633.88 33.371 287.223 0.27240 -0.87872 0.39539 34.96 0.9987 0.9988 63.0000 0.99970 -0.39575 -0.00660 -0.00139 -0.39344 0.99629 0.02330 -0.01145 0.00758 -0.02101 0.27400 -0.87720 -0.00202 -0.01011 0.87672 0.2697 
633.19 33.291 287.135 0.27069 -0.87797 0.39792 34.41 0.9985 0.9986 63.0000 0.99970 -0.39828 -0.00658 -0.00144 -0.39588 0.99605 0.02315 -0.01111 0.00776 -0.02099 0.27222 -0.87638 -0.00174 -0.01000 0.87582 0.2680 
632.17 33.172 287.013 0.26841 -0.87722 0.40186 33.64 0.9983 0.9985 63.0000 0.99970 -0.40225 -0.00643 -0.00146 -0.39949 0.99536 0.02270 -0.01119 0.00773 -0.02030 0.26983 -0.87534 -0.00174 -0.00998 0.87477 0.2657 
631.48 33.089 286.924 0.26667 -0.87642 0.40445 33.33 0.9982 0.9983 63.0000 0.99970 -0.40484 -0.00641 -0.00126 -0.40201 0.99523 0.02260 -0.01113 0.00749 -0.01986 0.26796 -0.87444 -0.00186 -0.00990 0.87396 0.2640 
630.46 32.959 286.802 0.26410 -0.87465 0.40836 32.50 0.9980 0.9981 63.0000 0.99970 -0.40891 -0.00666 -0.00135 -0.40583 0.99545 0.02295 -0.01063 0.00732 -0.01973 0.26509 -0.87281 -0.00202 -0.00961 0.87225 0.2618 
629.77 32.870 286.707 0.26212 -0.87329 0.41093 32.12 0.9980 0.9982 63.0000 0.99970 -0.41159 -0.00688 -0.00116 -0.40860 0.99624 0.02314 -0.01082 0.00743 -0.02001 0.26280 -0.87192 -0.00191 -0.00966 0.87111 0.2604 
629.09 32.786 286.613 0.26026 -0.87229 0.41345 31.85 0.9980 0.9982 63.0000 0.99970 -0.41413 -0.00709 -0.00087 -0.41121 0.99652 0.02333 -0.01108 0.00753 -0.01995 0.26079 -0.87105 -0.00208 -0.00975 0.87024 0.2588 
628.06 32.666 286.485 0.25778 -0.87109 0.41723 31.47 0.9982 0.9984 63.0000 0.99970 -0.41801 -0.00707 -0.00075 -0.41509 0.99706 0.02335 -0.01115 0.00747 -0.01982 0.25807 -0.87009 -0.00218 -0.00944 0.86926 0.2567 
627.38 32.580 286.390 0.25586 -0.86993 0.41974 31.05 0.9982 0.9983 63.0000 0.99970 -0.42058 -0.00725 -0.00065 -0.41768 0.99739 0.02379 -0.01145 0.00760 -0.01985 0.25580 -0.86899 -0.00209 -0.00951 0.86834 0.2552 
626.36 32.460 286.264 0.25335 -0.86844 0.42338 30.80 0.9983 0.9985 63.0000 0.99970 -0.42442 -0.00725 -0.00064 -0.42141 0.99811 0.02374 -0.01146 0.00765 -0.02009 0.25295 -0.86784 -0.00198 -0.00990 0.86715 0.2532 
625.67 32.388 286.166 0.25159 -0.86789 0.42566 30.55 0.9983 0.9985 63.0000 0.99970 -0.42677 -0.00727 -0.00060 -0.42362 0.99812 0.02375 -0.01166 0.00765 -0.02024 0.25117 -0.86731 -0.00202 -0.01019 0.86657 0.2515 
624.65 32.276 286.016 0.24884 -0.86690 0.42917 30.32 0.9983 0.9985 63.0000 0.99970 -0.43021 -0.00721 -0.00067 -0.42722 0.99816 0.02370 -0.01144 0.00752 -0.02008 0.24842 -0.86639 -0.00219 -0.01027 0.86555 0.2487 
623.96 32.200 285.918 0.24707 -0.86630 0.43161 29.79 0.9984 0.9985 63.0000 0.99970 -0.43265 -0.00702 -0.00086 -0.42964 0.99817 0.02330 -0.01121 0.00760 -0.02049 0.24658 -0.86597 -0.00210 -0.01069 0.86477 0.2470 
622.94 32.103 285.773 0.24466 -0.86618 0.43498 29.71 0.9988 0.9989 63.0000 0.99970 -0.43598 -0.00696 -0.00117 -0.43305 0.99815 0.02306 -0.01093 0.00788 -0.02057 0.24428 -0.86596 -0.00196 -0.01062 0.86452 0.2445 
622.25 32.028 285.683 0.24302 -0.86558 0.43742 29.71 0.9993 0.9994 63.0000 0.99970 -0.43860 -0.00702 -0.00121 -0.43569 0.99903 0.02324 -0.01141 0.00818 -0.02049 0.24270 -0.86574 -0.00189 -0.01075 0.86432 0.2430 
621.57 31.954 285.579 0.24122 -0.86518 0.43986 29.63 0.9992 0.9993 63.0000 0.99970 -0.44085 -0.00690 -0.00149 -0.43808 0.99851 0.02274 -0.01131 0.00824 -0.02000 0.24088 -0.86516 -0.00194 -0.01055 0.86366 0.2411 
620.55 31.854 285.429 0.23872 -0.86492 0.44328 29.48 0.9991 0.9993 63.0000 0.99970 -0.44404 -0.00679 -0.00160 -0.44138 0.99773 0.02267 -0.01138 0.00833 -0.01963 0.23860 -0.86441 -0.00176 -0.01040 0.86321 0.2382 
619.86 31.782 285.332 0.23695 -0.86426 0.44556 29.31 0.9992 0.9993 63.0000 0.99970 -0.44638 -0.00684 -0.00165 -0.44366 0.99784 0.02242 -0.01122 0.00829 -0.01969 0.23686 -0.86383 -0.00172 -0.01036 0.86255 0.2365 
618.84 31.680 285.173 0.23434 -0.86413 0.44913 29.56 0.9992 0.9994 63.0000 0.99970 -0.44971 -0.00672 -0.00184 -0.44712 0.99709 0.02226 -0.01119 0.00836 -0.01913 0.23443 -0.86317 -0.00158 -0.00993 0.86233 0.2335 
618.15 31.608 285.056 0.23234 -0.86372 0.45150 29.59 0.9993 0.9994 63.0000 0.99970 -0.45198 -0.00672 -0.00186 -0.44952 0.99696 0.02202 -0.01127 0.00844 -0.01908 0.23262 -0.86265 -0.00146 -0.00957 0.86192 0.2313 
617.13 31.497 284.897 0.22955 -0.86291 0.45507 29.70 0.9994 0.9996 63.0000 0.99970 -0.45551 -0.00677 -0.00182 -0.45310 0.99696 0.02175 -0.01140 0.00862 -0.01926 0.22997 -0.86182 -0.00131 -0.00974 0.86112 0.2284 
616.45 31.430 284.776 0.22757 -0.86277 0.45740 30.04 0.9995 0.9996 63.0000 0.99970 -0.45774 -0.00678 -0.00181 -0.45537 0.99658 0.02170 -0.01153 0.00868 -0.01935 0.22819 -0.86143 -0.00130 -0.00977 0.86091 0.2261 
615.42 31.324 284.597 0.22450 -0.86204 0.46081 30.10 0.9992 0.9994 63.0000 0.99970 -0.46105 -0.00683 -0.00186 -0.45851 0.99582 0.02209 -0.01184 0.00862 -0.01939 0.22509 -0.86028 -0.00156 -0.00962 0.85994 0.2229 
614.74 31.256 284.476 0.22245 -0.86161 0.46299 30.20 0.9991 0.9992 63.0000 0.99970 -0.46328 -0.00693 -0.00184 -0.46040 0.99537 0.02212 -0.01208 0.00864 -0.01931 0.22320 -0.85969 -0.00157 -0.00977 0.85927 0.2206 
613.71 31.148 284.308 0.21945 -0.86044 0.46628 30.84 0.9989 0.9991 63.0000 0.99970 -0.46650 -0.00686 -0.00189 -0.46368 0.99521 0.02209 -0.01213 0.00869 -0.01956 0.22021 -0.85833 -0.00152 -0.01008 0.85818 0.2176 
613.03 31.077 284.195 0.21752 -0.85991 0.46856 31.11 0.9988 0.9990 63.0000 0.99970 -0.46853 -0.00677 -0.00201 -0.46601 0.99479 0.02179 -0.01196 0.00880 -0.01956 0.21845 -0.85750 -0.00158 -0.00956 0.85759 0.2154 
612.35 31.005 284.075 0.21542 -0.85925 0.47079 31.33 0.9988 0.9989 63.0000 0.99970 -0.47072 -0.00671 -0.00205 -0.46820 0.99463 0.02156 -0.01189 0.00882 -0.01970 0.21659 -0.85677 -0.00165 -0.00926 0.85686 0.2130 
611.32 30.895 283.905 0.21246 -0.85821 0.47424 31.92 0.9988 0.9990 63.0000 0.99970 -0.47407 -0.00691 -0.00216 -0.47173 0.99466 0.02194 -0.01170 0.00876 -0.01988 0.21395 -0.85548 -0.00195 -0.00889 0.85609 0.2098 
610.64 30.813 283.783 0.21027 -0.85718 0.47670 32.26 0.9987 0.9988 63.0000 0.99970 -0.47640 -0.00698 -0.00230 -0.47425 0.99453 0.02196 -0.01148 0.00865 -0.01999 0.21165 -0.85439 -0.00220 -0.00865 0.85502 0.2077 
609.61 30.689 283.598 0.20693 -0.85548 0.48031 33.12 0.9986 0.9987 63.0000 0.99970 -0.47999 -0.00710 -0.00236 -0.47796 0.99476 0.02215 -0.01189 0.00870 -0.02015 0.20837 -0.85278 -0.00235 -0.00869 0.85345 0.2044 
608.93 30.609 283.472 0.20473 -0.85461 0.48274 33.70 0.9984 0.9985 63.0000 0.99970 -0.48246 -0.00704 -0.00240 -0.48019 0.99444 0.02187 -0.01188 0.00881 -0.02006 0.20635 -0.85182 -0.00233 -0.00870 0.85238 0.2019 
607.91 30.494 283.280 0.20143 -0.85348 0.48633 34.13 0.9983 0.9984 63.0000 0.99970 -0.48618 -0.00697 -0.00226 -0.48347 0.99408 0.02197 -0.01214 0.00875 -0.01976 0.20325 -0.85052 -0.00224 -0.00856 0.85112 0.1984 
607.22 30.416 283.154 0.19925 -0.85259 0.48871 34.77 0.9983 0.9984 63.0000 0.99970 -0.48858 -0.00705 -0.00199 -0.48582 0.99412 0.02200 -0.01235 0.00859 -0.01965 0.20133 -0.84974 -0.00216 -0.00894 0.85017 0.1959 
606.20 30.298 282.958 0.19582 -0.85105 0.49217 35.97 0.9983 0.9984 63.0000 0.99970 -0.49210 -0.00709 -0.00159 -0.48933 0.99440 0.02228 -0.01281 0.00847 -0.01950 0.19801 -0.84830 -0.00218 -0.00899 0.84879 0.1925 
605.52 30.222 282.828 0.19358 -0.85016 0.49443 36.32 0.9984 0.9986 63.0000 0.99970 -0.49451 -0.00721 -0.00157 -0.49162 0.99480 0.02255 -0.01277 0.00846 -0.01940 0.19598 -0.84756 -0.00217 -0.00912 0.84807 0.1901 
604.49 30.105 282.634 0.19021 -0.84859 0.49787 37.14 0.9986 0.9987 63.0000 0.99970 -0.49815 -0.00738 -0.00142 -0.49511 0.99533 0.02301 -0.01313 0.00851 -0.01937 0.19287 -0.84619 -0.00245 -0.00886 0.84677 0.1866 
603.81 30.023 282.499 0.18780 -0.84719 0.50007 37.52 0.9987 0.9989 63.0000 0.99970 -0.50050 -0.00773 -0.00127 -0.49755 0.99614 0.02345 -0.01312 0.00859 -0.01957 0.19056 -0.84531 -0.00254 -0.00883 0.84555 0.1843 
603.13 29.939 282.373 0.18555 -0.84581 0.50238 38.23 0.9987 0.9988 63.0000 0.99970 -0.50284 -0.00805 -0.00131 -0.50003 0.99654 0.02388 -0.01305 0.00873 -0.01980 0.18811 -0.84418 -0.00242 -0.00891 0.84426 0.1823 
602.10 29.818 282.174 0.18205 -0.84390 0.50577 39.22 0.9988 0.9990 63.0000 0.99970 -0.50634 -0.00822 -0.00108 -0.50368 0.99729 0.02407 -0.01311 0.00896 -0.02021 0.18449 -0.84271 -0.00218 -0.00910 0.84255 0.1791 
601.42 29.743 282.041 0.17978 -0.84282 0.50789 39.56 0.9986 0.9988 63.0000 0.99970 -0.50848 -0.00832 -0.00082 -0.50575 0.99723 0.02444 -0.01316 0.00895 -0.02026 0.18227 -0.84151 -0.00215 -0.00929 0.84154 0.1767 
600.40 29.627 281.861 0.17665 -0.84110 0.51124 40.57 0.9988 0.9990 63.0000 0.99970 -0.51192 -0.00848 -0.00087 -0.50936 0.99795 0.02498 -0.01320 0.00907 -0.02048 0.17909 -0.83998 -0.00195 -0.00937 0.84025 0.1738 
599.72 29.548 281.736 0.17446 -0.83976 0.51341 41.23 0.9988 0.9990 63.0000 0.99970 -0.51420 -0.00867 -0.00082 -0.51163 0.99834 0.02533 -0.01337 0.00917 -0.02085 0.17677 -0.83875 -0.00188 -0.00972 0.83912 0.1718 
598.69 29.437 281.547 0.17126 -0.83827 0.51667 42.33 0.9988 0.9990 63.0000 0.99970 -0.51749 -0.00878 -0.00068 -0.51488 0.99844 0.02506 -0.01355 0.00909 -0.02059 0.17360 -0.83725 -0.00177 -0.00995 0.83773 0.1686 
598.01 29.364 281.411 0.16903 -0.83743 0.51887 42.62 0.9989 0.9991 63.0000 0.99970 -0.51971 -0.00877 -0.00066 -0.51710 0.99848 0.02503 -0.01378 0.00928 -0.02036 0.17143 -0.83645 -0.00161 -0.01016 0.83690 0.1663 
596.99 29.254 281.209 0.16571 -0.83622 0.52226 43.42 0.9990 0.9992 63.0000 0.99970 -0.52302 -0.00863 -0.00096 -0.52061 0.99862 0.02474 -0.01355 0.00969 -0.02042 0.16818 -0.83551 -0.00129 -0.01049 0.83552 0.1630 
596.30 29.185 281.075 0.16357 -0.83567 0.52448 43.76 0.9993 0.9995 63.0000 0.99970 -0.52536 -0.00875 -0.00109 -0.52282 0.99880 0.02491 -0.01354 0.00993 -0.02046 0.16625 -0.83514 -0.00105 -0.01063 0.83494 0.1606 
595.28 29.077 280.888 0.16046 -0.83418 0.52762 43.92 0.9997 0.9998 63.0000 0.99970 -0.52881 -0.00897 -0.00097 -0.52608 0.99962 0.02517 -0.01372 0.01012 -0.02004 0.16341 -0.83412 -0.00087 -0.01038 0.83366 0.1574 
594.60 28.991 280.756 0.15816 -0.83252 0.52987 43.96 0.9996 0.9998 63.0000 0.99970 -0.53132 -0.00887 -0.00095 -0.52832 1.00011 0.02502 -0.01395 0.01004 -0.02005 0.16100 -0.83268 -0.00086 -0.01043 0.83221 0.1553 
593.92 28.921 280.624 0.15604 -0.83184 0.53210 43.97 0.9995 0.9997 63.0000 0.99970 -0.53345 -0.00873 -0.00109 -0.53038 0.99960 0.02461 -0.01350 0.00980 -0.01986 0.15904 -0.83185 -0.00105 -0.01000 0.83124 0.1529 
592.89 28.816 280.421 0.15275 -0.83059 0.53528 43.80 0.9997 0.9998 63.0000 0.99970 -0.53686 -0.00866 -0.00095 -0.53339 0.99973 0.02430 -0.01367 0.00970 -0.01976 0.15626 -0.83053 -0.00098 -0.00988 0.83017 0.1491 
592.21 28.742 280.280 0.15048 -0.82964 0.53749 43.81 0.9997 0.9998 63.0000 0.99970 -0.53911 -0.00870 -0.00087 -0.53555 0.99970 0.02382 -0.01356 0.00970 -0.01962 0.15407 -0.82963 -0.00101 -0.00995 0.82916 0.1468 
591.19 28.634 280.068 0.14715 -0.82875 0.54101 43.54 0.9996 0.9998 63.0000 0.99970 -0.54247 -0.00874 -0.00092 -0.53885 0.99900 0.02328 -0.01365 0.00983 -0.01957 0.15070 -0.82839 -0.00110 -0.00976 0.82803 0.1434 
590.51 28.562 279.917 0.14472 -0.82774 0.54312 42.93 0.9995 0.9997 63.0000 0.99970 -0.54463 -0.00864 -0.00105 -0.54081 0.99881 0.02294 -0.01364 0.00986 -0.01990 0.14830 -0.82729 -0.00092 -0.00991 0.82696 0.1409 
589.48 28.459 279.707 0.14138 -0.82652 0.54623 42.08 0.9993 0.9995 63.0000 0.99970 -0.54748 -0.00859 -0.00108 -0.54385 0.99822 0.02263 -0.01328 0.00956 -0.02020 0.14482 -0.82561 -0.00098 -0.01001 0.82571 0.1376 
588.80 28.384 279.567 0.13911 -0.82535 0.54839 41.44 0.9993 0.9994 63.0000 0.99970 -0.54963 -0.00875 -0.00112 -0.54598 0.99818 0.02250 -0.01311 0.00946 -0.02022 0.14250 -0.82440 -0.00100 -0.00999 0.82455 0.1354 
587.78 28.270 279.352 0.13562 -0.82349 0.55157 40.66 0.9991 0.9992 63.0000 0.99970 -0.55284 -0.00876 -0.00098 -0.54904 0.99804 0.02241 -0.01314 0.00915 -0.02020 0.13900 -0.82248 -0.00098 -0.01027 0.82262 0.1319 
587.10 28.194 279.220 0.13345 -0.82217 0.55365 39.92 0.9990 0.9991 63.0000 0.99970 -0.55487 -0.00876 -0.00104 -0.55121 0.99810 0.02214 -0.01295 0.00904 -0.02007 0.13659 -0.82115 -0.00090 -0.01035 0.82137 0.1300 
586.41 28.119 279.070 0.13107 -0.82107 0.55584 38.99 0.9987 0.9989 63.0000 0.99970 -0.55695 -0.00878 -0.00101 -0.55324 0.99764 0.02209 -0.01298 0.00895 -0.01998 0.13406 -0.81981 -0.00114 -0.01009 0.82015 0.1277 
585.39 28.015 278.840 0.12751 -0.81985 0.55899 37.63 0.9988 0.9989 63.0000 0.99970 -0.56010 -0.00878 -0.00092 -0.55624 0.99738 0.02238 -0.01325 0.00887 -0.01995 0.13046 -0.81839 -0.00158 -0.00974 0.81891 0.1242 
584.71 27.948 278.690 0.12521 -0.81924 0.56119 36.95 0.9989 0.9990 63.0000 0.99970 -0.56229 -0.00884 -0.00076 -0.55833 0.99715 0.02222 -0.01327 0.00868 -0.01966 0.12805 -0.81771 -0.00173 -0.00977 0.81819 0.1220 
583.69 27.837 278.451 0.12153 -0.81790 0.56461 35.19 0.9989 0.9991 63.0000 0.99970 -0.56556 -0.00877 -0.00086 -0.56175 0.99692 0.02198 -0.01322 0.00864 -0.01939 0.12418 -0.81632 -0.00177 -0.01005 0.81671 0.1185 
583.01 27.765 278.293 0.11906 -0.81682 0.56669 34.30 0.9989 0.9990 63.0000 0.99970 -0.56755 -0.00855 -0.00089 -0.56383 0.99679 0.02147 -0.01319 0.00862 -0.01937 0.12171 -0.81531 -0.00151 -0.01017 0.81547 0.1160 
581.98 27.662 278.053 0.11540 -0.81572 0.56994 33.02 0.9989 0.9990 63.0000 0.99970 -0.57052 -0.00827 -0.00082 -0.56706 0.99627 0.02064 -0.01305 0.00852 -0.01900 0.11835 -0.81411 -0.00134 -0.01035 0.81405 0.1120 
581.30 27.595 277.901 0.11306 -0.81466 0.57183 32.22 0.9986 0.9987 63.0000 0.99970 -0.57218 -0.00815 -0.00078 -0.56886 0.99572 0.02039 -0.01299 0.00853 -0.01886 0.11585 -0.81292 -0.00115 -0.01038 0.81267 0.1097 
580.28 27.485 277.661 0.10936 -0.81299 0.57502 30.87 0.9986 0.9987 63.0000 0.99970 -0.57538 -0.00829 -0.00095 -0.57201 0.99570 0.02033 -0.01271 0.00872 -0.01875 0.11185 -0.81148 -0.00124 -0.01005 0.81075 0.1064 
579.60 27.417 277.500 0.10692 -0.81212 0.57709 30.10 0.9985 0.9987 63.0000 0.99970 -0.57727 -0.00850 -0.00113 -0.57404 0.99534 0.02054 -0.01224 0.00859 -0.01851 0.10949 -0.81050 -0.00153 -0.00972 0.80970 0.1038 
578.58 27.309 277.250 0.10310 -0.81046 0.58024 28.68 0.9985 0.9986 63.0000 0.99970 -0.58038 -0.00824 -0.00124 -0.57714 0.99521 0.02016 -0.01186 0.00861 -0.01794 0.10568 -0.80870 -0.00152 -0.00913 0.80809 0.1000 
577.89 27.239 277.082 0.10058 -0.80953 0.58236 27.99 0.9987 0.9989 63.0000 0.99970 -0.58250 -0.00812 -0.00131 -0.57940 0.99545 0.01982 -0.01177 0.00870 -0.01771 0.10319 -0.80791 -0.00132 -0.00925 0.80722 0.0975 
577.21 27.169 276.920 0.09814 -0.80857 0.58446 27.40 0.9987 0.9988 63.0000 0.99970 -0.58440 -0.00802 -0.00138 -0.58152 0.99515 0.01947 -0.01166 0.00879 -0.01768 0.10081 -0.80679 -0.00120 -0.00884 0.80618 0.0950 
576.19 27.061 276.687 0.09459 -0.80684 0.58756 26.30 0.9987 0.9989 63.0000 0.99970 -0.58715 -0.00797 -0.00150 -0.58498 0.99521 0.01926 -0.01113 0.00902 -0.01738 0.09722 -0.80500 -0.00113 -0.00847 0.80458 0.0915 
575.51 26.986 276.522 0.09211 -0.80564 0.58975 25.51 0.9987 0.9988 63.0000 0.99970 -0.58917 -0.00794 -0.00144 -0.58724 0.99507 0.01917 -0.01111 0.00907 -0.01733 0.09446 -0.80366 -0.00086 -0.00863 0.80341 0.0893 
574.49 26.884 276.260 0.08822 -0.80425 0.59286 24.84 0.9987 0.9988 63.0000 0.99970 -0.59215 -0.00781 -0.00123 -0.59025 0.99471 0.01900 -0.01088 0.00898 -0.01671 0.09055 -0.80195 -0.00060 -0.00803 0.80206 0.0854 
573.81 26.812 276.085 0.08561 -0.80302 0.59488 24.34 0.9987 0.9988 63.0000 0.99970 -0.59419 -0.00762 -0.00139 -0.59224 0.99470 0.01896 -0.01050 0.00899 -0.01660 0.08774 -0.80078 -0.00056 -0.00764 0.80077 0.0830 
572.78 26.698 275.815 0.08161 -0.80129 0.59826 23.28 0.9988 0.9989 63.0000 0.99970 -0.59761 -0.00748 -0.00159 -0.59551 0.99462 0.01846 -0.01055 0.00923 -0.01644 0.08363 -0.79884 -0.00028 -0.00778 0.79920 0.0791 
572.10 26.629 275.641 0.07905 -0.80023 0.60032 22.88 0.9988 0.9989 63.0000 0.99970 -0.59963 -0.00745 -0.00167 -0.59745 0.99439 0.01811 -0.01056 0.00933 -0.01608 0.08097 -0.79755 -0.00031 -0.00768 0.79819 0.0767 
571.08 26.517 275.376 0.07512 -0.79829 0.60346 22.25 0.9991 0.9992 63.0000 0.99970 -0.60310 -0.00750 -0.00153 -0.60057 0.99490 0.01772 -0.01122 0.00964 -0.01572 0.07718 -0.79591 -0.00008 -0.00770 0.79636 0.0726 
570.40 26.443 275.202 0.07256 -0.79696 0.60555 22.21 0.9992 0.9993 63.0000 0.99970 -0.60535 -0.00758 -0.00167 -0.60263 0.99515 0.01782 -0.01102 0.00986 -0.01550 0.07476 -0.79466 0.00000 -0.00737 0.79515 0.0700 
569.38 26.329 274.930 0.06858 -0.79500 0.60879 21.55 0.9994 0.9995 63.0000 0.99970 -0.60870 -0.00780 -0.00174 -0.60587 0.99535 0.01812 -0.01085 0.01004 -0.01539 0.07063 -0.79289 -0.00016 -0.00729 0.79318 0.0662 
568.70 26.255 274.750 0.06595 -0.79361 0.61085 21.25 0.9996 0.9997 63.0000 0.99970 -0.61100 -0.00792 -0.00168 -0.60794 0.99581 0.01803 -0.01077 0.01006 -0.01525 0.06807 -0.79158 -0.00029 -0.00692 0.79207 0.0635 
568.02 26.176 274.564 0.06321 -0.79190 0.61284 21.10 0.9995 0.9996 63.0000 0.99970 -0.61319 -0.00791 -0.00166 -0.60982 0.99594 0.01762 -0.01070 0.01006 -0.01517 0.06516 -0.78989 -0.00051 -0.00679 0.79046 0.0610 
567.00 26.070 274.279 0.05911 -0.79001 0.61584 20.55 0.9996 0.9997 63.0000 0.99970 -0.61629 -0.00775 -0.00172 -0.61278 0.99607 0.01720 -0.01100 0.01021 -0.01544 0.06119 -0.78806 -0.00024 -0.00710 0.78862 0.0568 
566.32 26.004 274.087 0.05638 -0.78902 0.61785 20.50 0.9996 0.9998 63.0000 0.99970 -0.61811 -0.00795 -0.00171 -0.61484 0.99585 0.01730 -0.01094 0.01037 -0.01568 0.05855 -0.78722 -0.00024 -0.00724 0.78732 0.0539 
565.29 25.889 273.789 0.05210 -0.78656 0.62080 20.55 0.9996 0.9997 63.0000 0.99970 -0.62120 -0.00803 -0.00163 -0.61784 0.99617 0.01719 -0.01152 0.01072 -0.01597 0.05411 -0.78496 0.00015 -0.00782 0.78491 0.0499 
564.61 25.810 273.591 0.04924 -0.78478 0.62278 20.43 0.9997 0.9998 63.0000 0.99970 -0.62336 -0.00802 -0.00155 -0.61986 0.99654 0.01700 -0.01154 0.01081 -0.01620 0.05111 -0.78353 0.00030 -0.00791 0.78307 0.0472 
563.59 25.695 273.307 0.04520 -0.78230 0.62578 20.34 0.9996 0.9997 63.0000 0.99970 -0.62640 -0.00826 -0.00167 -0.62284 0.99658 0.01714 -0.01179 0.01093 -0.01662 0.04671 -0.78101 0.00054 -0.00793 0.78069 0.0435 
562.91 25.621 273.115 0.04249 -0.78056 0.62759 20.37 0.9991 0.9993 63.0000 0.99970 -0.62810 -0.00831 -0.00176 -0.62445 0.99610 0.01724 -0.01209 0.01097 -0.01686 0.04378 -0.77908 0.00059 -0.00812 0.77877 0.0410 
561.89 25.494 272.826 0.03837 -0.77735 0.63050 20.65 0.9990 0.9991 63.0000 0.99970 -0.63135 -0.00862 -0.00152 -0.62737 0.99667 0.01773 -0.01240 0.01072 -0.01667 0.03933 -0.77621 0.00066 -0.00872 0.77567 0.0373 
561.21 25.415 272.616 0.03543 -0.77547 0.63243 20.72 0.9990 0.9991 63.0000 0.99970 -0.63357 -0.00881 -0.00144 -0.62921 0.99700 0.01799 -0.01271 0.01076 -0.01661 0.03645 -0.77447 0.00078 -0.00912 0.77391 0.0343 
560.53 25.335 272.403 0.03247 -0.77355 0.63436 20.76 0.9988 0.9989 63.0000 0.99970 -0.63549 -0.00881 -0.00146 -0.63109 0.99691 0.01815 -0.01271 0.01076 -0.01669 0.03342 -0.77243 0.00089 -0.00956 0.77205 0.0314 
559.51 25.223 272.096 0.02822 -0.77089 0.63710 21.17 0.9987 0.9988 63.0000 0.99970 -0.63837 -0.00883 -0.00144 -0.63386 0.99721 0.01828 -0.01319 0.01080 -0.01678 0.02896 -0.76995 0.00067 -0.00961 0.76945 0.0274 
558.83 25.155 271.883 0.02530 -0.76951 0.63899 21.40 0.9986 0.9988 63.0000 0.99970 -0.64032 -0.00893 -0.00141 -0.63557 0.99705 0.01878 -0.01361 0.01090 -0.01690 0.02611 -0.76854 0.00057 -0.00986 0.76797 0.0244 
557.81 25.041 271.566 0.02097 -0.76697 0.64193 22.04 0.9988 0.9990 63.0000 0.99970 -0.64336 -0.00887 -0.00137 -0.63872 0.99754 0.01874 -0.01339 0.01102 -0.01722 0.02166 -0.76635 0.00068 -0.01007 0.76548 0.0202 
557.13 24.963 271.347 0.01799 -0.76507 0.64382 22.26 0.9988 0.9989 63.0000 0.99970 -0.64540 -0.00883 -0.00138 -0.64062 0.99780 0.01847 -0.01348 0.01089 -0.01690 0.01864 -0.76475 0.00097 -0.01036 0.76348 0.0173 
556.11 24.844 271.003 0.01334 -0.76196 0.64654 22.85 0.9987 0.9989 63.0000 0.99970 -0.64828 -0.00873 -0.00167 -0.64354 0.99834 0.01876 -0.01336 0.01101 -0.01691 0.01416 -0.76196 0.00130 -0.01079 0.76047 0.0125 
555.43 24.771 270.789 0.01047 -0.76020 0.64839 23.41 0.9986 0.9987 63.0000 0.99970 -0.65014 -0.00880 -0.00162 -0.64530 0.99824 0.01905 -0.01342 0.01094 -0.01695 0.01136 -0.76030 0.00140 -0.01100 0.75854 0.0096 
554.40 24.656 270.460 0.00608 -0.75749 0.65127 23.90 0.9982 0.9984 63.0000 0.99970 -0.65289 -0.00887 -0.00176 -0.64798 0.99774 0.01961 -0.01325 0.01074 -0.01645 0.00667 -0.75741 0.00104 -0.01065 0.75562 0.0055 
553.72 24.580 270.223 0.00294 -0.75548 0.65305 24.43 0.9979 0.9981 63.0000 0.99970 -0.65462 -0.00912 -0.00186 -0.64969 0.99754 0.02012 -0.01326 0.01095 -0.01659 0.00344 -0.75536 0.00115 -0.01066 0.75352 0.0024 
552.70 24.468 269.861 -0.00183 -0.75290 0.65597 25.07 0.9980 0.9981 63.0000 0.99970 -0.65756 -0.00918 -0.00206 -0.65268 0.99770 0.02013 -0.01298 0.01087 -0.01638 -0.00100 -0.75270 0.00092 -0.01053 0.75114 -0.0027 
552.02 24.395 269.625 -0.00491 -0.75130 0.65797 25.86 0.9978 0.9979 63.0000 0.99970 -0.65924 -0.00896 -0.00197 -0.65464 0.99717 0.01999 -0.01288 0.01072 -0.01628 -0.00386 -0.75076 0.00094 -0.01060 0.74949 -0.0059 
551.34 24.318 269.381 -0.00810 -0.74955 0.66000 26.45 0.9979 0.9980 63.0000 0.99970 -0.66123 -0.00870 -0.00184 -0.65676 0.99726 0.01963 -0.01302 0.01067 -0.01599 -0.00688 -0.74891 0.00106 -0.01060 0.74790 -0.0093 
550.32 24.205 269.009 -0.01292 -0.74683 0.66295 27.25 0.9980 0.9981 63.0000 0.99970 -0.66402 -0.00872 -0.00183 -0.66003 0.99752 0.02012 -0.01343 0.01077 -0.01604 -0.01150 -0.74591 0.00115 -0.01053 0.74568 -0.0143 
549.64 24.134 268.764 -0.01608 -0.74508 0.66476 27.85 0.9978 0.9980 63.0000 0.99970 -0.66553 -0.00872 -0.00183 -0.66199 0.99730 0.02031 -0.01341 0.01089 -0.01627 -0.01449 -0.74396 0.00103 -0.01018 0.74396 -0.0176 
548.62 24.028 268.377 -0.02104 -0.74277 0.66777 28.98 0.9981 0.9982 63.0000 0.99970 -0.66844 -0.00871 -0.00173 -0.66514 0.99737 0.02044 -0.01335 0.01108 -0.01642 -0.01927 -0.74154 0.00080 -0.00976 0.74182 -0.0228 
547.94 23.959 268.118 -0.02436 -0.74136 0.66982 29.33 0.9980 0.9982 63.0000 0.99970 -0.67044 -0.00852 -0.00171 -0.66693 0.99691 0.02021 -0.01338 0.01091 -0.01631 -0.02263 -0.73997 0.00094 -0.00965 0.74023 -0.0260 
546.92 23.856 267.730 -0.02930 -0.73903 0.67273 30.32 0.9981 0.9982 63.0000 0.99970 -0.67328 -0.00832 -0.00206 -0.66972 0.99666 0.01949 -0.01275 0.01078 -0.01614 -0.02729 -0.73743 0.00082 -0.00849 0.73794 -0.0312 
546.24 23.785 267.469 -0.03258 -0.73724 0.67457 30.95 0.9979 0.9981 63.0000 0.99970 -0.67501 -0.00841 -0.00251 -0.67149 0.99636 0.01925 -0.01216 0.01091 -0.01623 -0.03039 -0.73558 0.00058 -0.00820 0.73600 -0.0346 
545.22 23.673 267.091 -0.03732 -0.73439 0.67747 31.55 0.9977 0.9978 63.0000 0.99970 -0.67750 -0.00842 -0.00245 -0.67442 0.99583 0.01858 -0.01250 0.01099 -0.01640 -0.03472 -0.73234 0.00047 -0.00838 0.73317 -0.0397 
544.54 23.601 266.833 -0.04053 -0.73253 0.67931 32.05 0.9977 0.9978 63.0000 0.99970 -0.67940 -0.00870 -0.00227 -0.67614 0.99576 0.01864 -0.01262 0.01089 -0.01628 -0.03785 -0.73046 0.00034 -0.00812 0.73128 -0.0430 
543.52 23.483 266.433 -0.04547 -0.72942 0.68231 32.40 0.9977 0.9978 63.0000 0.99970 -0.68239 -0.00868 -0.00232 -0.67921 0.99587 0.01791 -0.01226 0.01097 -0.01645 -0.04254 -0.72752 0.00028 -0.00793 0.72809 -0.0482 
542.84 23.407 266.160 -0.04884 -0.72756 0.68441 32.73 0.9976 0.9977 63.0000 0.99970 -0.68425 -0.00865 -0.00222 -0.68125 0.99546 0.01765 -0.01203 0.01104 -0.01657 -0.04575 -0.72537 0.00019 -0.00771 0.72623 -0.0517 
542.16 23.329 265.889 -0.05216 -0.72559 0.68653 32.73 0.9976 0.9977 63.0000 0.99970 -0.68632 -0.00855 -0.00204 -0.68329 0.99527 0.01723 -0.01207 0.01109 -0.01665 -0.04919 -0.72342 0.00009 -0.00805 0.72411 -0.0549 
541.14 23.215 265.483 -0.05707 -0.72240 0.68936 32.55 0.9974 0.9975 63.0000 0.99970 -0.68885 -0.00882 -0.00215 -0.68617 0.99493 0.01703 -0.01159 0.01126 -0.01688 -0.05416 -0.72018 0.00020 -0.00800 0.72074 -0.0597 
540.46 23.137 265.217 -0.06026 -0.72016 0.69124 32.55 0.9972 0.9973 63.0000 0.99970 -0.69058 -0.00886 -0.00204 -0.68797 0.99460 0.01680 -0.01199 0.01123 -0.01705 -0.05748 -0.71788 0.00045 -0.00830 0.71835 -0.0627 
539.45 23.026 264.790 -0.06537 -0.71690 0.69389 32.11 0.9971 0.9973 63.0000 0.99970 -0.69309 -0.00903 -0.00178 -0.69082 0.99471 0.01653 -0.01188 0.01113 -0.01724 -0.06232 -0.71502 0.00091 -0.00865 0.71478 -0.0681 
538.77 22.940 264.510 -0.06866 -0.71429 0.69588 31.65 0.9971 0.9973 63.0000 0.99970 -0.69519 -0.00922 -0.00170 -0.69287 0.99498 0.01652 -0.01175 0.01113 -0.01698 -0.06599 -0.71255 0.00088 -0.00848 0.71223 -0.0710 
537.75 22.823 264.084 -0.07365 -0.71081 0.69867 30.55 0.9968 0.9970 63.0000 0.99970 -0.69784 -0.00941 -0.00136 -0.69550 0.99458 0.01616 -0.01212 0.01100 -0.01667 -0.07095 -0.70898 0.00086 -0.00869 0.70858 -0.0759 
537.07 22.739 263.808 -0.07683 -0.70819 0.70058 29.98 0.9967 0.9968 63.0000 0.99970 -0.69964 -0.00968 -0.00121 -0.69748 0.99454 0.01600 -0.01221 0.01086 -0.01634 -0.07444 -0.70643 0.00089 -0.00908 0.70587 -0.0788 
536.05 22.631 263.384 -0.08177 -0.70497 0.70323 28.84 0.9966 0.9967 63.0000 0.99970 -0.70204 -0.00975 -0.00106 -0.70026 0.99439 0.01556 -0.01210 0.01058 -0.01571 -0.07983 -0.70324 0.00085 -0.00985 0.70252 -0.0832 
535.37 22.555 263.098 -0.08507 -0.70273 0.70515 28.11 0.9967 0.9969 63.0000 0.99970 -0.70417 -0.00973 -0.00093 -0.70214 0.99463 0.01548 -0.01226 0.01035 -0.01547 -0.08319 -0.70118 0.00088 -0.01021 0.70030 -0.0865 
534.35 22.424 262.649 -0.09015 -0.69881 0.70835 27.09 0.9970 0.9972 63.0000 0.99970 -0.70785 -0.00977 -0.00031 -0.70528 0.99526 0.01566 -0.01300 0.01002 -0.01521 -0.08833 -0.69785 0.00066 -0.01047 0.69625 -0.0915 
533.67 22.352 262.353 -0.09352 -0.69655 0.71012 26.05 0.9972 0.9973 63.0000 0.99970 -0.71007 -0.00990 0.00014 -0.70678 0.99553 0.01543 -0.01353 0.01003 -0.01492 -0.09176 -0.69581 0.00047 -0.01044 0.69398 -0.0948 
532.99 22.279 262.064 -0.09676 -0.69417 0.71181 25.18 0.9971 0.9973 63.0000 0.99970 -0.71185 -0.01001 0.00019 -0.70844 0.99563 0.01519 -0.01372 0.00998 -0.01460 -0.09506 -0.69341 0.00052 -0.01055 0.69170 -0.0980 
531.97 22.169 261.636 -0.10155 -0.69071 0.71444 23.73 0.9974 0.9975 63.0000 0.99970 -0.71492 -0.00999 0.00079 -0.71101 0.99619 0.01491 -0.01469 0.00972 -0.01424 -0.09998 -0.68996 0.00046 -0.01073 0.68862 -0.1027 
531.29 22.087 261.330 -0.10493 -0.68820 0.71651 23.07 0.9976 0.9978 63.0000 0.99970 -0.71704 -0.01000 0.00076 -0.71331 0.99659 0.01488 -0.01459 0.00955 -0.01393 -0.10386 -0.68760 0.00042 -0.01112 0.68625 -0.1056 
530.27 21.962 260.896 -0.10965 -0.68429 0.71955 21.96 0.9981 0.9982 63.0000 0.99970 -0.72056 -0.01011 0.00120 -0.71655 0.99752 0.01495 -0.01547 0.00947 -0.01342 -0.10924 -0.68397 0.00050 -0.01206 0.68271 -0.1098 
529.59 21.886 260.587 -0.11306 -0.68198 0.72157 20.89 0.9980 0.9981 63.0000 0.99970 -0.72243 -0.01005 0.00120 -0.71837 0.99707 0.01491 -0.01607 0.00919 -0.01302 -0.11257 -0.68134 0.00069 -0.01268 0.68042 -0.1132 
528.58 21.768 260.137 -0.11796 -0.67846 0.72474 19.94 0.9979 0.9981 63.0000 0.99970 -0.72549 -0.00994 0.00104 -0.72121 0.99645 0.01505 -0.01599 0.00889 -0.01271 -0.11817 -0.67771 0.00044 -0.01279 0.67659 -0.1173 
527.90 21.686 259.825 -0.12130 -0.67584 0.72680 19.28 0.9975 0.9976 63.0000 0.99970 -0.72742 -0.01000 0.00079 -0.72259 0.99538 0.01496 -0.01601 0.00891 -0.01262 -0.12189 -0.67467 0.00051 -0.01252 0.67369 -0.1201 
526.88 21.570 259.325 -0.12662 -0.67172 0.72944 18.43 0.9973 0.9975 63.0000 0.99970 -0.73032 -0.00973 0.00065 -0.72490 0.99530 0.01483 -0.01584 0.00899 -0.01262 -0.12748 -0.67064 0.00028 -0.01250 0.66944 -0.1251 
526.20 21.495 258.996 -0.13011 -0.66914 0.73124 17.62 0.9974 0.9975 63.0000 0.99970 -0.73202 -0.00974 0.00054 -0.72684 0.99535 0.01501 -0.01583 0.00899 -0.01247 -0.13116 -0.66801 0.00040 -0.01253 0.66695 -0.1284 
525.52 21.416 258.687 -0.13334 -0.66648 0.73318 17.26 0.9975 0.9976 63.0000 0.99970 -0.73390 -0.00968 0.00044 -0.72900 0.99557 0.01502 -0.01551 0.00882 -0.01217 -0.13447 -0.66536 0.00020 -0.01221 0.66445 -0.1316 
524.50 21.304 258.208 -0.13835 -0.66268 0.73599 16.50 0.9978 0.9979 63.0000 0.99970 -0.73673 -0.00988 0.00035 -0.73198 0.99586 0.01539 -0.01545 0.00851 -0.01245 -0.13967 -0.66131 0.00002 -0.01214 0.66111 -0.1364 
523.82 21.230 257.879 -0.14179 -0.66020 0.73793 16.23 0.9980 0.9982 63.0000 0.99970 -0.73898 -0.00992 0.00023 -0.73379 0.99611 0.01554 -0.01541 0.00840 -0.01233 -0.14323 -0.65881 -0.00013 -0.01165 0.65881 -0.1398 
522.80 21.124 257.372 -0.14712 -0.65665 0.74091 15.66 0.9985 0.9986 63.0000 0.99970 -0.74207 -0.00993 0.00019 -0.73687 0.99641 0.01519 -0.01517 0.00847 -0.01271 -0.14848 -0.65533 -0.00023 -0.01133 0.65542 -0.1452 
522.13 21.057 257.027 -0.15074 -0.65434 0.74279 15.37 0.9987 0.9988 63.0000 0.99970 -0.74397 -0.00981 0.00025 -0.73866 0.99633 0.01484 -0.01493 0.00862 -0.01318 -0.15221 -0.65302 -0.00033 -0.01122 0.65306 -0.1487 
521.11 20.956 256.517 -0.15603 -0.65080 0.74556 14.91 0.9987 0.9988 63.0000 0.99970 -0.74649 -0.00957 -0.00004 -0.74127 0.99578 0.01417 -0.01450 0.00864 -0.01295 -0.15746 -0.64927 -0.00040 -0.01026 0.64939 -0.1539 
520.43 20.884 256.175 -0.15947 -0.64801 0.74725 14.80 0.9987 0.9988 63.0000 0.99970 -0.74823 -0.00971 -0.00019 -0.74298 0.99589 0.01361 -0.01439 0.00874 -0.01307 -0.16098 -0.64675 -0.00025 -0.01044 0.64642 -0.1573 
519.41 20.766 255.609 -0.16510 -0.64344 0.75000 14.45 0.9988 0.9989 63.0000 0.99970 -0.75099 -0.00984 -0.00032 -0.74583 0.99607 0.01316 -0.01407 0.00896 -0.01327 -0.16621 -0.64241 -0.00044 -0.01030 0.64175 -0.1633 
518.73 20.683 255.233 -0.16873 -0.64011 0.75177 14.38 0.9988 0.9989 63.0000 0.99970 -0.75273 -0.00979 -0.00019 -0.74769 0.99614 0.01320 -0.01412 0.00927 -0.01344 -0.16962 -0.63920 -0.00038 -0.01082 0.63836 -0.1671 
517.71 20.567 254.651 -0.17447 -0.63559 0.75463 14.42 0.9991 0.9992 63.0000 0.99970 -0.75550 -0.00970 0.00016 -0.75088 0.99649 0.01262 -0.01426 0.00969 -0.01390 -0.17504 -0.63482 0.00002 -0.01121 0.63394 -0.1732 
517.04 20.489 254.256 -0.17832 -0.63253 0.75661 14.30 0.9993 0.9994 63.0000 0.99970 -0.75755 -0.00976 0.00022 -0.75293 0.99668 0.01245 -0.01390 0.00988 -0.01373 -0.17865 -0.63182 0.00035 -0.01104 0.63095 -0.1774 
516.36 20.400 253.855 -0.18211 -0.62908 0.75873 14.35 0.9994 0.9995 63.0000 0.99970 -0.75957 -0.00960 0.00011 -0.75524 0.99680 0.01207 -0.01341 0.01003 -0.01376 -0.18215 -0.62858 0.00064 -0.01091 0.62737 -0.1814 
515.34 20.289 253.238 -0.18805 -0.62435 0.76138 14.43 0.9999 1.0000 63.0000 0.99970 -0.76249 -0.00968 0.00055 -0.75825 0.99765 0.01199 -0.01343 0.01016 -0.01365 -0.18809 -0.62430 0.00092 -0.01050 0.62275 -0.1875 
514.66 20.209 252.827 -0.19190 -0.62096 0.76321 14.69 1.0000 1.0001 63.0000 0.99970 -0.76435 -0.00997 0.00055 -0.76026 0.99793 0.01230 -0.01327 0.01052 -0.01375 -0.19201 -0.62101 0.00128 -0.01044 0.61944 -0.1913 
513.64 20.084 252.198 -0.19766 -0.61559 0.76595 14.96 1.0002 1.0003 63.0000 0.99970 -0.76714 -0.01034 0.00047 -0.76327 0.99835 0.01255 -0.01298 0.01089 -0.01421 -0.19743 -0.61569 0.00184 -0.01024 0.61430 -0.1975 
512.96 20.001 251.775 -0.20146 -0.61184 0.76761 15.18 1.0003 1.0004 63.0000 0.99970 -0.76899 -0.01038 0.00082 -0.76508 0.99880 0.01270 -0.01327 0.01102 -0.01422 -0.20091 -0.61209 0.00200 -0.01007 0.61067 -0.2017 
511.95 19.894 251.121 -0.20748 -0.60670 0.76992 15.53 1.0004 1.0005 63.0000 0.99970 -0.77128 -0.01073 0.00109 -0.76765 0.99913 0.01265 -0.01302 0.01133 -0.01398 -0.20655 -0.60723 0.00225 -0.00988 0.60545 -0.2082 
511.27 19.816 250.690 -0.21132 -0.60309 0.77161 16.01 1.0003 1.0004 63.0000 0.99970 -0.77280 -0.01070 0.00118 -0.76947 0.99908 0.01256 -0.01323 0.01160 -0.01404 -0.21045 -0.60347 0.00232 -0.01007 0.60197 -0.2119 
510.25 19.708 250.019 -0.21737 -0.59784 0.77398 16.48 1.0004 1.0005 63.0000 0.99970 -0.77485 -0.01058 0.00158 -0.77223 0.99916 0.01209 -0.01307 0.01158 -0.01418 -0.21610 -0.59838 0.00236 -0.01045 0.59661 -0.2184 
509.57 19.628 249.578 -0.22116 -0.59400 0.77564 16.83 1.0005 1.0007 63.0000 0.99970 -0.77649 -0.01057 0.00165 -0.77433 0.99972 0.01199 -0.01312 0.01180 -0.01422 -0.21998 -0.59463 0.00256 -0.01093 0.59303 -0.2222 
508.56 19.518 248.896 -0.22718 -0.58861 0.77811 17.62 1.0005 1.0007 63.0000 0.99970 -0.77908 -0.01062 0.00194 -0.77661 0.99961 0.01232 -0.01300 0.01183 -0.01398 -0.22542 -0.58943 0.00263 -0.01071 0.58739 -0.2288 
507.88 19.432 248.440 -0.23098 -0.58458 0.77996 17.93 1.0005 1.0006 63.0000 0.99970 -0.78109 -0.01078 0.00214 -0.77825 0.99955 0.01261 -0.01358 0.01201 -0.01409 -0.22915 -0.58533 0.00287 -0.01054 0.58339 -0.2326 
507.20 19.350 247.969 -0.23489 -0.58045 0.78160 18.52 1.0003 1.0004 63.0000 0.99970 -0.78280 -0.01096 0.00243 -0.77967 0.99938 0.01270 -0.01391 0.01202 -0.01413 -0.23299 -0.58084 0.00261 -0.01028 0.57954 -0.2366 
506.18 19.233 247.266 -0.24061 -0.57423 0.78368 19.46 0.9999 1.0000 63.0000 0.99970 -0.78497 -0.01090 0.00253 -0.78158 0.99926 0.01235 -0.01397 0.01198 -0.01395 -0.23852 -0.57410 0.00288 -0.01061 0.57377 -0.2425 
505.50 19.157 246.792 -0.24449 -0.57022 0.78519 20.01 0.9995 0.9996 63.0000 0.99970 -0.78597 -0.01086 0.00227 -0.78305 0.99857 0.01214 -0.01363 0.01193 -0.01368 -0.24214 -0.56935 0.00318 -0.01082 0.57010 -0.2464 
504.49 19.028 246.066 -0.25018 -0.56368 0.78775 20.69 0.9993 0.9994 63.0000 0.99970 -0.78829 -0.01052 0.00236 -0.78578 0.99848 0.01229 -0.01373 0.01184 -0.01340 -0.24811 -0.56295 0.00318 -0.01089 0.56338 -0.2518 
503.81 18.936 245.567 -0.25403 -0.55916 0.78970 21.37 0.9996 0.9997 63.0000 0.99970 -0.79038 -0.01030 0.00226 -0.78805 0.99907 0.01223 -0.01365 0.01184 -0.01340 -0.25249 -0.55864 0.00321 -0.01129 0.55899 -0.2553 
502.79 18.816 244.811 -0.25996 -0.55271 0.79222 22.22 0.9993 0.9994 63.0000 0.99970 -0.79267 -0.01035 0.00223 -0.79034 0.99850 0.01231 -0.01404 0.01180 -0.01328 -0.25818 -0.55207 0.00338 -0.01150 0.55237 -0.2613 
502.12 18.737 244.270 -0.26419 -0.54821 0.79384 22.77 0.9989 0.9990 63.0000 0.99970 -0.79397 -0.01024 0.00179 -0.79180 0.99790 0.01243 -0.01340 0.01152 -0.01336 -0.26229 -0.54750 0.00342 -0.01125 0.54761 -0.2655 
501.10 18.612 243.491 -0.26996 -0.54126 0.79617 23.59 0.9986 0.9987 63.0000 0.99970 -0.79658 -0.01011 0.00135 -0.79369 0.99770 0.01270 -0.01245 0.01138 -0.01382 -0.26815 -0.54088 0.00349 -0.01061 0.54022 -0.2711 
500.42 18.529 242.968 -0.27370 -0.53644 0.79752 23.95 0.9981 0.9982 63.0000 0.99970 -0.79774 -0.01000 0.00121 -0.79481 0.99720 0.01298 -0.01228 0.01128 -0.01385 -0.27172 -0.53577 0.00334 -0.01025 0.53545 -0.2748 
499.74 18.455 242.443 -0.27759 -0.53195 0.79887 24.23 0.9977 0.9978 63.0000 0.99970 -0.79876 -0.00997 0.00120 -0.79600 0.99657 0.01282 -0.01154 0.01127 -0.01417 -0.27528 -0.53129 0.00301 -0.01026 0.53062 -0.2789 
498.73 18.341 241.689 -0.28300 -0.52535 0.80108 24.59 0.9977 0.9978 63.0000 0.99970 -0.80075 -0.01045 0.00094 -0.79855 0.99674 0.01346 -0.01131 0.01081 -0.01411 -0.28088 -0.52439 0.00293 -0.00999 0.52443 -0.2841 
498.05 18.259 241.191 -0.28633 -0.52065 0.80245 24.43 0.9974 0.9975 63.0000 0.99970 -0.80197 -0.01052 0.00076 -0.79995 0.99658 0.01352 -0.01073 0.01065 -0.01434 -0.28416 -0.51962 0.00277 -0.00978 0.51974 -0.2874 
497.03 18.155 240.369 -0.29231 -0.51392 0.80458 24.23 0.9974 0.9975 63.0000 0.99970 -0.80423 -0.01041 0.00054 -0.80194 0.99658 0.01252 -0.01046 0.01064 -0.01438 -0.29021 -0.51283 0.00271 -0.00962 0.51309 -0.2933 
496.35 18.078 239.814 -0.29625 -0.50928 0.80628 23.94 0.9974 0.9975 63.0000 0.99970 -0.80574 -0.01022 0.00040 -0.80371 0.99645 0.01203 -0.01019 0.01117 -0.01472 -0.29436 -0.50848 0.00246 -0.00928 0.50812 -0.2970 
495.34 17.968 238.984 -0.30202 -0.50232 0.80862 23.18 0.9977 0.9978 63.0000 0.99970 -0.80825 -0.01009 0.00064 -0.80632 0.99700 0.01101 -0.01008 0.01135 -0.01500 -0.30029 -0.50162 0.00287 -0.01011 0.50136 -0.3027 
494.66 17.894 238.427 -0.30563 -0.49732 0.80975 22.71 0.9972 0.9972 63.0000 0.99970 -0.80917 -0.00998 0.00067 -0.80714 0.99638 0.01065 -0.01033 0.01143 -0.01498 -0.30392 -0.49646 0.00291 -0.01025 0.49624 -0.3061 
493.64 17.790 237.570 -0.31147 -0.49024 0.81186 21.93 0.9972 0.9973 63.0000 0.99970 -0.81114 -0.01014 0.00077 -0.80942 0.99641 0.01007 -0.01024 0.01155 -0.01447 -0.30978 -0.48972 0.00302 -0.01083 0.48884 -0.3119 
492.97 17.715 236.985 -0.31527 -0.48520 0.81330 21.60 0.9976 0.9977 63.0000 0.99970 -0.81300 -0.01043 0.00081 -0.81123 0.99737 0.01032 -0.01029 0.01174 -0.01440 -0.31388 -0.48528 0.00324 -0.01171 0.48370 -0.3157 
491.95 17.616 236.104 -0.32116 -0.47802 0.81540 20.90 0.9980 0.9981 63.0000 0.99970 -0.81527 -0.01037 0.00095 -0.81373 0.99810 0.01054 -0.01015 0.01172 -0.01386 -0.31964 -0.47818 0.00356 -0.01246 0.47681 -0.3220 
491.27 17.548 235.499 -0.32514 -0.47306 0.81690 20.13 0.9983 0.9984 63.0000 0.99970 -0.81693 -0.01036 0.00094 -0.81541 0.99852 0.01044 -0.01009 0.01168 -0.01391 -0.32362 -0.47329 0.00387 -0.01271 0.47198 -0.3261 
490.60 17.484 234.902 -0.32901 -0.46817 0.81816 19.55 0.9986 0.9987 63.0000 0.99970 -0.81828 -0.01052 0.00106 -0.81697 0.99901 0.01002 -0.00997 0.01171 -0.01394 -0.32771 -0.46859 0.00412 -0.01283 0.46714 -0.3299 
489.58 17.378 233.980 -0.33463 -0.46025 0.82010 18.73 0.9987 0.9988 63.0000 0.99970 -0.82076 -0.01060 0.00125 -0.81882 0.99954 0.01004 -0.01036 0.01159 -0.01349 -0.33359 -0.46082 0.00409 -0.01244 0.45933 -0.3354 
488.90 17.317 233.355 -0.33864 -0.45524 0.82139 18.15 0.9991 0.9992 63.0000 0.99970 -0.82228 -0.01059 0.00127 -0.82034 1.00011 0.00986 -0.01042 0.01170 -0.01342 -0.33796 -0.45621 0.00387 -0.01236 0.45417 -0.3393 
487.89 17.233 232.438 -0.34437 -0.44779 0.82298 17.11 0.9994 0.9995 63.0000 0.99970 -0.82440 -0.01105 0.00118 -0.82209 1.00094 0.01008 -0.01076 0.01207 -0.01347 -0.34400 -0.44898 0.00368 -0.01230 0.44689 -0.3450 
487.21 17.173 231.827 -0.34805 -0.44272 0.82413 16.30 0.9993 0.9994 63.0000 0.99970 -0.82546 -0.01131 0.00110 -0.82311 1.00068 0.01021 -0.01100 0.01233 -0.01335 -0.34760 -0.44368 0.00372 -0.01254 0.44194 -0.3486 
486.19 17.083 230.871 -0.35371 -0.43479 0.82579 15.48 0.9990 0.9991 63.0000 0.99970 -0.82710 -0.01135 0.00112 -0.82450 1.00031 0.00996 -0.01139 0.01235 -0.01277 -0.35351 -0.43552 0.00358 -0.01244 0.43406 -0.3539 
485.52 17.031 230.241 -0.35748 -0.42969 0.82673 15.07 0.9989 0.9990 63.0000 0.99970 -0.82790 -0.01146 0.00115 -0.82543 1.00013 0.00978 -0.01154 0.01255 -0.01244 -0.35728 -0.43038 0.00350 -0.01217 0.42893 -0.3576 
484.50 16.954 229.256 -0.36332 -0.42175 0.82814 14.67 0.9988 0.9989 63.0000 0.99970 -0.82920 -0.01150 0.00104 -0.82687 1.00005 0.00920 -0.01113 0.01259 -0.01229 -0.36320 -0.42209 0.00360 -0.01234 0.42130 -0.3633 
483.82 16.892 228.592 -0.36695 -0.41610 0.82925 14.56 0.9987 0.9988 63.0000 0.99970 -0.83018 -0.01144 0.00094 -0.82801 0.99992 0.00913 -0.01087 0.01264 -0.01208 -0.36691 -0.41637 0.00361 -0.01244 0.41567 -0.3668 
482.81 16.802 227.567 -0.37264 -0.40762 0.83110 14.61 0.9985 0.9986 63.0000 0.99970 -0.83175 -0.01170 0.00091 -0.82974 0.99944 0.00955 -0.01050 0.01253 -0.01170 -0.37252 -0.40792 0.00376 -0.01235 0.40697 -0.3724 
482.13 16.745 226.862 -0.37647 -0.40178 0.83219 14.79 0.9983 0.9984 63.0000 0.99970 -0.83263 -0.01198 0.00084 -0.83066 0.99899 0.00994 -0.01064 0.01256 -0.01147 -0.37638 -0.40174 0.00371 -0.01208 0.40129 -0.3761 
481.46 16.689 226.149 -0.38037 -0.39593 0.83336 14.85 0.9981 0.9982 63.0000 0.99970 -0.83367 -0.01219 0.00072 -0.83154 0.99849 0.01014 -0.01049 0.01244 -0.01115 -0.38038 -0.39579 0.00353 -0.01165 0.39536 -0.3797 
480.44 16.598 225.075 -0.38581 -0.38683 0.83502 15.20 0.9981 0.9982 63.0000 0.99970 -0.83528 -0.01236 0.00050 -0.83335 0.99860 0.00992 -0.01035 0.01234 -0.01083 -0.38620 -0.38651 0.00345 -0.01138 0.38649 -0.3848 
479.76 16.543 224.350 -0.38952 -0.38078 0.83607 15.56 0.9980 0.9981 63.0000 0.99970 -0.83616 -0.01227 0.00044 -0.83439 0.99840 0.00992 -0.01004 0.01219 -0.01064 -0.38965 -0.38028 0.00317 -0.01091 0.38056 -0.3887 
478.75 16.455 223.242 -0.39487 -0.37136 0.83756 15.67 0.9979 0.9980 63.0000 0.99970 -0.83741 -0.01222 0.00042 -0.83610 0.99837 0.01007 -0.00997 0.01220 -0.01009 -0.39493 -0.37112 0.00328 -0.01064 0.37088 -0.3940 
478.07 16.406 222.495 -0.39867 -0.36524 0.83860 15.54 0.9979 0.9979 63.0000 0.99970 -0.83831 -0.01233 0.00034 -0.83713 0.99821 0.01017 -0.01001 0.01227 -0.00988 -0.39868 -0.36512 0.00317 -0.01005 0.36460 -0.3978 
477.06 16.325 221.358 -0.40424 -0.35586 0.84051 15.87 0.9984 0.9984 63.0000 0.99970 -0.84037 -0.01245 0.00045 -0.83936 0.99876 0.01065 -0.00993 0.01243 -0.01028 -0.40429 -0.35612 0.00286 -0.00943 0.35504 -0.4036 
476.38 16.272 220.582 -0.40792 -0.34941 0.84169 16.18 0.9985 0.9986 63.0000 0.99970 -0.84168 -0.01249 0.00038 -0.84053 0.99890 0.01066 -0.00972 0.01249 -0.01049 -0.40786 -0.34966 0.00272 -0.00888 0.34868 -0.4074 
475.36 16.197 219.401 -0.41346 -0.33963 0.84330 17.15 0.9982 0.9983 63.0000 0.99970 -0.84291 -0.01276 0.00025 -0.84177 0.99802 0.01101 -0.00928 0.01234 -0.01071 -0.41276 -0.33965 0.00247 -0.00813 0.33884 -0.4132 
474.69 16.147 218.607 -0.41699 -0.33296 0.84431 18.12 0.9980 0.9981 63.0000 0.99970 -0.84376 -0.01278 -0.00001 -0.84248 0.99747 0.01114 -0.00862 0.01233 -0.01114 -0.41591 -0.33288 0.00236 -0.00778 0.33209 -0.4169 
474.01 16.095 217.815 -0.42036 -0.32625 0.84530 19.31 0.9976 0.9977 63.0000 0.99970 -0.84449 -0.01290 0.00002 -0.84311 0.99674 0.01109 -0.00850 0.01239 -0.01133 -0.41890 -0.32606 0.00225 -0.00728 0.32526 -0.4203 
473.00 16.021 216.613 -0.42539 -0.31608 0.84673 21.73 0.9973 0.9974 63.0000 0.99970 -0.84545 -0.01316 0.00005 -0.84437 0.99600 0.01120 -0.00835 0.01263 -0.01130 -0.42370 -0.31552 0.00187 -0.00666 0.31528 -0.4253 
472.32 15.977 215.807 -0.42879 -0.30934 0.84767 23.74 0.9973 0.9974 63.0000 0.99970 -0.84615 -0.01356 -0.00007 -0.84536 0.99579 0.01107 -0.00806 0.01299 -0.01164 -0.42711 -0.30883 0.00190 -0.00654 0.30845 -0.4285 
471.31 15.908 214.595 -0.43350 -0.29899 0.84878 26.62 0.9975 0.9976 63.0000 0.99970 -0.84739 -0.01352 -0.00018 -0.84686 0.99638 0.01114 -0.00824 0.01316 -0.01182 -0.43198 -0.29849 0.00183 -0.00617 0.29833 -0.4333 
470.63 15.866 213.747 -0.43690 -0.29189 0.84971 28.14 0.9972 0.9973 63.0000 0.99970 -0.84793 -0.01344 -0.00021 -0.84758 0.99570 0.01066 -0.00783 0.01354 -0.01215 -0.43507 -0.29148 0.00192 -0.00582 0.29096 -0.4367 
469.61 15.809 212.487 -0.44208 -0.28150 0.85128 29.27 0.9976 0.9977 63.0000 0.99970 -0.84953 -0.01353 0.00014 -0.84916 0.99575 0.01020 -0.00813 0.01391 -0.01255 -0.44006 -0.28103 0.00194 -0.00586 0.28069 -0.4421 
468.94 15.770 211.636 -0.44523 -0.27430 0.85202 30.12 0.9973 0.9974 63.0000 0.99970 -0.84994 -0.01367 0.00041 -0.84975 0.99520 0.01026 -0.00823 0.01411 -0.01287 -0.44305 -0.27370 0.00196 -0.00601 0.27349 -0.4451 
467.92 15.716 210.373 -0.44985 -0.26364 0.85310 31.57 0.9972 0.9973 63.0000 0.99970 -0.85119 -0.01371 0.00076 -0.85035 0.99482 0.01018 -0.00830 0.01382 -0.01276 -0.44718 -0.26293 0.00253 -0.00654 0.26290 -0.4501 
467.25 15.683 209.515 -0.45286 -0.25637 0.85369 32.75 0.9970 0.9971 63.0000 0.99970 -0.85159 -0.01378 0.00074 -0.85090 0.99459 0.01025 -0.00825 0.01388 -0.01282 -0.45009 -0.25582 0.00225 -0.00641 0.25546 -0.4530 
466.23 15.644 208.215 -0.45766 -0.24555 0.85465 35.23 0.9976 0.9977 63.0000 0.99970 -0.85280 -0.01403 0.00083 -0.85236 0.99546 0.01076 -0.00786 0.01380 -0.01247 -0.45498 -0.24517 0.00242 -0.00680 0.24474 -0.4581 
465.56 15.613 207.363 -0.46042 -0.23828 0.85516 37.62 0.9977 0.9978 63.0000 0.99970 -0.85332 -0.01420 0.00077 -0.85297 0.99558 0.01098 -0.00794 0.01386 -0.01281 -0.45784 -0.23788 0.00248 -0.00711 0.23755 -0.4608 
464.88 15.589 206.485 -0.46338 -0.23088 0.85561 40.69 0.9976 0.9977 63.0000 0.99970 -0.85373 -0.01423 0.00080 -0.85327 0.99536 0.01110 -0.00810 0.01393 -0.01314 -0.46065 -0.23026 0.00232 -0.00705 0.23036 -0.4638 
463.87 15.556 205.139 -0.46778 -0.21952 0.85620 46.38 0.9974 0.9975 63.0000 0.99970 -0.85421 -0.01433 0.00096 -0.85368 0.99502 0.01104 -0.00848 0.01403 -0.01364 -0.46504 -0.21899 0.00178 -0.00690 0.21889 -0.4681 
463.19 15.538 204.238 -0.47065 -0.21189 0.85644 49.41 0.9972 0.9973 63.0000 0.99970 -0.85426 -0.01433 0.00135 -0.85382 0.99469 0.01098 -0.00887 0.01420 -0.01369 -0.46793 -0.21145 0.00163 -0.00709 0.21115 -0.4707 
462.18 15.523 202.897 -0.47517 -0.20070 0.85690 51.40 0.9973 0.9974 63.0000 0.99970 -0.85476 -0.01420 0.00129 -0.85418 0.99463 0.01079 -0.00902 0.01429 -0.01377 -0.47219 -0.20034 0.00128 -0.00698 0.19991 -0.4755 
461.50 15.521 202.033 -0.47816 -0.19351 0.85710 50.93 0.9972 0.9973 63.0000 0.99970 -0.85476 -0.01447 0.00111 -0.85438 0.99441 0.01089 -0.00883 0.01451 -0.01375 -0.47536 -0.19310 0.00136 -0.00747 0.19278 -0.4782 
460.49 15.505 200.687 -0.48196 -0.18199 0.85706 48.93 0.9971 0.9972 63.0000 0.99970 -0.85498 -0.01472 0.00122 -0.85422 0.99457 0.01060 -0.00879 0.01455 -0.01364 -0.47944 -0.18158 0.00145 -0.00744 0.18137 -0.4817 
459.81 15.502 199.788 -0.48452 -0.17432 0.85688 47.45 0.9969 0.9970 63.0000 0.99970 -0.85467 -0.01483 0.00122 -0.85410 0.99448 0.01037 -0.00902 0.01456 -0.01343 -0.48212 -0.17374 0.00160 -0.00773 0.17389 -0.4841 
458.80 15.497 198.372 -0.48854 -0.16225 0.85697 44.77 0.9967 0.9968 63.0000 0.99970 -0.85430 -0.01512 0.00120 -0.85423 0.99400 0.01040 -0.00833 0.01455 -0.01376 -0.48627 -0.16144 0.00165 -0.00737 0.16204 -0.4877 
458.12 15.490 197.435 -0.49083 -0.15415 0.85686 44.12 0.9965 0.9966 63.0000 0.99970 -0.85400 -0.01523 0.00121 -0.85413 0.99376 0.01039 -0.00780 0.01457 -0.01395 -0.48827 -0.15342 0.00170 -0.00756 0.15388 -0.4902 
457.11 15.493 196.031 -0.49437 -0.14205 0.85655 44.95 0.9960 0.9961 63.0000 0.99970 -0.85323 -0.01494 0.00112 -0.85372 0.99310 0.01030 -0.00730 0.01436 -0.01417 -0.49172 -0.14126 0.00174 -0.00778 0.14182 -0.4935 
456.43 15.493 195.109 -0.49653 -0.13406 0.85639 46.21 0.9958 0.9959 63.0000 0.99970 -0.85283 -0.01495 0.00130 -0.85370 0.99301 0.00995 -0.00767 0.01400 -0.01352 -0.49397 -0.13318 0.00170 -0.00836 0.13396 -0.4955 
455.76 15.502 194.163 -0.49892 -0.12590 0.85627 47.20 0.9961 0.9962 63.0000 0.99970 -0.85314 -0.01466 0.00158 -0.85360 0.99353 0.00953 -0.00751 0.01382 -0.01334 -0.49655 -0.12508 0.00183 -0.00823 0.12588 -0.4979 
454.74 15.518 192.802 -0.50237 -0.11415 0.85617 46.90 0.9960 0.9961 63.0000 0.99970 -0.85265 -0.01463 0.00147 -0.85349 0.99306 0.00948 -0.00741 0.01370 -0.01317 -0.49991 -0.11284 0.00170 -0.00858 0.11463 -0.5012 
454.07 15.524 191.847 -0.50431 -0.10578 0.85592 44.59 0.9959 0.9960 63.0000 0.99970 -0.85234 -0.01445 0.00129 -0.85332 0.99307 0.00946 -0.00683 0.01361 -0.01297 -0.50187 -0.10458 0.00172 -0.00815 0.10623 -0.5031 
453.05 15.549 190.427 -0.50741 -0.09338 0.85534 39.82 0.9959 0.9960 63.0000 0.99970 -0.85182 -0.01416 0.00123 -0.85276 0.99317 0.00933 -0.00686 0.01314 -0.01296 -0.50489 -0.09235 0.00197 -0.00805 0.09373 -0.5063 
452.38 15.566 189.480 -0.50948 -0.08508 0.85521 36.17 0.9962 0.9963 63.0000 0.99970 -0.85201 -0.01358 0.00139 -0.85269 0.99361 0.00896 -0.00671 0.01303 -0.01317 -0.50660 -0.08422 0.00202 -0.00820 0.08537 -0.5090 
451.37 15.602 188.053 -0.51267 -0.07253 0.85479 31.18 0.9965 0.9966 63.0000 0.99970 -0.85212 -0.01357 0.00146 -0.85195 0.99385 0.00929 -0.00689 0.01308 -0.01290 -0.50969 -0.07158 0.00200 -0.00851 0.07301 -0.5123 
450.69 15.629 187.118 -0.51469 -0.06427 0.85448 28.75 0.9967 0.9968 63.0000 0.99970 -0.85209 -0.01354 0.00154 -0.85163 0.99416 0.00948 -0.00730 0.01310 -0.01272 -0.51180 -0.06339 0.00198 -0.00796 0.06476 -0.5144 
449.68 15.669 185.725 -0.51734 -0.05186 0.85386 26.99 0.9974 0.9975 63.0000 0.99970 -0.85227 -0.01345 0.00139 -0.85127 0.99539 0.00924 -0.00752 0.01298 -0.01265 -0.51491 -0.05116 0.00217 -0.00745 0.05231 -0.5172 
449.00 15.696 184.773 -0.51878 -0.04332 0.85315 26.56 0.9975 0.9976 63.0000 0.99970 -0.85205 -0.01362 0.00102 -0.85043 0.99582 0.00847 -0.00716 0.01340 -0.01302 -0.51678 -0.04265 0.00201 -0.00681 0.04379 -0.5185 
447.99 15.756 183.356 -0.52139 -0.03058 0.85192 26.26 0.9980 0.9981 63.0000 0.99970 -0.85197 -0.01334 0.00080 -0.84916 0.99712 0.00727 -0.00656 0.01306 -0.01248 -0.51947 -0.02980 0.00175 -0.00615 0.03126 -0.5216 
447.31 15.797 182.463 -0.52283 -0.02249 0.85082 25.67 0.9981 0.9982 63.0000 0.99970 -0.85132 -0.01301 0.00098 -0.84811 0.99770 0.00618 -0.00635 0.01340 -0.01277 -0.52142 -0.02208 0.00147 -0.00601 0.02284 -0.5229 
446.64 15.854 181.577 -0.52494 -0.01446 0.84998 24.59 0.9986 0.9987 63.0000 0.99970 -0.85089 -0.01313 0.00125 -0.84743 0.99838 0.00643 -0.00714 0.01383 -0.01259 -0.52372 -0.01434 0.00129 -0.00612 0.01455 -0.5252 
445.63 15.905 180.172 -0.52666 -0.00158 0.84911 21.92 0.9991 0.9992 63.0000 0.99970 -0.85051 -0.01301 0.00105 -0.84682 0.99927 0.00623 -0.00763 0.01392 -0.01256 -0.52572 -0.00146 0.00139 -0.00582 0.00171 -0.5270 
444.95 15.959 179.249 -0.52825 0.00693 0.84817 20.17 0.9992 0.9993 63.0000 0.99970 -0.84961 -0.01251 0.00113 -0.84603 0.99948 0.00577 -0.00793 0.01386 -0.01229 -0.52688 0.00688 0.00123 -0.00584 -0.00696 -0.5292 
443.94 16.039 177.897 -0.53043 0.01948 0.84686 17.43 0.9999 1.0000 63.0000 1.00000 -0.84916 -0.01202 0.00138 -0.84487 1.00036 0.00524 -0.00829 0.01367 -0.01225 -0.52901 0.01936 0.00126 -0.00546 -0.01961 -0.5320 
443.26 16.096 177.028 -0.53182 0.02761 0.84594 16.16 1.0003 1.0004 63.0000 1.00000 -0.84869 -0.01163 0.00135 -0.84406 1.00104 0.00495 -0.00844 0.01345 -0.01189 -0.53052 0.02729 0.00126 -0.00545 -0.02796 -0.5337 
442.25 16.183 175.726 -0.53373 0.03989 0.84445 15.20 1.0011 1.0012 63.0000 1.00000 -0.84806 -0.01120 0.00123 -0.84288 1.00240 0.00451 -0.00863 0.01328 -0.01142 -0.53283 0.03931 0.00106 -0.00512 -0.04056 -0.5359 
441.57 16.248 174.882 -0.53511 0.04792 0.84346 15.24 1.0020 1.0021 63.0000 1.00070 -0.84787 -0.01100 0.00133 -0.84241 1.00329 0.00459 -0.00922 0.01346 -0.01161 -0.53466 0.04728 0.00094 -0.00528 -0.04876 -0.5377 
440.56 16.360 173.664 -0.53765 0.05970 0.84199 15.15 1.0023 1.0023 63.0000 1.00010 -0.84647 -0.01059 0.00161 -0.84068 1.00365 0.00421 -0.01006 0.01332 -0.01127 -0.53695 0.05852 0.00062 -0.00512 -0.06110 -0.5404 
439.89 16.434 172.890 -0.53912 0.06724 0.84084 15.09 1.0024 1.0025 63.0000 1.00000 -0.84512 -0.01026 0.00174 -0.83965 1.00367 0.00420 -0.01032 0.01294 -0.01106 -0.53842 0.06603 0.00078 -0.00557 -0.06871 -0.5418 
439.21 16.510 172.140 -0.54057 0.07463 0.83965 14.49 1.0026 1.0027 63.0000 1.00010 -0.84379 -0.00992 0.00187 -0.83877 1.00378 0.00425 -0.01056 0.01250 -0.01085 -0.53996 0.07341 0.00100 -0.00614 -0.07613 -0.5433 
438.20 16.628 171.048 -0.54271 0.08549 0.83775 13.53 1.0031 1.0031 63.0000 1.00040 -0.84160 -0.00937 0.00210 -0.83750 1.00391 0.00442 -0.01087 0.01170 -0.01051 -0.54231 0.08435 0.00146 -0.00722 -0.08700 -0.5454 
437.53 16.710 170.338 -0.54412 0.09264 0.83641 12.58 1.0026 1.0027 63.0000 0.99990 -0.83935 -0.00898 0.00225 -0.83604 1.00318 0.00460 -0.01104 0.01106 -0.01026 -0.54347 0.09152 0.00183 -0.00808 -0.09403 -0.5464 
436.51 16.836 169.315 -0.54620 0.10306 0.83431 11.30 1.0024 1.0025 63.0000 0.99980 -0.83622 -0.00837 0.00251 -0.83433 1.00252 0.00496 -0.01126 0.00998 -0.00986 -0.54550 0.10209 0.00252 -0.00960 -0.10426 -0.5482 
435.84 16.922 168.655 -0.54756 0.10986 0.83283 10.70 1.0028 1.0029 63.0000 1.00030 -0.83440 -0.00794 0.00270 -0.83362 1.00253 0.00527 -0.01138 0.00917 -0.00958 -0.54714 0.10909 0.00306 -0.01077 -0.11095 -0.5495 
434.83 17.055 167.690 -0.54959 0.11993 0.83052 10.01 1.0022 1.0023 63.0000 1.00000 -0.83048 -0.00726 0.00299 -0.83163 1.00129 0.00582 -0.01151 0.00781 -0.00913 -0.54897 0.11938 0.00398 -0.01273 -0.12064 -0.5509 
434.15 17.146 167.069 -0.55091 0.12649 0.82890 9.48 1.0020 1.0021 63.0000 1.00010 -0.82791 -0.00679 0.00319 -0.83051 1.00064 0.00625 -0.01156 0.00682 -0.00882 -0.55032 0.12615 0.00468 -0.01419 -0.12692 -0.5519 
433.14 17.284 166.168 -0.55288 0.13613 0.82638 8.58 1.0014 1.0015 63.0000 1.00000 -0.82355 -0.00605 0.00352 -0.82858 0.99923 0.00699 -0.01158 0.00518 -0.00832 -0.55216 0.13612 0.00584 -0.01660 -0.13603 -0.5532 
432.47 17.377 165.589 -0.55417 0.14240 0.82463 7.99 1.0012 1.0012 63.0000 1.00020 -0.82065 -0.00553 0.00375 -0.82747 0.99842 0.00756 -0.01157 0.00400 -0.00797 -0.55350 0.14268 0.00669 -0.01836 -0.14193 -0.5541 
431.45 17.521 164.747 -0.55608 0.15163 0.82189 6.95 1.0003 1.0004 63.0000 1.00010 -0.81567 -0.00473 0.00411 -0.82541 0.99662 0.00850 -0.01151 0.00210 -0.00742 -0.55524 0.15232 0.00809 -0.02122 -0.15045 -0.5551 
430.78 17.570 164.470 -0.55671 0.15470 0.82094 6.39 0.9996 0.9997 63.0000 0.99970 -0.81362 -0.00445 0.00424 -0.82440 0.99560 0.00883 -0.01148 0.00142 -0.00722 -0.55561 0.15548 0.00859 -0.02223 -0.15320 -0.5552 

# MINIMA:
430.78 15.490 164.470 -0.55671 -0.90759 -0.71339 6.39 0.9822 0.9828 63.0000 0.99970 -0.85498 -0.01523 -0.01038 -0.85438 0.99030 0.00420 -0.01607 -0.02283 -0.03426 -0.55561 -0.90802 -0.00967 -0.02223 -0.15320 -0.5552 

# MAXIMA:
849.54 68.466 343.490 0.63547 0.15470 0.85710 51.40 1.0031 1.0032 63.0000 1.00070 0.71373 0.02100 0.00424 0.71355 1.00498 0.05422 0.00797 0.01457 -0.00722 0.64004 0.15548 0.00859 0.01801 0.90826 0.6389 

# PEAKS:

# END SPECTRUM

