## SPECTRUM TYPE:
LCE

## DATE:
25-Jan-08

## COMMENTS:

## NUMBER OF SPECTRUM:
1

## ELLIPSOMETRIC CONFIGURATION:
0.00 ø :Modulator
+45.00 øAnalyser

## UNIT:
nm


# SPECTRUM:
1

# START TIME:
11:58:13

# END TIME:
11:58:13

# THETA ANGLE:
0.00 ø

# INCIDENCE ANGLE:
70.00 ø

# ACCUMULATION NUMBER:
23

# ELLIPSOMETRIC CONFIGURATION:
0.00 ø :Modulator
+45.00 øAnalyser

# INTEGRATION TIME:
74 ms

# FIRST POINT:
849.54 nm

# LAST POINT:
430.78 nm

# INCREMENT:
0.00 nm

# NUMBER OF POINTS:
500

# DATA:
nm Psi Delta Ic Is IcPrim IntensityMax Polarization PolarizationGen Mueller11 Mueller12 Mueller13 Mueller14 Mueller21 Mueller22 Mueller23 Mueller24 Mueller31 Mueller32 Mueller33 Mueller34 Mueller41 Mueller42 Mueller43 Mueller44 
849.54 21.170 264.522 -0.06465 -0.67416 0.74323 17.85 0.9984 0.9984 1.00010 -0.73634 -0.00984 0.00022 -0.74362 0.99115 0.01061 -0.00704 0.00582 -0.00365 -0.06717 -0.66738 -0.00185 0.00047 0.67504 -0.0616 
848.50 21.055 264.317 -0.06672 -0.67045 0.74543 18.20 0.9985 0.9985 1.00020 -0.73944 -0.00971 0.00053 -0.74557 0.99196 0.01083 -0.00649 0.00565 -0.00359 -0.06920 -0.66424 -0.00061 -0.00075 0.67141 -0.0637 
847.81 20.976 264.178 -0.06811 -0.66796 0.74692 18.42 0.9983 0.9983 1.00000 -0.74130 -0.00964 0.00070 -0.74674 0.99224 0.01097 -0.00614 0.00553 -0.00356 -0.07054 -0.66192 0.00013 -0.00150 0.66880 -0.0652 
846.77 20.858 263.966 -0.07020 -0.66416 0.74919 18.78 0.9984 0.9984 1.00010 -0.74438 -0.00954 0.00093 -0.74888 0.99306 0.01120 -0.00565 0.00536 -0.00354 -0.07258 -0.65865 0.00111 -0.00253 0.66512 -0.0673 
846.07 20.777 263.823 -0.07160 -0.66160 0.75073 19.06 0.9983 0.9984 1.00000 -0.74629 -0.00949 0.00107 -0.75025 0.99345 0.01136 -0.00535 0.00524 -0.00355 -0.07393 -0.65632 0.00166 -0.00314 0.66255 -0.0688 
845.03 20.655 263.605 -0.07372 -0.65772 0.75308 19.52 0.9987 0.9987 1.00030 -0.74948 -0.00943 0.00123 -0.75274 0.99449 0.01160 -0.00493 0.00506 -0.00359 -0.07599 -0.65306 0.00237 -0.00395 0.65895 -0.0711 
844.34 20.573 263.458 -0.07513 -0.65511 0.75466 19.91 0.9982 0.9983 0.99980 -0.75107 -0.00939 0.00131 -0.75394 0.99449 0.01175 -0.00467 0.00494 -0.00363 -0.07731 -0.65039 0.00275 -0.00442 0.65608 -0.0725 
843.30 20.449 263.235 -0.07725 -0.65115 0.75706 20.36 0.9984 0.9984 0.99990 -0.75406 -0.00936 0.00140 -0.75645 0.99534 0.01200 -0.00432 0.00477 -0.00372 -0.07936 -0.64689 0.00320 -0.00502 0.65232 -0.0748 
842.61 20.364 263.082 -0.07868 -0.64847 0.75870 20.66 0.9990 0.9990 1.00040 -0.75639 -0.00936 0.00144 -0.75854 0.99635 0.01217 -0.00411 0.00465 -0.00380 -0.08077 -0.64478 0.00340 -0.00536 0.65006 -0.0763 
841.56 20.236 262.852 -0.08082 -0.64443 0.76117 21.05 0.9988 0.9988 1.00010 -0.75905 -0.00936 0.00146 -0.76095 0.99682 0.01242 -0.00383 0.00447 -0.00394 -0.08279 -0.64089 0.00358 -0.00576 0.64598 -0.0786 
840.87 20.150 262.696 -0.08225 -0.64171 0.76285 21.35 0.9987 0.9988 1.00000 -0.76089 -0.00937 0.00146 -0.76270 0.99724 0.01260 -0.00367 0.00435 -0.00405 -0.08414 -0.63832 0.00361 -0.00596 0.64331 -0.0801 
840.18 20.049 262.513 -0.08390 -0.63839 0.76470 21.63 0.9992 0.9992 1.00050 -0.76311 -0.01013 0.00078 -0.76529 0.99820 0.01339 -0.00290 0.00389 -0.00374 -0.08585 -0.63513 0.00250 -0.00496 0.64081 -0.0818 
839.14 19.911 262.307 -0.08567 -0.63424 0.76755 22.05 0.9986 0.9986 0.99970 -0.76576 -0.00987 0.00115 -0.76766 0.99811 0.01337 -0.00340 0.00359 -0.00438 -0.08727 -0.63101 0.00213 -0.00549 0.63608 -0.0839 
838.44 19.823 262.189 -0.08665 -0.63170 0.76946 22.34 0.9994 0.9995 0.99990 -0.76814 -0.01004 0.00181 -0.77039 0.99959 0.01373 -0.00420 0.00356 -0.00483 -0.08788 -0.62895 0.00233 -0.00621 0.63412 -0.0854 
837.40 19.677 261.913 -0.08907 -0.62685 0.77207 22.81 0.9995 0.9996 0.99990 -0.77084 -0.01000 0.00175 -0.77371 1.00063 0.01431 -0.00426 0.00421 -0.00600 -0.09031 -0.62462 0.00218 -0.00610 0.62940 -0.0879 
836.71 19.612 261.723 -0.09091 -0.62490 0.77362 23.07 0.9998 0.9999 1.00000 -0.77248 -0.00934 0.00166 -0.77551 1.00097 0.01374 -0.00420 0.00415 -0.00631 -0.09203 -0.62305 0.00261 -0.00682 0.62736 -0.0899 
835.67 19.443 261.378 -0.09393 -0.61950 0.77691 23.68 0.9996 0.9996 0.99970 -0.77544 -0.00922 0.00162 -0.77918 1.00134 0.01400 -0.00447 0.00443 -0.00692 -0.09499 -0.61793 0.00238 -0.00660 0.62172 -0.0930 
834.98 19.346 261.186 -0.09557 -0.61632 0.77871 24.03 0.9998 0.9998 0.99970 -0.77728 -0.00885 0.00125 -0.78161 1.00220 0.01397 -0.00413 0.00405 -0.00678 -0.09680 -0.61504 0.00185 -0.00597 0.61876 -0.0945 
833.94 19.212 260.930 -0.09770 -0.61204 0.78133 24.53 1.0000 1.0000 0.99970 -0.78005 -0.00817 0.00063 -0.78470 1.00297 0.01317 -0.00347 0.00422 -0.00711 -0.09918 -0.61115 0.00191 -0.00623 0.61456 -0.0965 
833.24 19.123 260.749 -0.09921 -0.60910 0.78295 24.97 1.0001 1.0002 0.99970 -0.78160 -0.00765 0.00029 -0.78687 1.00360 0.01263 -0.00309 0.00448 -0.00761 -0.10071 -0.60837 0.00208 -0.00649 0.61183 -0.0980 
832.55 19.056 260.553 -0.10099 -0.60697 0.78441 25.28 1.0004 1.0004 0.99970 -0.78304 -0.00725 0.00008 -0.78877 1.00410 0.01209 -0.00300 0.00397 -0.00709 -0.10229 -0.60646 0.00177 -0.00619 0.60979 -0.1001 
831.51 18.951 260.282 -0.10337 -0.60360 0.78661 25.62 1.0005 1.0005 0.99970 -0.78533 -0.00730 -0.00008 -0.79107 1.00434 0.01233 -0.00300 0.00396 -0.00698 -0.10468 -0.60334 0.00177 -0.00635 0.60629 -0.1025 
830.82 18.884 260.103 -0.10494 -0.60147 0.78806 25.87 1.0005 1.0005 0.99970 -0.78660 -0.00714 -0.00019 -0.79268 1.00432 0.01213 -0.00307 0.00400 -0.00706 -0.10620 -0.60125 0.00183 -0.00633 0.60412 -0.1041 
829.78 18.771 259.794 -0.10761 -0.59770 0.79028 26.56 1.0004 1.0005 0.99970 -0.78828 -0.00649 -0.00054 -0.79558 1.00447 0.01130 -0.00272 0.00375 -0.00689 -0.10885 -0.59746 0.00085 -0.00544 0.60042 -0.1068 
829.08 18.702 259.598 -0.10931 -0.59545 0.79169 26.94 1.0003 1.0004 0.99970 -0.78916 -0.00628 -0.00084 -0.79740 1.00431 0.01109 -0.00226 0.00377 -0.00670 -0.11053 -0.59503 0.00059 -0.00512 0.59826 -0.1085 
828.04 18.595 259.306 -0.11177 -0.59186 0.79379 27.74 1.0007 1.0007 0.99970 -0.79147 -0.00591 -0.00110 -0.79999 1.00518 0.01059 -0.00196 0.00382 -0.00665 -0.11316 -0.59167 0.00040 -0.00506 0.59493 -0.1109 
827.35 18.520 259.114 -0.11335 -0.58937 0.79531 28.20 1.0010 1.0010 0.99970 -0.79337 -0.00591 -0.00085 -0.80165 1.00585 0.01058 -0.00239 0.00425 -0.00694 -0.11486 -0.58960 0.00059 -0.00528 0.59241 -0.1125 
826.31 18.410 258.810 -0.11586 -0.58567 0.79745 28.80 1.0012 1.0012 0.99970 -0.79557 -0.00560 -0.00052 -0.80422 1.00644 0.01032 -0.00305 0.00438 -0.00709 -0.11785 -0.58598 0.00119 -0.00580 0.58896 -0.1146 
825.62 18.350 258.588 -0.11780 -0.58359 0.79872 29.09 1.0011 1.0012 0.99970 -0.79693 -0.00541 -0.00044 -0.80537 1.00638 0.01014 -0.00313 0.00444 -0.00724 -0.11973 -0.58408 0.00117 -0.00589 0.58666 -0.1166 
824.58 18.234 258.262 -0.12042 -0.57953 0.80088 29.53 1.0010 1.0010 0.99970 -0.79894 -0.00518 -0.00039 -0.80768 1.00637 0.00998 -0.00320 0.00457 -0.00718 -0.12260 -0.57977 0.00159 -0.00604 0.58281 -0.1190 
823.89 18.171 258.046 -0.12224 -0.57737 0.80216 29.81 1.0007 1.0007 0.99970 -0.79996 -0.00518 -0.00072 -0.80875 1.00577 0.00967 -0.00266 0.00465 -0.00677 -0.12460 -0.57726 0.00160 -0.00559 0.58064 -0.1205 
823.19 18.108 257.826 -0.12408 -0.57516 0.80345 30.18 1.0003 1.0004 0.99970 -0.80117 -0.00557 -0.00124 -0.80956 1.00507 0.01015 -0.00194 0.00485 -0.00668 -0.12662 -0.57488 0.00165 -0.00525 0.57818 -0.1221 
822.15 18.015 257.479 -0.12700 -0.57187 0.80538 30.71 0.9998 0.9999 0.99970 -0.80307 -0.00601 -0.00157 -0.81073 1.00408 0.01050 -0.00119 0.00493 -0.00638 -0.12959 -0.57148 0.00155 -0.00479 0.57442 -0.1249 
821.46 17.951 257.274 -0.12865 -0.56968 0.80674 30.95 1.0000 1.0000 0.99970 -0.80485 -0.00583 -0.00190 -0.81185 1.00428 0.01015 -0.00059 0.00515 -0.00649 -0.13135 -0.56939 0.00155 -0.00460 0.57224 -0.1265 
820.42 17.869 256.944 -0.13144 -0.56679 0.80857 31.38 0.9997 0.9997 0.99970 -0.80683 -0.00634 -0.00159 -0.81292 1.00352 0.01063 -0.00079 0.00522 -0.00633 -0.13429 -0.56633 0.00161 -0.00434 0.56907 -0.1290 
819.73 17.797 256.724 -0.13313 -0.56425 0.80994 31.71 0.9997 0.9997 0.99970 -0.80846 -0.00620 -0.00152 -0.81414 1.00365 0.01039 -0.00064 0.00496 -0.00600 -0.13603 -0.56376 0.00182 -0.00462 0.56662 -0.1307 
818.69 17.689 256.415 -0.13545 -0.56054 0.81209 32.05 1.0000 1.0000 0.99970 -0.81125 -0.00625 -0.00147 -0.81618 1.00429 0.01021 -0.00061 0.00505 -0.00635 -0.13841 -0.56016 0.00136 -0.00440 0.56316 -0.1330 
818.00 17.625 256.201 -0.13710 -0.55824 0.81338 32.33 1.0000 1.0000 0.99970 -0.81288 -0.00641 -0.00140 -0.81705 1.00421 0.01030 -0.00040 0.00475 -0.00594 -0.14000 -0.55776 0.00046 -0.00346 0.56089 -0.1347 
816.96 17.522 255.849 -0.13980 -0.55450 0.81535 32.66 0.9996 0.9996 0.99970 -0.81478 -0.00705 -0.00168 -0.81860 1.00360 0.01083 0.00016 0.00479 -0.00574 -0.14292 -0.55363 -0.00032 -0.00268 0.55719 -0.1371 
816.27 17.463 255.641 -0.14143 -0.55248 0.81670 32.81 0.9996 0.9997 0.99970 -0.81606 -0.00703 -0.00168 -0.81991 1.00345 0.01069 0.00021 0.00493 -0.00580 -0.14458 -0.55139 -0.00020 -0.00290 0.55531 -0.1387 
815.23 17.375 255.338 -0.14376 -0.54946 0.81873 32.86 0.9997 0.9997 0.99970 -0.81816 -0.00754 -0.00110 -0.82174 1.00327 0.01135 -0.00043 0.00513 -0.00630 -0.14678 -0.54831 -0.00018 -0.00324 0.55225 -0.1412 
814.54 17.313 255.140 -0.14523 -0.54737 0.82012 32.92 0.9998 0.9998 0.99970 -0.81971 -0.00743 -0.00077 -0.82294 1.00323 0.01118 -0.00069 0.00546 -0.00683 -0.14791 -0.54619 -0.00014 -0.00343 0.55016 -0.1430 
813.84 17.260 254.927 -0.14692 -0.54553 0.82139 33.04 0.9998 0.9998 0.99970 -0.82105 -0.00767 -0.00058 -0.82385 1.00287 0.01141 -0.00077 0.00583 -0.00724 -0.14942 -0.54423 0.00002 -0.00375 0.54823 -0.1448 
812.81 17.171 254.594 -0.14944 -0.54233 0.82337 33.11 0.9999 0.9999 0.99970 -0.82303 -0.00813 -0.00024 -0.82579 1.00283 0.01185 -0.00113 0.00617 -0.00760 -0.15164 -0.54101 -0.00012 -0.00380 0.54503 -0.1476 
812.11 17.105 254.357 -0.15118 -0.53989 0.82467 33.15 0.9998 0.9998 0.99970 -0.82416 -0.00842 -0.00001 -0.82715 1.00268 0.01213 -0.00141 0.00655 -0.00797 -0.15319 -0.53855 -0.00013 -0.00377 0.54252 -0.1495 
811.07 17.011 253.988 -0.15391 -0.53633 0.82657 33.22 0.9995 0.9995 0.99970 -0.82577 -0.00868 -0.00033 -0.82878 1.00199 0.01230 -0.00099 0.00733 -0.00869 -0.15588 -0.53480 -0.00020 -0.00351 0.53876 -0.1522 
810.38 16.961 253.741 -0.15587 -0.53444 0.82777 33.19 0.9993 0.9993 0.99970 -0.82645 -0.00868 -0.00040 -0.82986 1.00124 0.01228 -0.00101 0.00740 -0.00873 -0.15754 -0.53268 -0.00020 -0.00345 0.53671 -0.1543 
809.34 16.877 253.397 -0.15843 -0.53135 0.82969 33.17 0.9991 0.9992 0.99970 -0.82810 -0.00853 -0.00067 -0.83155 1.00064 0.01188 -0.00076 0.00703 -0.00850 -0.15982 -0.52941 -0.00054 -0.00321 0.53346 -0.1571 
808.65 16.805 253.165 -0.15998 -0.52870 0.83105 33.07 0.9991 0.9992 0.99970 -0.82929 -0.00846 -0.00084 -0.83309 1.00064 0.01180 -0.00069 0.00699 -0.00841 -0.16127 -0.52685 -0.00078 -0.00285 0.53073 -0.1587 
807.61 16.706 252.799 -0.16250 -0.52490 0.83294 33.00 0.9989 0.9989 0.99970 -0.83083 -0.00836 -0.00151 -0.83500 1.00025 0.01161 0.00000 0.00680 -0.00799 -0.16388 -0.52280 -0.00100 -0.00231 0.52697 -0.1611 
806.92 16.647 252.557 -0.16420 -0.52260 0.83414 33.07 0.9988 0.9989 0.99970 -0.83185 -0.00804 -0.00198 -0.83619 1.00001 0.01136 0.00061 0.00659 -0.00780 -0.16559 -0.52041 -0.00097 -0.00226 0.52464 -0.1628 
805.88 16.547 252.195 -0.16662 -0.51883 0.83612 32.85 0.9990 0.9991 0.99970 -0.83381 -0.00751 -0.00262 -0.83846 1.00034 0.01052 0.00110 0.00640 -0.00751 -0.16811 -0.51680 -0.00019 -0.00317 0.52087 -0.1651 
805.19 16.476 251.940 -0.16828 -0.51608 0.83740 32.70 0.9988 0.9988 0.99970 -0.83483 -0.00701 -0.00293 -0.83969 0.99997 0.00989 0.00139 0.00632 -0.00749 -0.16967 -0.51392 -0.00010 -0.00333 0.51807 -0.1668 
804.50 16.401 251.699 -0.16976 -0.51328 0.83882 32.32 0.9990 0.9991 0.99970 -0.83633 -0.00684 -0.00320 -0.84140 1.00040 0.00968 0.00154 0.00620 -0.00727 -0.17115 -0.51117 -0.00005 -0.00332 0.51545 -0.1684 
803.46 16.292 251.333 -0.17201 -0.50914 0.84087 31.93 0.9994 0.9995 0.99970 -0.83852 -0.00692 -0.00320 -0.84398 1.00121 0.00966 0.00138 0.00603 -0.00703 -0.17351 -0.50715 0.00014 -0.00339 0.51158 -0.1707 
802.77 16.224 251.075 -0.17367 -0.50654 0.84221 31.77 0.9995 0.9995 0.99970 -0.83978 -0.00689 -0.00338 -0.84537 1.00117 0.00948 0.00153 0.00542 -0.00643 -0.17517 -0.50449 0.00023 -0.00345 0.50903 -0.1723 
801.73 16.121 250.654 -0.17638 -0.50237 0.84413 31.65 0.9995 0.9995 0.99970 -0.84174 -0.00752 -0.00372 -0.84731 1.00122 0.01007 0.00195 0.00486 -0.00588 -0.17788 -0.50033 0.00001 -0.00320 0.50488 -0.1750 
801.04 16.047 250.397 -0.17790 -0.49952 0.84547 31.45 0.9998 0.9999 0.99970 -0.84352 -0.00769 -0.00357 -0.84881 1.00195 0.01023 0.00180 0.00451 -0.00536 -0.17944 -0.49766 0.00020 -0.00338 0.50220 -0.1767 
800.00 15.929 250.012 -0.18002 -0.49493 0.84747 31.29 1.0005 1.0005 0.99970 -0.84648 -0.00749 -0.00334 -0.85112 1.00345 0.00996 0.00144 0.00430 -0.00520 -0.18169 -0.49350 0.00058 -0.00386 0.49792 -0.1789 
799.31 15.853 249.737 -0.18159 -0.49188 0.84879 30.99 1.0004 1.0004 0.99970 -0.84766 -0.00784 -0.00331 -0.85251 1.00335 0.01039 0.00139 0.00433 -0.00519 -0.18332 -0.49036 0.00071 -0.00375 0.49490 -0.1804 
798.27 15.747 249.276 -0.18442 -0.48743 0.85065 30.65 1.0001 1.0001 0.99970 -0.84947 -0.00805 -0.00354 -0.85399 1.00285 0.01054 0.00169 0.00428 -0.00521 -0.18615 -0.48594 0.00046 -0.00317 0.49016 -0.1832 
797.58 15.670 248.980 -0.18610 -0.48429 0.85193 30.37 1.0001 1.0001 0.99970 -0.85102 -0.00820 -0.00366 -0.85510 1.00295 0.01064 0.00198 0.00415 -0.00507 -0.18787 -0.48269 0.00027 -0.00279 0.48717 -0.1848 
796.89 15.604 248.693 -0.18781 -0.48154 0.85318 30.09 0.9999 1.0000 0.99970 -0.85219 -0.00806 -0.00406 -0.85617 1.00264 0.01055 0.00237 0.00425 -0.00506 -0.18964 -0.47976 0.00035 -0.00250 0.48444 -0.1864 
795.85 15.509 248.252 -0.19048 -0.47750 0.85496 29.80 0.9997 0.9998 0.99970 -0.85432 -0.00775 -0.00445 -0.85716 1.00213 0.01026 0.00272 0.00421 -0.00493 -0.19241 -0.47591 0.00060 -0.00273 0.47997 -0.1889 
795.16 15.436 247.961 -0.19207 -0.47446 0.85622 29.69 1.0000 1.0000 0.99970 -0.85623 -0.00749 -0.00455 -0.85833 1.00277 0.01007 0.00277 0.00385 -0.00459 -0.19399 -0.47311 0.00070 -0.00304 0.47699 -0.1906 
794.12 15.318 247.511 -0.19440 -0.46956 0.85810 29.39 1.0006 1.0007 0.99970 -0.85923 -0.00705 -0.00429 -0.86039 1.00429 0.00947 0.00249 0.00370 -0.00444 -0.19636 -0.46865 0.00112 -0.00342 0.47235 -0.1932 
793.43 15.255 247.203 -0.19620 -0.46681 0.85929 29.13 1.0009 1.0009 0.99970 -0.86041 -0.00652 -0.00405 -0.86188 1.00463 0.00892 0.00215 0.00393 -0.00476 -0.19822 -0.46604 0.00166 -0.00399 0.46960 -0.1950 
792.40 15.151 246.738 -0.19874 -0.46233 0.86114 28.70 1.0011 1.0011 0.99970 -0.86242 -0.00624 -0.00341 -0.86394 1.00504 0.00856 0.00160 0.00408 -0.00497 -0.20087 -0.46166 0.00168 -0.00411 0.46519 -0.1976 
791.70 15.079 246.450 -0.20021 -0.45936 0.86241 28.41 1.0013 1.0013 0.99970 -0.86373 -0.00618 -0.00322 -0.86550 1.00542 0.00853 0.00146 0.00425 -0.00510 -0.20241 -0.45875 0.00176 -0.00428 0.46231 -0.1990 
790.67 14.980 245.983 -0.20275 -0.45500 0.86416 27.91 1.0015 1.0015 0.99970 -0.86552 -0.00638 -0.00261 -0.86756 1.00581 0.00878 0.00081 0.00463 -0.00552 -0.20499 -0.45444 0.00183 -0.00448 0.45807 -0.2016 
789.98 14.920 245.679 -0.20441 -0.45227 0.86524 27.71 1.0015 1.0015 0.99970 -0.86639 -0.00637 -0.00234 -0.86883 1.00578 0.00870 0.00055 0.00461 -0.00546 -0.20666 -0.45162 0.00204 -0.00463 0.45540 -0.2033 
788.94 14.824 245.212 -0.20689 -0.44801 0.86699 27.28 1.0018 1.0018 0.99970 -0.86833 -0.00658 -0.00155 -0.87089 1.00634 0.00894 -0.00032 0.00489 -0.00575 -0.20921 -0.44749 0.00250 -0.00522 0.45123 -0.2058 
788.25 14.766 244.905 -0.20859 -0.44538 0.86814 26.88 1.0018 1.0019 0.99970 -0.86943 -0.00650 -0.00136 -0.87197 1.00620 0.00887 -0.00040 0.00484 -0.00563 -0.21062 -0.44491 0.00240 -0.00517 0.44848 -0.2078 
787.56 14.704 244.586 -0.21028 -0.44256 0.86930 26.45 1.0018 1.0018 0.99970 -0.87052 -0.00666 -0.00089 -0.87298 1.00594 0.00917 -0.00087 0.00485 -0.00567 -0.21199 -0.44194 0.00221 -0.00511 0.44567 -0.2098 
786.52 14.613 244.112 -0.21274 -0.43837 0.87091 26.17 1.0016 1.0016 0.99970 -0.87178 -0.00678 -0.00067 -0.87461 1.00556 0.00920 -0.00086 0.00493 -0.00559 -0.21416 -0.43771 0.00196 -0.00492 0.44133 -0.2124 
785.83 14.554 243.794 -0.21439 -0.43560 0.87201 25.86 1.0016 1.0016 0.99970 -0.87299 -0.00692 -0.00060 -0.87550 1.00543 0.00935 -0.00090 0.00490 -0.00545 -0.21570 -0.43500 0.00192 -0.00515 0.43842 -0.2142 
784.79 14.442 243.307 -0.21651 -0.43062 0.87369 25.65 1.0016 1.0017 0.99970 -0.87465 -0.00727 -0.00034 -0.87748 1.00573 0.00969 -0.00113 0.00491 -0.00541 -0.21785 -0.43011 0.00203 -0.00530 0.43346 -0.2164 
784.10 14.369 242.967 -0.21804 -0.42732 0.87486 25.36 1.0017 1.0018 0.99970 -0.87588 -0.00760 -0.00030 -0.87882 1.00600 0.01002 -0.00116 0.00530 -0.00569 -0.21941 -0.42678 0.00212 -0.00536 0.43029 -0.2179 
783.06 14.263 242.458 -0.22031 -0.42245 0.87659 25.20 1.0018 1.0018 0.99970 -0.87734 -0.00767 -0.00033 -0.88098 1.00617 0.01009 -0.00108 0.00518 -0.00534 -0.22173 -0.42195 0.00209 -0.00531 0.42544 -0.2202 
782.37 14.195 242.113 -0.22187 -0.41928 0.87771 25.06 1.0019 1.0019 0.99970 -0.87848 -0.00752 -0.00048 -0.88224 1.00635 0.00986 -0.00092 0.00471 -0.00471 -0.22332 -0.41891 0.00210 -0.00525 0.42218 -0.2218 
781.34 14.085 241.593 -0.22405 -0.41426 0.87943 24.77 1.0021 1.0021 0.99970 -0.88045 -0.00742 -0.00043 -0.88424 1.00693 0.00979 -0.00089 0.00464 -0.00458 -0.22568 -0.41410 0.00255 -0.00570 0.41716 -0.2239 
780.65 14.015 241.254 -0.22546 -0.41102 0.88056 24.64 1.0023 1.0023 0.99970 -0.88196 -0.00719 -0.00059 -0.88530 1.00727 0.00952 -0.00067 0.00477 -0.00449 -0.22718 -0.41108 0.00285 -0.00599 0.41382 -0.2253 
779.61 13.912 240.731 -0.22763 -0.40615 0.88220 24.34 1.0022 1.0023 0.99970 -0.88363 -0.00727 -0.00068 -0.88689 1.00724 0.00945 -0.00054 0.00456 -0.00400 -0.22940 -0.40623 0.00311 -0.00615 0.40889 -0.2274 
778.92 13.834 240.377 -0.22893 -0.40262 0.88337 24.10 1.0023 1.0023 0.99970 -0.88488 -0.00716 -0.00062 -0.88820 1.00748 0.00925 -0.00058 0.00455 -0.00386 -0.23060 -0.40276 0.00320 -0.00625 0.40537 -0.2289 
778.23 13.759 240.017 -0.23029 -0.39915 0.88454 23.98 1.0025 1.0026 0.99970 -0.88627 -0.00719 -0.00056 -0.88964 1.00801 0.00898 -0.00066 0.00420 -0.00325 -0.23194 -0.39938 0.00323 -0.00627 0.40200 -0.2304 
777.19 13.656 239.468 -0.23249 -0.39419 0.88619 23.65 1.0023 1.0024 0.99970 -0.88781 -0.00704 -0.00044 -0.89104 1.00761 0.00879 -0.00071 0.00409 -0.00309 -0.23402 -0.39431 0.00319 -0.00628 0.39696 -0.2327 
776.50 13.582 239.097 -0.23385 -0.39068 0.88736 23.41 1.0025 1.0025 0.99970 -0.88936 -0.00723 -0.00040 -0.89213 1.00792 0.00904 -0.00073 0.00410 -0.00299 -0.23535 -0.39091 0.00316 -0.00622 0.39344 -0.2341 
775.47 13.491 238.526 -0.23628 -0.38596 0.88888 23.21 1.0022 1.0022 0.99970 -0.89090 -0.00731 -0.00063 -0.89305 1.00727 0.00897 -0.00040 0.00374 -0.00241 -0.23760 -0.38607 0.00339 -0.00643 0.38853 -0.2366 
774.78 13.422 238.145 -0.23771 -0.38256 0.88994 23.12 1.0022 1.0022 0.99970 -0.89206 -0.00689 -0.00080 -0.89398 1.00721 0.00839 -0.00023 0.00364 -0.00228 -0.23904 -0.38273 0.00350 -0.00650 0.38504 -0.2380 
773.74 13.322 237.567 -0.23990 -0.37753 0.89153 23.09 1.0021 1.0021 0.99970 -0.89399 -0.00644 -0.00090 -0.89507 1.00703 0.00773 -0.00005 0.00406 -0.00266 -0.24111 -0.37779 0.00348 -0.00652 0.37981 -0.2403 
773.05 13.250 237.161 -0.24133 -0.37391 0.89259 23.06 1.0021 1.0022 0.99970 -0.89527 -0.00605 -0.00091 -0.89608 1.00720 0.00733 -0.00002 0.00391 -0.00248 -0.24272 -0.37427 0.00323 -0.00626 0.37613 -0.2416 
772.01 13.140 236.536 -0.24346 -0.36833 0.89411 23.01 1.0021 1.0021 0.99970 -0.89695 -0.00596 -0.00112 -0.89748 1.00724 0.00720 0.00022 0.00389 -0.00250 -0.24506 -0.36886 0.00312 -0.00613 0.37037 -0.2435 
771.32 13.079 236.114 -0.24513 -0.36497 0.89515 22.80 1.0019 1.0019 0.99970 -0.89795 -0.00617 -0.00127 -0.89814 1.00676 0.00748 0.00038 0.00377 -0.00236 -0.24672 -0.36539 0.00274 -0.00560 0.36692 -0.2451 
770.63 13.015 235.675 -0.24679 -0.36145 0.89616 22.73 1.0020 1.0020 0.99970 -0.89919 -0.00625 -0.00143 -0.89909 1.00696 0.00759 0.00042 0.00364 -0.00229 -0.24854 -0.36194 0.00238 -0.00520 0.36337 -0.2467 
769.60 12.915 235.032 -0.24905 -0.35610 0.89775 22.82 1.0020 1.0020 0.99970 -0.90078 -0.00584 -0.00156 -0.90066 1.00693 0.00714 0.00038 0.00341 -0.00210 -0.25074 -0.35656 0.00242 -0.00523 0.35801 -0.2490 
768.91 12.852 234.599 -0.25063 -0.35265 0.89877 22.65 1.0020 1.0021 0.99970 -0.90160 -0.00536 -0.00189 -0.90187 1.00690 0.00676 0.00054 0.00361 -0.00240 -0.25232 -0.35310 0.00284 -0.00567 0.35453 -0.2506 
767.87 12.749 233.915 -0.25292 -0.34703 0.90033 22.66 1.0022 1.0022 0.99970 -0.90325 -0.00490 -0.00165 -0.90355 1.00713 0.00626 0.00013 0.00350 -0.00239 -0.25468 -0.34744 0.00327 -0.00629 0.34898 -0.2529 
767.18 12.680 233.448 -0.25443 -0.34319 0.90131 22.65 1.0026 1.0026 0.99970 -0.90469 -0.00493 -0.00122 -0.90494 1.00808 0.00624 -0.00033 0.00324 -0.00221 -0.25629 -0.34359 0.00329 -0.00640 0.34546 -0.2545 
766.15 12.599 232.765 -0.25701 -0.33816 0.90271 22.75 1.0026 1.0026 0.99970 -0.90586 -0.00498 -0.00150 -0.90639 1.00785 0.00628 -0.00011 0.00339 -0.00259 -0.25893 -0.33848 0.00322 -0.00625 0.34040 -0.2570 
765.46 12.552 232.323 -0.25878 -0.33510 0.90364 22.75 1.0025 1.0025 0.99970 -0.90629 -0.00501 -0.00137 -0.90740 1.00740 0.00631 -0.00041 0.00343 -0.00266 -0.26052 -0.33529 0.00329 -0.00630 0.33728 -0.2589 
764.42 12.458 231.638 -0.26092 -0.32965 0.90506 22.80 1.0026 1.0026 0.99970 -0.90759 -0.00524 -0.00117 -0.90908 1.00754 0.00641 -0.00066 0.00352 -0.00265 -0.26257 -0.32973 0.00333 -0.00625 0.33195 -0.2612 
763.73 12.397 231.187 -0.26231 -0.32610 0.90597 22.80 1.0026 1.0026 0.99970 -0.90831 -0.00574 -0.00105 -0.91015 1.00750 0.00696 -0.00088 0.00394 -0.00311 -0.26384 -0.32605 0.00380 -0.00678 0.32850 -0.2627 
762.70 12.306 230.494 -0.26439 -0.32067 0.90728 22.87 1.0026 1.0026 0.99970 -0.90945 -0.00615 -0.00088 -0.91166 1.00754 0.00741 -0.00122 0.00389 -0.00309 -0.26569 -0.32039 0.00403 -0.00707 0.32326 -0.2650 
762.01 12.246 230.041 -0.26570 -0.31711 0.90816 22.88 1.0025 1.0026 0.99970 -0.91041 -0.00640 -0.00092 -0.91238 1.00742 0.00767 -0.00103 0.00365 -0.00284 -0.26694 -0.31682 0.00370 -0.00665 0.31966 -0.2664 
761.32 12.190 229.564 -0.26719 -0.31355 0.90901 22.82 1.0023 1.0024 0.99970 -0.91117 -0.00679 -0.00066 -0.91293 1.00699 0.00815 -0.00121 0.00347 -0.00263 -0.26842 -0.31316 0.00347 -0.00644 0.31604 -0.2678 
760.28 12.105 228.853 -0.26932 -0.30821 0.91036 22.83 1.0023 1.0023 0.99970 -0.91225 -0.00669 -0.00088 -0.91428 1.00669 0.00815 -0.00092 0.00333 -0.00256 -0.27029 -0.30776 0.00343 -0.00653 0.31064 -0.2701 
759.59 12.041 228.361 -0.27061 -0.30438 0.91121 22.96 1.0024 1.0024 0.99970 -0.91333 -0.00710 -0.00056 -0.91516 1.00697 0.00862 -0.00119 0.00323 -0.00258 -0.27160 -0.30382 0.00336 -0.00640 0.30696 -0.2714 
758.56 11.955 227.643 -0.27255 -0.29894 0.91248 23.14 1.0024 1.0025 0.99970 -0.91448 -0.00745 -0.00069 -0.91661 1.00702 0.00897 -0.00106 0.00300 -0.00235 -0.27355 -0.29833 0.00353 -0.00661 0.30155 -0.2734 
757.87 11.894 227.140 -0.27387 -0.29514 0.91338 23.31 1.0024 1.0024 0.99970 -0.91542 -0.00764 -0.00059 -0.91742 1.00695 0.00924 -0.00123 0.00311 -0.00252 -0.27489 -0.29458 0.00359 -0.00675 0.29766 -0.2747 
756.83 11.800 226.370 -0.27572 -0.28923 0.91466 23.66 1.0024 1.0024 0.99970 -0.91650 -0.00785 -0.00060 -0.91885 1.00690 0.00935 -0.00115 0.00360 -0.00294 -0.27682 -0.28847 0.00366 -0.00665 0.29190 -0.2764 
756.14 11.741 225.837 -0.27712 -0.28534 0.91555 23.77 1.0026 1.0026 0.99970 -0.91751 -0.00797 -0.00052 -0.91999 1.00730 0.00943 -0.00125 0.00395 -0.00321 -0.27827 -0.28460 0.00365 -0.00668 0.28808 -0.2779 
755.11 11.652 225.045 -0.27902 -0.27946 0.91674 23.91 1.0025 1.0025 0.99970 -0.91856 -0.00806 -0.00051 -0.92121 1.00715 0.00948 -0.00124 0.00401 -0.00322 -0.28020 -0.27883 0.00373 -0.00660 0.28201 -0.2798 
754.42 11.593 224.509 -0.28024 -0.27549 0.91754 24.04 1.0026 1.0026 0.99970 -0.91959 -0.00810 -0.00045 -0.92191 1.00730 0.00950 -0.00131 0.00410 -0.00344 -0.28145 -0.27489 0.00382 -0.00665 0.27801 -0.2810 
753.38 11.508 223.711 -0.28212 -0.26971 0.91877 24.32 1.0025 1.0025 0.99970 -0.92077 -0.00808 -0.00013 -0.92290 1.00698 0.00937 -0.00170 0.00397 -0.00327 -0.28311 -0.26916 0.00374 -0.00645 0.27205 -0.2830 
752.69 11.448 223.180 -0.28320 -0.26576 0.91957 24.57 1.0022 1.0022 0.99970 -0.92142 -0.00799 -0.00023 -0.92338 1.00646 0.00922 -0.00156 0.00398 -0.00320 -0.28411 -0.26516 0.00356 -0.00613 0.26800 -0.2840 
752.00 11.390 222.621 -0.28442 -0.26173 0.92036 24.90 1.0021 1.0021 0.99970 -0.92205 -0.00797 -0.00017 -0.92412 1.00622 0.00911 -0.00163 0.00411 -0.00328 -0.28529 -0.26102 0.00366 -0.00602 0.26399 -0.2852 
750.97 11.302 221.777 -0.28613 -0.25563 0.92155 25.28 1.0021 1.0022 0.99970 -0.92314 -0.00799 -0.00025 -0.92551 1.00633 0.00906 -0.00148 0.00423 -0.00344 -0.28698 -0.25502 0.00357 -0.00583 0.25778 -0.2870 
750.28 11.248 221.223 -0.28728 -0.25170 0.92231 25.59 1.0020 1.0021 0.99970 -0.92380 -0.00798 -0.00049 -0.92615 1.00609 0.00899 -0.00127 0.00430 -0.00352 -0.28812 -0.25114 0.00371 -0.00604 0.25371 -0.2881 
749.25 11.167 220.362 -0.28907 -0.24568 0.92343 25.84 1.0018 1.0018 0.99970 -0.92491 -0.00767 -0.00086 -0.92681 1.00557 0.00861 -0.00082 0.00433 -0.00354 -0.28984 -0.24522 0.00393 -0.00650 0.24744 -0.2898 
748.56 11.110 219.771 -0.29019 -0.24153 0.92419 26.05 1.0017 1.0017 0.99970 -0.92567 -0.00771 -0.00109 -0.92732 1.00529 0.00860 -0.00058 0.00462 -0.00379 -0.29086 -0.24115 0.00407 -0.00667 0.24311 -0.2910 
747.52 11.032 218.883 -0.29194 -0.23542 0.92529 26.54 1.0015 1.0015 0.99970 -0.92668 -0.00750 -0.00149 -0.92810 1.00484 0.00823 -0.00014 0.00465 -0.00374 -0.29258 -0.23505 0.00387 -0.00645 0.23686 -0.2926 
746.83 10.976 218.273 -0.29301 -0.23118 0.92603 26.81 1.0014 1.0014 0.99970 -0.92738 -0.00751 -0.00144 -0.92871 1.00466 0.00826 -0.00021 0.00469 -0.00372 -0.29364 -0.23089 0.00371 -0.00633 0.23247 -0.2937 
745.80 10.898 217.330 -0.29478 -0.22481 0.92707 27.27 1.0015 1.0015 0.99970 -0.92854 -0.00755 -0.00163 -0.92974 1.00477 0.00834 0.00003 0.00432 -0.00309 -0.29551 -0.22463 0.00333 -0.00583 0.22599 -0.2954 
745.11 10.847 216.707 -0.29588 -0.22060 0.92773 27.62 1.0014 1.0014 0.99970 -0.92907 -0.00762 -0.00178 -0.93043 1.00466 0.00846 0.00026 0.00420 -0.00303 -0.29678 -0.22041 0.00310 -0.00554 0.22176 -0.2963 
744.08 10.773 215.770 -0.29754 -0.21435 0.92874 28.18 1.0014 1.0015 0.99970 -0.93014 -0.00763 -0.00231 -0.93140 1.00467 0.00843 0.00083 0.00409 -0.00269 -0.29835 -0.21423 0.00291 -0.00515 0.21541 -0.2980 
743.39 10.724 215.133 -0.29862 -0.21013 0.92944 28.38 1.0015 1.0015 0.99970 -0.93092 -0.00772 -0.00251 -0.93204 1.00469 0.00865 0.00106 0.00405 -0.00262 -0.29945 -0.21002 0.00270 -0.00499 0.21116 -0.2991 
742.70 10.673 214.493 -0.29958 -0.20585 0.93010 28.79 1.0014 1.0014 0.99970 -0.93132 -0.00759 -0.00262 -0.93270 1.00440 0.00844 0.00123 0.00422 -0.00278 -0.30038 -0.20575 0.00273 -0.00504 0.20679 -0.3000 
741.66 10.599 213.519 -0.30108 -0.19942 0.93112 29.27 1.0015 1.0015 0.99970 -0.93222 -0.00698 -0.00285 -0.93395 1.00452 0.00766 0.00151 0.00434 -0.00275 -0.30186 -0.19932 0.00301 -0.00541 0.20037 -0.3016 
740.98 10.549 212.853 -0.30201 -0.19502 0.93178 29.71 1.0014 1.0014 0.99970 -0.93269 -0.00689 -0.00293 -0.93466 1.00437 0.00756 0.00159 0.00417 -0.00248 -0.30282 -0.19482 0.00292 -0.00528 0.19602 -0.3024 
739.94 10.478 211.847 -0.30344 -0.18849 0.93269 30.20 1.0012 1.0012 0.99970 -0.93349 -0.00706 -0.00284 -0.93533 1.00399 0.00758 0.00142 0.00406 -0.00232 -0.30417 -0.18818 0.00268 -0.00507 0.18949 -0.3038 
739.25 10.434 211.187 -0.30435 -0.18423 0.93327 30.64 1.0013 1.0013 0.99970 -0.93409 -0.00719 -0.00295 -0.93606 1.00416 0.00766 0.00145 0.00399 -0.00230 -0.30497 -0.18390 0.00265 -0.00510 0.18527 -0.3049 
738.22 10.367 210.180 -0.30567 -0.17776 0.93411 31.47 1.0012 1.0013 0.99970 -0.93470 -0.00723 -0.00304 -0.93697 1.00398 0.00759 0.00142 0.00396 -0.00220 -0.30620 -0.17741 0.00267 -0.00504 0.17877 -0.3063 
737.53 10.319 209.484 -0.30644 -0.17326 0.93468 31.88 1.0013 1.0013 0.99970 -0.93521 -0.00741 -0.00270 -0.93765 1.00405 0.00768 0.00105 0.00391 -0.00207 -0.30690 -0.17293 0.00297 -0.00533 0.17424 -0.3071 
736.50 10.254 208.432 -0.30770 -0.16659 0.93545 32.32 1.0014 1.0014 0.99970 -0.93617 -0.00765 -0.00243 -0.93844 1.00427 0.00799 0.00088 0.00384 -0.00214 -0.30820 -0.16626 0.00279 -0.00530 0.16759 -0.3084 
735.81 10.210 207.734 -0.30843 -0.16216 0.93594 32.70 1.0015 1.0015 0.99970 -0.93679 -0.00779 -0.00242 -0.93906 1.00454 0.00820 0.00086 0.00386 -0.00224 -0.30894 -0.16183 0.00291 -0.00542 0.16318 -0.3092 
735.12 10.167 207.028 -0.30914 -0.15771 0.93644 33.09 1.0017 1.0017 0.99970 -0.93759 -0.00768 -0.00233 -0.93963 1.00493 0.00814 0.00072 0.00374 -0.00217 -0.30969 -0.15738 0.00293 -0.00551 0.15876 -0.3100 
734.09 10.113 205.923 -0.31054 -0.15094 0.93716 33.63 1.0015 1.0015 0.99970 -0.93824 -0.00764 -0.00220 -0.94002 1.00451 0.00806 0.00065 0.00376 -0.00228 -0.31117 -0.15062 0.00261 -0.00512 0.15191 -0.3112 
733.40 10.080 205.181 -0.31152 -0.14647 0.93758 33.95 1.0014 1.0014 0.99970 -0.93851 -0.00747 -0.00187 -0.94039 1.00429 0.00786 0.00028 0.00370 -0.00229 -0.31211 -0.14605 0.00281 -0.00535 0.14746 -0.3122 
732.37 10.033 204.033 -0.31300 -0.13957 0.93818 34.58 1.0017 1.0017 0.99970 -0.93951 -0.00715 -0.00159 -0.94114 1.00487 0.00759 -0.00006 0.00356 -0.00228 -0.31375 -0.13915 0.00273 -0.00527 0.14064 -0.3137 
731.68 10.001 203.265 -0.31384 -0.13493 0.93853 35.08 1.0016 1.0017 0.99970 -0.93980 -0.00728 -0.00141 -0.94150 1.00481 0.00776 -0.00022 0.00329 -0.00207 -0.31465 -0.13439 0.00275 -0.00529 0.13608 -0.3145 
730.64 9.960 202.126 -0.31523 -0.12817 0.93901 35.79 1.0012 1.0013 0.99970 -0.93963 -0.00689 -0.00149 -0.94187 1.00401 0.00745 -0.00022 0.00332 -0.00225 -0.31592 -0.12750 0.00285 -0.00562 0.12931 -0.3157 
729.96 9.931 201.347 -0.31606 -0.12353 0.93933 36.21 1.0012 1.0013 0.99970 -0.93989 -0.00664 -0.00150 -0.94227 1.00403 0.00711 -0.00017 0.00335 -0.00226 -0.31684 -0.12290 0.00292 -0.00562 0.12461 -0.3165 
728.92 9.893 200.186 -0.31734 -0.11667 0.93985 36.58 1.0014 1.0014 0.99970 -0.94045 -0.00651 -0.00136 -0.94302 1.00432 0.00693 -0.00030 0.00352 -0.00241 -0.31817 -0.11601 0.00312 -0.00584 0.11779 -0.3178 
728.23 9.872 199.409 -0.31824 -0.11213 0.94014 36.84 1.0014 1.0014 0.99970 -0.94053 -0.00629 -0.00121 -0.94344 1.00422 0.00677 -0.00047 0.00329 -0.00232 -0.31912 -0.11154 0.00310 -0.00577 0.11316 -0.3186 
727.20 9.837 198.234 -0.31942 -0.10523 0.94058 37.33 1.0014 1.0014 0.99970 -0.94065 -0.00603 -0.00123 -0.94410 1.00411 0.00648 -0.00046 0.00293 -0.00203 -0.32034 -0.10476 0.00328 -0.00580 0.10610 -0.3197 
726.51 9.814 197.444 -0.32011 -0.10059 0.94089 37.68 1.0015 1.0015 0.99970 -0.94091 -0.00589 -0.00116 -0.94461 1.00427 0.00637 -0.00055 0.00280 -0.00191 -0.32110 -0.10015 0.00330 -0.00582 0.10143 -0.3204 
725.82 9.793 196.658 -0.32085 -0.09600 0.94121 37.89 1.0014 1.0014 0.99970 -0.94108 -0.00568 -0.00132 -0.94495 1.00414 0.00606 -0.00036 0.00249 -0.00150 -0.32184 -0.09558 0.00334 -0.00569 0.09680 -0.3211 
724.79 9.764 195.450 -0.32186 -0.08896 0.94155 38.19 1.0016 1.0016 0.99970 -0.94159 -0.00571 -0.00153 -0.94544 1.00447 0.00612 -0.00015 0.00276 -0.00188 -0.32304 -0.08858 0.00353 -0.00583 0.08971 -0.3220 
724.10 9.747 194.649 -0.32254 -0.08431 0.94178 38.34 1.0018 1.0018 0.99970 -0.94187 -0.00571 -0.00164 -0.94594 1.00482 0.00606 -0.00011 0.00279 -0.00184 -0.32378 -0.08393 0.00378 -0.00608 0.08507 -0.3228 
723.07 9.720 193.417 -0.32342 -0.07715 0.94207 38.50 1.0020 1.0020 0.99970 -0.94228 -0.00561 -0.00171 -0.94656 1.00528 0.00586 -0.00009 0.00264 -0.00159 -0.32470 -0.07680 0.00381 -0.00627 0.07788 -0.3237 
722.38 9.706 192.592 -0.32407 -0.07239 0.94224 38.60 1.0019 1.0019 0.99970 -0.94242 -0.00560 -0.00160 -0.94655 1.00507 0.00577 -0.00029 0.00278 -0.00171 -0.32531 -0.07195 0.00396 -0.00645 0.07317 -0.3244 
721.35 9.690 191.360 -0.32504 -0.06530 0.94251 38.80 1.0019 1.0019 0.99970 -0.94265 -0.00546 -0.00138 -0.94682 1.00503 0.00542 -0.00052 0.00305 -0.00191 -0.32622 -0.06482 0.00421 -0.00668 0.06610 -0.3254 
720.66 9.677 190.527 -0.32553 -0.06049 0.94268 39.10 1.0019 1.0019 0.99970 -0.94258 -0.00546 -0.00129 -0.94716 1.00495 0.00535 -0.00062 0.00313 -0.00192 -0.32678 -0.06002 0.00421 -0.00663 0.06125 -0.3258 
719.63 9.659 189.287 -0.32621 -0.05334 0.94288 39.56 1.0020 1.0020 0.99970 -0.94278 -0.00543 -0.00145 -0.94750 1.00510 0.00525 -0.00037 0.00311 -0.00170 -0.32757 -0.05294 0.00379 -0.00615 0.05400 -0.3264 
718.94 9.650 188.469 -0.32662 -0.04863 0.94296 39.79 1.0020 1.0020 0.99970 -0.94290 -0.00527 -0.00146 -0.94769 1.00524 0.00509 -0.00033 0.00319 -0.00167 -0.32806 -0.04822 0.00365 -0.00599 0.04929 -0.3268 
717.91 9.634 187.241 -0.32704 -0.04155 0.94312 39.78 1.0018 1.0018 0.99970 -0.94307 -0.00504 -0.00156 -0.94748 1.00485 0.00467 -0.00014 0.00329 -0.00163 -0.32843 -0.04118 0.00325 -0.00547 0.04211 -0.3271 
717.22 9.631 186.416 -0.32753 -0.03683 0.94321 39.82 1.0016 1.0016 0.99970 -0.94285 -0.00502 -0.00152 -0.94745 1.00442 0.00461 -0.00006 0.00338 -0.00174 -0.32889 -0.03645 0.00308 -0.00534 0.03736 -0.3275 
716.54 9.623 185.582 -0.32777 -0.03203 0.94328 39.62 1.0016 1.0016 0.99970 -0.94294 -0.00493 -0.00166 -0.94752 1.00443 0.00438 0.00016 0.00350 -0.00169 -0.32911 -0.03172 0.00305 -0.00524 0.03247 -0.3278 
715.50 9.617 184.325 -0.32820 -0.02482 0.94333 39.40 1.0015 1.0015 0.99970 -0.94285 -0.00494 -0.00134 -0.94753 1.00424 0.00422 -0.00006 0.00374 -0.00185 -0.32955 -0.02450 0.00286 -0.00502 0.02524 -0.3281 
714.82 9.612 183.494 -0.32835 -0.02005 0.94335 39.38 1.0014 1.0014 0.99970 -0.94274 -0.00480 -0.00139 -0.94748 1.00402 0.00385 0.00008 0.00389 -0.00190 -0.32964 -0.01970 0.00266 -0.00474 0.02047 -0.3283 
713.78 9.610 182.229 -0.32865 -0.01279 0.94338 39.32 1.0015 1.0015 0.99970 -0.94283 -0.00463 -0.00123 -0.94758 1.00418 0.00350 -0.00013 0.00399 -0.00195 -0.32994 -0.01240 0.00264 -0.00467 0.01324 -0.3286 
713.10 9.611 181.375 -0.32880 -0.00789 0.94332 39.20 1.0013 1.0013 0.99970 -0.94265 -0.00468 -0.00100 -0.94733 1.00383 0.00350 -0.00040 0.00390 -0.00183 -0.33004 -0.00741 0.00247 -0.00440 0.00841 -0.3287 
712.07 9.615 180.110 -0.32903 -0.00063 0.94321 38.85 1.0014 1.0014 0.99970 -0.94276 -0.00467 -0.00070 -0.94723 1.00409 0.00335 -0.00065 0.00381 -0.00173 -0.33015 -0.00011 0.00217 -0.00399 0.00115 -0.3292 
711.38 9.622 179.266 -0.32921 0.00422 0.94311 38.44 1.0015 1.0015 0.99970 -0.94279 -0.00472 -0.00058 -0.94718 1.00428 0.00336 -0.00080 0.00351 -0.00142 -0.33029 0.00476 0.00198 -0.00371 -0.00370 -0.3294 
710.35 9.633 177.973 -0.32941 0.01166 0.94299 37.86 1.0015 1.0015 0.99970 -0.94280 -0.00489 -0.00039 -0.94705 1.00441 0.00348 -0.00102 0.00341 -0.00139 -0.33046 0.01219 0.00189 -0.00367 -0.01118 -0.3297 
709.66 9.642 177.113 -0.32947 0.01662 0.94288 37.51 1.0015 1.0015 0.99970 -0.94266 -0.00478 -0.00048 -0.94702 1.00444 0.00335 -0.00090 0.00344 -0.00138 -0.33050 0.01717 0.00195 -0.00372 -0.01613 -0.3298 
708.97 9.652 176.241 -0.32951 0.02165 0.94271 37.28 1.0016 1.0016 0.99970 -0.94251 -0.00497 -0.00041 -0.94696 1.00459 0.00361 -0.00098 0.00351 -0.00153 -0.33062 0.02229 0.00195 -0.00373 -0.02110 -0.3298 
707.94 9.665 174.955 -0.32932 0.02907 0.94244 36.60 1.0017 1.0017 0.99970 -0.94251 -0.00513 -0.00020 -0.94674 1.00494 0.00373 -0.00118 0.00367 -0.00158 -0.33037 0.02985 0.00203 -0.00380 -0.02844 -0.3298 
707.25 9.680 174.093 -0.32932 0.03407 0.94222 36.03 1.0015 1.0015 0.99970 -0.94226 -0.00533 -0.00015 -0.94629 1.00465 0.00399 -0.00129 0.00369 -0.00154 -0.33030 0.03490 0.00202 -0.00388 -0.03340 -0.3298 
706.22 9.715 172.807 -0.32960 0.04160 0.94185 35.42 1.0013 1.0013 0.99970 -0.94168 -0.00566 -0.00015 -0.94566 1.00415 0.00440 -0.00136 0.00363 -0.00151 -0.33049 0.04247 0.00214 -0.00395 -0.04089 -0.3300 
705.53 9.735 171.956 -0.32960 0.04658 0.94157 35.09 1.0014 1.0014 0.99970 -0.94148 -0.00573 -0.00031 -0.94559 1.00446 0.00452 -0.00124 0.00332 -0.00111 -0.33042 0.04747 0.00235 -0.00418 -0.04589 -0.3302 
704.50 9.765 170.694 -0.32948 0.05399 0.94122 34.62 1.0016 1.0016 0.99970 -0.94126 -0.00587 -0.00057 -0.94538 1.00477 0.00466 -0.00100 0.00321 -0.00098 -0.33019 0.05486 0.00259 -0.00447 -0.05336 -0.3302 
703.82 9.788 169.851 -0.32938 0.05896 0.94093 34.31 1.0014 1.0014 0.99970 -0.94063 -0.00590 -0.00070 -0.94518 1.00450 0.00463 -0.00084 0.00315 -0.00100 -0.32991 0.05979 0.00296 -0.00499 -0.05838 -0.3302 
702.78 9.823 168.578 -0.32914 0.06649 0.94057 34.23 1.0016 1.0016 0.99970 -0.94021 -0.00585 -0.00085 -0.94511 1.00474 0.00444 -0.00061 0.00327 -0.00101 -0.32962 0.06733 0.00323 -0.00524 -0.06596 -0.3301 
702.10 9.851 167.731 -0.32901 0.07155 0.94030 33.95 1.0018 1.0018 0.99970 -0.94019 -0.00598 -0.00076 -0.94489 1.00505 0.00451 -0.00059 0.00312 -0.00082 -0.32956 0.07246 0.00335 -0.00524 -0.07099 -0.3300 
701.07 9.898 166.497 -0.32892 0.07899 0.93981 33.86 1.0017 1.0017 0.99970 -0.93969 -0.00595 -0.00077 -0.94414 1.00478 0.00454 -0.00055 0.00296 -0.00068 -0.32934 0.07988 0.00342 -0.00537 -0.07845 -0.3300 
700.38 9.932 165.667 -0.32882 0.08402 0.93941 33.43 1.0015 1.0015 0.99970 -0.93918 -0.00603 -0.00090 -0.94352 1.00443 0.00468 -0.00045 0.00278 -0.00052 -0.32922 0.08488 0.00334 -0.00521 -0.08350 -0.3298 
699.69 9.965 164.837 -0.32862 0.08905 0.93900 33.10 1.0015 1.0015 0.99970 -0.93881 -0.00616 -0.00100 -0.94306 1.00442 0.00486 -0.00040 0.00282 -0.00048 -0.32905 0.08996 0.00338 -0.00520 -0.08851 -0.3295 
698.66 10.015 163.587 -0.32817 0.09667 0.93838 32.54 1.0016 1.0016 0.99970 -0.93847 -0.00661 -0.00129 -0.94246 1.00475 0.00529 -0.00008 0.00286 -0.00063 -0.32871 0.09763 0.00343 -0.00530 -0.09614 -0.3291 
697.97 10.053 162.761 -0.32790 0.10175 0.93793 32.38 1.0017 1.0017 0.99970 -0.93825 -0.00677 -0.00133 -0.94185 1.00482 0.00541 0.00002 0.00294 -0.00074 -0.32842 0.10271 0.00350 -0.00532 -0.10125 -0.3289 
696.94 10.118 161.537 -0.32770 0.10941 0.93717 32.17 1.0016 1.0016 0.99970 -0.93761 -0.00703 -0.00129 -0.94086 1.00469 0.00570 -0.00005 0.00312 -0.00101 -0.32819 0.11040 0.00365 -0.00552 -0.10890 -0.3286 
696.26 10.158 160.724 -0.32733 0.11448 0.93667 31.94 1.0016 1.0017 0.99970 -0.93715 -0.00717 -0.00118 -0.94038 1.00477 0.00582 -0.00014 0.00328 -0.00112 -0.32781 0.11558 0.00368 -0.00553 -0.11388 -0.3283 
695.23 10.223 159.512 -0.32683 0.12212 0.93588 31.78 1.0015 1.0015 0.99970 -0.93635 -0.00736 -0.00118 -0.93932 1.00447 0.00598 -0.00013 0.00340 -0.00126 -0.32725 0.12320 0.00368 -0.00548 -0.12154 -0.3278 
694.54 10.266 158.713 -0.32641 0.12718 0.93536 31.75 1.0015 1.0015 0.99970 -0.93578 -0.00727 -0.00120 -0.93888 1.00453 0.00581 -0.00011 0.00353 -0.00144 -0.32682 0.12826 0.00369 -0.00539 -0.12662 -0.3274 
693.51 10.338 157.512 -0.32586 0.13490 0.93452 31.48 1.0013 1.0013 0.99970 -0.93456 -0.00744 -0.00138 -0.93796 1.00402 0.00596 0.00018 0.00353 -0.00148 -0.32629 0.13593 0.00378 -0.00555 -0.13436 -0.3266 
692.82 10.386 156.743 -0.32546 0.13988 0.93391 31.43 1.0013 1.0013 0.99970 -0.93402 -0.00765 -0.00137 -0.93729 1.00403 0.00622 0.00027 0.00343 -0.00137 -0.32587 0.14087 0.00358 -0.00532 -0.13941 -0.3263 
691.79 10.463 155.579 -0.32481 0.14748 0.93292 31.24 1.0010 1.0011 0.99970 -0.93296 -0.00760 -0.00164 -0.93596 1.00360 0.00612 0.00064 0.00358 -0.00156 -0.32516 0.14846 0.00336 -0.00494 -0.14699 -0.3255 
691.11 10.516 154.811 -0.32437 0.15256 0.93229 31.14 1.0009 1.0010 0.99970 -0.93240 -0.00763 -0.00165 -0.93501 1.00334 0.00613 0.00070 0.00365 -0.00164 -0.32462 0.15353 0.00333 -0.00484 -0.15205 -0.3251 
690.42 10.572 154.043 -0.32394 0.15769 0.93154 30.90 1.0009 1.0009 0.99970 -0.93180 -0.00767 -0.00152 -0.93408 1.00329 0.00608 0.00059 0.00357 -0.00161 -0.32411 0.15862 0.00316 -0.00459 -0.15724 -0.3247 
689.39 10.657 152.920 -0.32323 0.16527 0.93043 30.60 1.0011 1.0011 0.99970 -0.93097 -0.00765 -0.00153 -0.93309 1.00373 0.00592 0.00068 0.00351 -0.00145 -0.32346 0.16619 0.00312 -0.00444 -0.16491 -0.3241 
688.70 10.713 152.163 -0.32259 0.17035 0.92967 30.52 1.0012 1.0012 0.99970 -0.93047 -0.00762 -0.00156 -0.93228 1.00398 0.00578 0.00079 0.00357 -0.00150 -0.32279 0.17131 0.00311 -0.00435 -0.17002 -0.3236 
687.67 10.804 151.035 -0.32180 0.17812 0.92854 30.77 1.0013 1.0013 0.99970 -0.92949 -0.00748 -0.00145 -0.93122 1.00420 0.00562 0.00079 0.00354 -0.00154 -0.32199 0.17910 0.00299 -0.00424 -0.17783 -0.3229 
686.99 10.868 150.294 -0.32126 0.18329 0.92775 30.88 1.0014 1.0014 0.99970 -0.92869 -0.00731 -0.00150 -0.93058 1.00435 0.00538 0.00079 0.00359 -0.00152 -0.32138 0.18430 0.00297 -0.00413 -0.18303 -0.3224 
685.96 10.964 149.192 -0.32036 0.19103 0.92656 31.06 1.0015 1.0015 0.99970 -0.92749 -0.00709 -0.00121 -0.92954 1.00451 0.00500 0.00044 0.00340 -0.00136 -0.32050 0.19210 0.00289 -0.00387 -0.19078 -0.3216 
685.27 11.027 148.466 -0.31965 0.19615 0.92569 31.16 1.0015 1.0015 0.99970 -0.92646 -0.00710 -0.00102 -0.92884 1.00453 0.00498 0.00030 0.00326 -0.00118 -0.31971 0.19721 0.00301 -0.00393 -0.19591 -0.3209 
684.24 11.128 147.383 -0.31863 0.20391 0.92438 31.30 1.0016 1.0016 0.99970 -0.92520 -0.00705 -0.00063 -0.92764 1.00471 0.00487 -0.00009 0.00323 -0.00123 -0.31863 0.20501 0.00308 -0.00394 -0.20371 -0.3200 
683.55 11.195 146.668 -0.31787 0.20905 0.92353 31.31 1.0015 1.0015 0.99970 -0.92414 -0.00709 -0.00064 -0.92678 1.00449 0.00493 -0.00011 0.00308 -0.00119 -0.31782 0.21018 0.00312 -0.00399 -0.20881 -0.3193 
682.87 11.263 145.955 -0.31709 0.21424 0.92267 31.49 1.0015 1.0015 0.99970 -0.92321 -0.00713 -0.00066 -0.92591 1.00440 0.00491 -0.00008 0.00324 -0.00139 -0.31700 0.21534 0.00317 -0.00409 -0.21401 -0.3185 
681.84 11.365 144.908 -0.31580 0.22188 0.92125 31.77 1.0015 1.0015 0.99970 -0.92174 -0.00703 -0.00062 -0.92460 1.00446 0.00479 0.00001 0.00331 -0.00137 -0.31565 0.22295 0.00364 -0.00452 -0.22172 -0.3173 
681.15 11.432 144.209 -0.31477 0.22695 0.92030 31.90 1.0016 1.0016 0.99970 -0.92094 -0.00724 -0.00050 -0.92373 1.00471 0.00500 -0.00016 0.00330 -0.00135 -0.31463 0.22813 0.00368 -0.00449 -0.22677 -0.3163 
680.12 11.540 143.182 -0.31342 0.23462 0.91882 32.04 1.0016 1.0016 0.99970 -0.91955 -0.00712 -0.00042 -0.92222 1.00480 0.00481 -0.00020 0.00320 -0.00099 -0.31321 0.23584 0.00369 -0.00442 -0.23447 -0.3151 
679.44 11.614 142.507 -0.31251 0.23974 0.91778 32.29 1.0016 1.0016 0.99970 -0.91848 -0.00711 -0.00050 -0.92121 1.00479 0.00483 -0.00013 0.00311 -0.00090 -0.31228 0.24089 0.00375 -0.00452 -0.23965 -0.3141 
678.41 11.725 141.509 -0.31109 0.24737 0.91626 32.80 1.0018 1.0018 0.99970 -0.91699 -0.00699 -0.00059 -0.92000 1.00518 0.00469 0.00001 0.00299 -0.00087 -0.31081 0.24857 0.00388 -0.00467 -0.24738 -0.3129 
677.72 11.798 140.835 -0.30996 0.25248 0.91525 33.06 1.0020 1.0020 0.99970 -0.91606 -0.00676 -0.00062 -0.91920 1.00549 0.00428 0.00018 0.00288 -0.00074 -0.30964 0.25372 0.00384 -0.00466 -0.25255 -0.3119 
676.69 11.913 139.842 -0.30837 0.26021 0.91367 33.41 1.0020 1.0020 0.99970 -0.91443 -0.00667 -0.00034 -0.91761 1.00543 0.00403 0.00000 0.00307 -0.00119 -0.30797 0.26147 0.00388 -0.00485 -0.26028 -0.3104 
676.01 11.996 139.182 -0.30735 0.26547 0.91251 33.82 1.0022 1.0022 0.99970 -0.91331 -0.00647 -0.00022 -0.91673 1.00580 0.00374 -0.00006 0.00298 -0.00114 -0.30701 0.26684 0.00385 -0.00484 -0.26557 -0.3094 
674.98 12.118 138.218 -0.30573 0.27318 0.91074 34.50 1.0022 1.0022 0.99970 -0.91181 -0.00642 -0.00010 -0.91478 1.00590 0.00368 -0.00005 0.00291 -0.00099 -0.30543 0.27466 0.00368 -0.00451 -0.27323 -0.3077 
674.29 12.197 137.584 -0.30451 0.27821 0.90956 34.78 1.0021 1.0021 0.99970 -0.91069 -0.00646 -0.00009 -0.91335 1.00571 0.00371 0.00000 0.00282 -0.00090 -0.30414 0.27970 0.00363 -0.00447 -0.27823 -0.3065 
673.61 12.278 136.964 -0.30334 0.28323 0.90833 35.17 1.0019 1.0019 0.99970 -0.90930 -0.00630 -0.00022 -0.91203 1.00544 0.00358 0.00015 0.00290 -0.00092 -0.30283 0.28464 0.00367 -0.00452 -0.28329 -0.3054 
672.58 12.405 136.025 -0.30156 0.29095 0.90645 35.84 1.0018 1.0018 0.99970 -0.90726 -0.00640 -0.00032 -0.91020 1.00533 0.00372 0.00039 0.00311 -0.00108 -0.30100 0.29232 0.00375 -0.00455 -0.29105 -0.3036 
671.89 12.491 135.411 -0.30035 0.29607 0.90517 36.45 1.0019 1.0019 0.99970 -0.90593 -0.00650 -0.00041 -0.90915 1.00554 0.00388 0.00057 0.00331 -0.00137 -0.29978 0.29743 0.00397 -0.00475 -0.29626 -0.3025 
670.86 12.617 134.509 -0.29842 0.30359 0.90323 36.95 1.0019 1.0020 0.99970 -0.90398 -0.00664 -0.00052 -0.90733 1.00566 0.00399 0.00088 0.00345 -0.00161 -0.29777 0.30489 0.00434 -0.00506 -0.30391 -0.3007 
670.18 12.705 133.927 -0.29723 0.30858 0.90190 37.53 1.0019 1.0019 0.99970 -0.90254 -0.00662 -0.00059 -0.90611 1.00566 0.00391 0.00109 0.00342 -0.00153 -0.29644 0.30981 0.00438 -0.00502 -0.30900 -0.2996 
669.15 12.838 133.043 -0.29527 0.31616 0.89985 38.66 1.0016 1.0016 0.99970 -0.90011 -0.00665 -0.00072 -0.90389 1.00509 0.00394 0.00133 0.00336 -0.00132 -0.29429 0.31732 0.00440 -0.00492 -0.31651 -0.2977 
668.46 12.928 132.456 -0.29390 0.32123 0.89843 39.46 1.0017 1.0017 0.99970 -0.89859 -0.00672 -0.00073 -0.90273 1.00526 0.00403 0.00137 0.00334 -0.00133 -0.29288 0.32245 0.00442 -0.00492 -0.32160 -0.2964 
667.43 13.067 131.587 -0.29185 0.32887 0.89620 40.07 1.0016 1.0016 0.99970 -0.89618 -0.00663 -0.00071 -0.90067 1.00527 0.00399 0.00137 0.00328 -0.00129 -0.29079 0.33005 0.00431 -0.00474 -0.32932 -0.2944 
666.75 13.158 131.019 -0.29042 0.33387 0.89469 40.82 1.0017 1.0017 0.99970 -0.89478 -0.00660 -0.00077 -0.89934 1.00560 0.00389 0.00154 0.00332 -0.00141 -0.28933 0.33511 0.00426 -0.00457 -0.33439 -0.2930 
665.72 13.302 130.186 -0.28839 0.34144 0.89238 41.83 1.0017 1.0017 0.99970 -0.89262 -0.00676 -0.00078 -0.89683 1.00556 0.00409 0.00157 0.00343 -0.00162 -0.28722 0.34271 0.00425 -0.00442 -0.34196 -0.2911 
665.03 13.395 129.639 -0.28696 0.34639 0.89085 42.42 1.0017 1.0017 0.99970 -0.89117 -0.00683 -0.00074 -0.89531 1.00566 0.00418 0.00156 0.00351 -0.00180 -0.28573 0.34764 0.00440 -0.00445 -0.34699 -0.2897 
664.35 13.493 129.084 -0.28548 0.35149 0.88925 42.86 1.0015 1.0015 0.99970 -0.88948 -0.00675 -0.00085 -0.89359 1.00545 0.00409 0.00163 0.00347 -0.00178 -0.28422 0.35270 0.00443 -0.00437 -0.35208 -0.2882 
663.32 13.634 128.284 -0.28323 0.35885 0.88690 43.84 1.0017 1.0017 0.99970 -0.88739 -0.00687 -0.00079 -0.89136 1.00588 0.00433 0.00161 0.00369 -0.00207 -0.28194 0.36013 0.00443 -0.00426 -0.35957 -0.2861 
662.64 13.728 127.752 -0.28162 0.36369 0.88527 44.42 1.0016 1.0017 0.99970 -0.88572 -0.00684 -0.00065 -0.88981 1.00593 0.00433 0.00144 0.00379 -0.00226 -0.28028 0.36499 0.00443 -0.00421 -0.36444 -0.2845 
661.61 13.875 126.973 -0.27939 0.37112 0.88291 45.18 1.0018 1.0018 0.99970 -0.88348 -0.00701 -0.00078 -0.88757 1.00623 0.00442 0.00179 0.00401 -0.00259 -0.27801 0.37251 0.00457 -0.00419 -0.37193 -0.2824 
660.92 13.973 126.459 -0.27783 0.37602 0.88129 45.57 1.0018 1.0019 0.99970 -0.88191 -0.00703 -0.00072 -0.88600 1.00634 0.00447 0.00191 0.00414 -0.00287 -0.27641 0.37746 0.00469 -0.00415 -0.37686 -0.2809 
659.89 14.124 125.691 -0.27545 0.38346 0.87878 46.67 1.0019 1.0019 0.99970 -0.87937 -0.00724 -0.00044 -0.88369 1.00656 0.00480 0.00163 0.00427 -0.00320 -0.27401 0.38497 0.00469 -0.00403 -0.38436 -0.2786 
659.21 14.223 125.181 -0.27376 0.38835 0.87710 47.29 1.0019 1.0019 0.99970 -0.87757 -0.00727 -0.00036 -0.88211 1.00655 0.00489 0.00155 0.00430 -0.00328 -0.27224 0.38985 0.00469 -0.00393 -0.38929 -0.2770 
658.18 14.367 124.415 -0.27100 0.39556 0.87455 47.98 1.0018 1.0019 0.99970 -0.87519 -0.00745 -0.00003 -0.87941 1.00660 0.00524 0.00113 0.00433 -0.00351 -0.26945 0.39712 0.00476 -0.00395 -0.39650 -0.2743 
657.50 14.470 123.911 -0.26925 0.40051 0.87279 48.43 1.0019 1.0019 0.99970 -0.87348 -0.00767 -0.00004 -0.87769 1.00670 0.00556 0.00116 0.00430 -0.00353 -0.26764 0.40204 0.00490 -0.00410 -0.40155 -0.2726 
656.47 14.623 123.164 -0.26653 0.40786 0.87017 49.06 1.0018 1.0018 0.99970 -0.87084 -0.00764 -0.00018 -0.87501 1.00663 0.00556 0.00129 0.00435 -0.00370 -0.26490 0.40930 0.00509 -0.00424 -0.40900 -0.2698 
655.78 14.724 122.668 -0.26464 0.41272 0.86842 49.53 1.0018 1.0018 0.99970 -0.86913 -0.00763 -0.00031 -0.87315 1.00656 0.00551 0.00140 0.00440 -0.00374 -0.26302 0.41408 0.00512 -0.00422 -0.41394 -0.2679 
655.10 14.829 122.179 -0.26279 0.41765 0.86658 49.92 1.0017 1.0017 0.99970 -0.86724 -0.00769 -0.00026 -0.87129 1.00650 0.00564 0.00132 0.00454 -0.00384 -0.26115 0.41899 0.00522 -0.00426 -0.41890 -0.2661 
654.07 14.985 121.451 -0.25991 0.42495 0.86383 50.57 1.0018 1.0018 0.99970 -0.86454 -0.00784 -0.00011 -0.86865 1.00670 0.00584 0.00125 0.00453 -0.00383 -0.25827 0.42634 0.00525 -0.00418 -0.42628 -0.2632 
653.39 15.090 120.974 -0.25799 0.42980 0.86197 51.12 1.0018 1.0018 0.99970 -0.86275 -0.00796 0.00003 -0.86678 1.00679 0.00594 0.00113 0.00448 -0.00381 -0.25634 0.43129 0.00509 -0.00393 -0.43110 -0.2613 
652.36 15.251 120.279 -0.25518 0.43706 0.85912 51.07 1.0019 1.0019 0.99970 -0.86012 -0.00790 0.00010 -0.86389 1.00701 0.00589 0.00123 0.00443 -0.00390 -0.25346 0.43858 0.00482 -0.00364 -0.43846 -0.2586 
651.67 15.361 119.810 -0.25324 0.44201 0.85719 51.00 1.0020 1.0020 0.99970 -0.85828 -0.00804 0.00012 -0.86189 1.00706 0.00613 0.00120 0.00444 -0.00405 -0.25154 0.44353 0.00471 -0.00361 -0.44348 -0.2567 
650.65 15.527 119.117 -0.25031 0.44939 0.85430 51.04 1.0019 1.0020 0.99970 -0.85532 -0.00800 0.00000 -0.85897 1.00698 0.00607 0.00139 0.00445 -0.00412 -0.24848 0.45085 0.00479 -0.00362 -0.45092 -0.2538 
649.96 15.635 118.664 -0.24829 0.45418 0.85234 50.98 1.0019 1.0020 0.99970 -0.85331 -0.00800 -0.00010 -0.85706 1.00697 0.00604 0.00151 0.00448 -0.00426 -0.24637 0.45566 0.00473 -0.00359 -0.45574 -0.2519 
648.93 15.802 117.979 -0.24519 0.46154 0.84938 50.52 1.0019 1.0019 0.99970 -0.85029 -0.00810 -0.00001 -0.85397 1.00678 0.00626 0.00130 0.00434 -0.00418 -0.24313 0.46298 0.00480 -0.00362 -0.46310 -0.2488 
648.25 15.912 117.528 -0.24305 0.46633 0.84733 50.48 1.0019 1.0020 0.99970 -0.84822 -0.00811 -0.00005 -0.85205 1.00693 0.00632 0.00130 0.00439 -0.00415 -0.24095 0.46785 0.00484 -0.00352 -0.46791 -0.2468 
647.56 16.020 117.091 -0.24093 0.47099 0.84532 50.34 1.0017 1.0017 0.99970 -0.84611 -0.00828 -0.00003 -0.84978 1.00650 0.00646 0.00136 0.00457 -0.00434 -0.23866 0.47240 0.00489 -0.00353 -0.47250 -0.2447 
646.54 16.182 116.439 -0.23768 0.47797 0.84228 49.76 1.0015 1.0015 0.99970 -0.84279 -0.00840 -0.00004 -0.84665 1.00609 0.00664 0.00140 0.00467 -0.00435 -0.23518 0.47928 0.00505 -0.00358 -0.47943 -0.2416 
645.85 16.294 116.008 -0.23551 0.48271 0.84023 49.41 1.0016 1.0016 0.99970 -0.84079 -0.00835 -0.00012 -0.84464 1.00621 0.00663 0.00152 0.00476 -0.00432 -0.23297 0.48402 0.00524 -0.00362 -0.48426 -0.2394 
644.83 16.462 115.359 -0.23213 0.48977 0.83705 49.12 1.0016 1.0016 0.99970 -0.83750 -0.00850 -0.00016 -0.84163 1.00632 0.00683 0.00173 0.00468 -0.00432 -0.22949 0.49109 0.00532 -0.00355 -0.49139 -0.2362 
644.14 16.570 114.939 -0.22985 0.49430 0.83495 48.87 1.0015 1.0016 0.99970 -0.83523 -0.00863 -0.00029 -0.83961 1.00622 0.00700 0.00196 0.00454 -0.00425 -0.22703 0.49560 0.00528 -0.00341 -0.49592 -0.2340 
643.12 16.736 114.304 -0.22633 0.50116 0.83170 47.70 1.0013 1.0013 0.99970 -0.83188 -0.00863 -0.00041 -0.83607 1.00577 0.00701 0.00205 0.00447 -0.00403 -0.22336 0.50235 0.00524 -0.00319 -0.50272 -0.2305 
642.43 16.850 113.894 -0.22408 0.50582 0.82952 47.19 1.0013 1.0013 0.99970 -0.82978 -0.00866 -0.00035 -0.83386 1.00586 0.00698 0.00193 0.00446 -0.00406 -0.22112 0.50705 0.00519 -0.00306 -0.50740 -0.2283 
641.40 17.020 113.263 -0.22043 0.51274 0.82621 46.52 1.0013 1.0014 0.99970 -0.82651 -0.00868 -0.00003 -0.83055 1.00592 0.00684 0.00151 0.00460 -0.00418 -0.21748 0.51401 0.00530 -0.00317 -0.51435 -0.2246 
640.72 17.138 112.845 -0.21803 0.51751 0.82396 45.67 1.0015 1.0015 0.99970 -0.82428 -0.00864 -0.00002 -0.82844 1.00612 0.00680 0.00143 0.00462 -0.00436 -0.21517 0.51886 0.00541 -0.00351 -0.51918 -0.2221 
639.69 17.311 112.228 -0.21430 0.52439 0.82050 45.01 1.0014 1.0014 0.99970 -0.82085 -0.00860 -0.00002 -0.82487 1.00605 0.00678 0.00148 0.00465 -0.00448 -0.21154 0.52563 0.00542 -0.00371 -0.52616 -0.2183 
639.01 17.428 111.816 -0.21177 0.52902 0.81818 44.56 1.0014 1.0015 0.99970 -0.81859 -0.00859 -0.00021 -0.82251 1.00609 0.00672 0.00177 0.00466 -0.00448 -0.20911 0.53026 0.00557 -0.00380 -0.53084 -0.2157 
638.32 17.543 111.422 -0.20931 0.53349 0.81585 43.89 1.0013 1.0013 0.99970 -0.81615 -0.00873 -0.00028 -0.82007 1.00584 0.00688 0.00187 0.00483 -0.00473 -0.20666 0.53467 0.00591 -0.00425 -0.53527 -0.2131 
637.30 17.718 110.828 -0.20554 0.54031 0.81236 42.70 1.0011 1.0012 0.99970 -0.81237 -0.00880 -0.00035 -0.81660 1.00554 0.00698 0.00196 0.00499 -0.00480 -0.20303 0.54140 0.00630 -0.00469 -0.54206 -0.2091 
636.61 17.835 110.438 -0.20302 0.54479 0.80999 41.90 1.0012 1.0012 0.99970 -0.81005 -0.00886 -0.00035 -0.81421 1.00559 0.00704 0.00195 0.00492 -0.00467 -0.20055 0.54594 0.00632 -0.00460 -0.54652 -0.2066 
635.59 18.005 109.861 -0.19915 0.55133 0.80651 40.84 1.0013 1.0013 0.99970 -0.80673 -0.00895 -0.00030 -0.81079 1.00588 0.00704 0.00206 0.00504 -0.00463 -0.19673 0.55262 0.00648 -0.00463 -0.55311 -0.2027 
634.90 18.125 109.478 -0.19659 0.55584 0.80411 40.17 1.0014 1.0014 0.99970 -0.80437 -0.00890 -0.00032 -0.80846 1.00602 0.00687 0.00217 0.00511 -0.00468 -0.19419 0.55720 0.00663 -0.00483 -0.55766 -0.2001 
633.88 18.301 108.918 -0.19276 0.56245 0.80050 39.37 1.0017 1.0018 0.99970 -0.80106 -0.00887 -0.00032 -0.80499 1.00660 0.00680 0.00224 0.00496 -0.00466 -0.19037 0.56401 0.00674 -0.00514 -0.56444 -0.1964 
633.19 18.415 108.544 -0.19009 0.56669 0.79809 38.90 1.0016 1.0017 0.99970 -0.79862 -0.00878 -0.00013 -0.80247 1.00644 0.00671 0.00206 0.00494 -0.00469 -0.18767 0.56823 0.00692 -0.00528 -0.56863 -0.1937 
632.17 18.592 107.988 -0.18610 0.57316 0.79436 37.89 1.0017 1.0017 0.99970 -0.79488 -0.00879 -0.00014 -0.79881 1.00655 0.00661 0.00218 0.00502 -0.00489 -0.18380 0.57461 0.00711 -0.00546 -0.57531 -0.1896 
631.48 18.707 107.624 -0.18340 0.57731 0.79191 37.41 1.0017 1.0017 0.99970 -0.79253 -0.00878 -0.00021 -0.79635 1.00671 0.00654 0.00229 0.00502 -0.00488 -0.18111 0.57880 0.00732 -0.00563 -0.57952 -0.1869 
630.46 18.882 107.083 -0.17934 0.58355 0.78807 36.91 1.0021 1.0021 0.99970 -0.78920 -0.00869 -0.00014 -0.79274 1.00766 0.00634 0.00205 0.00502 -0.00495 -0.17707 0.58534 0.00748 -0.00580 -0.58606 -0.1829 
629.77 19.002 106.730 -0.17668 0.58778 0.78549 36.20 1.0022 1.0022 0.99970 -0.78653 -0.00850 -0.00014 -0.79040 1.00789 0.00607 0.00206 0.00507 -0.00507 -0.17444 0.58957 0.00745 -0.00579 -0.59046 -0.1803 
629.09 19.125 106.380 -0.17404 0.59210 0.78282 35.71 1.0023 1.0023 0.99970 -0.78385 -0.00839 -0.00003 -0.78782 1.00799 0.00595 0.00191 0.00510 -0.00514 -0.17181 0.59393 0.00742 -0.00579 -0.59482 -0.1776 
628.06 19.308 105.872 -0.17014 0.59840 0.77888 35.24 1.0023 1.0024 0.99970 -0.77997 -0.00849 0.00036 -0.78391 1.00815 0.00598 0.00152 0.00522 -0.00516 -0.16790 0.60038 0.00721 -0.00543 -0.60112 -0.1737 
627.38 19.429 105.534 -0.16749 0.60258 0.77626 34.77 1.0024 1.0025 0.99970 -0.77741 -0.00853 0.00050 -0.78130 1.00829 0.00597 0.00143 0.00519 -0.00510 -0.16519 0.60468 0.00719 -0.00536 -0.60529 -0.1711 
626.36 19.604 105.030 -0.16340 0.60857 0.77240 34.34 1.0026 1.0026 0.99970 -0.77364 -0.00859 0.00077 -0.77761 1.00866 0.00587 0.00129 0.00524 -0.00530 -0.16103 0.61073 0.00719 -0.00551 -0.61148 -0.1671 
625.67 19.724 104.712 -0.16084 0.61254 0.76971 34.29 1.0027 1.0027 0.99970 -0.77106 -0.00861 0.00087 -0.77496 1.00889 0.00586 0.00123 0.00520 -0.00539 -0.15837 0.61478 0.00715 -0.00555 -0.61557 -0.1647 
624.65 19.910 104.227 -0.15690 0.61880 0.76568 33.86 1.0029 1.0030 0.99970 -0.76718 -0.00876 0.00111 -0.77103 1.00926 0.00610 0.00080 0.00524 -0.00542 -0.15443 0.62109 0.00705 -0.00544 -0.62206 -0.1608 
623.96 20.033 103.903 -0.15418 0.62287 0.76294 33.35 1.0030 1.0031 0.99970 -0.76455 -0.00888 0.00124 -0.76831 1.00944 0.00631 0.00068 0.00520 -0.00533 -0.15169 0.62515 0.00712 -0.00548 -0.62628 -0.1581 
622.94 20.211 103.427 -0.15009 0.62869 0.75888 33.16 1.0031 1.0031 0.99970 -0.76055 -0.00894 0.00140 -0.76430 1.00965 0.00653 0.00056 0.00521 -0.00536 -0.14741 0.63108 0.00717 -0.00553 -0.63219 -0.1542 
622.25 20.332 103.112 -0.14735 0.63262 0.75616 33.15 1.0033 1.0033 0.99970 -0.75787 -0.00902 0.00158 -0.76174 1.00995 0.00666 0.00043 0.00515 -0.00534 -0.14463 0.63509 0.00710 -0.00551 -0.63625 -0.1515 
621.57 20.456 102.797 -0.14461 0.63666 0.75341 33.03 1.0032 1.0033 0.99970 -0.75515 -0.00899 0.00187 -0.75886 1.00985 0.00668 0.00020 0.00514 -0.00533 -0.14183 0.63917 0.00705 -0.00540 -0.64024 -0.1488 
620.55 20.631 102.331 -0.14039 0.64221 0.74930 32.98 1.0032 1.0032 0.99970 -0.75108 -0.00920 0.00215 -0.75467 1.00983 0.00690 0.00012 0.00510 -0.00520 -0.13752 0.64477 0.00712 -0.00537 -0.64578 -0.1446 
619.86 20.746 102.028 -0.13762 0.64586 0.74659 33.10 1.0031 1.0031 0.99970 -0.74837 -0.00936 0.00229 -0.75182 1.00970 0.00705 0.00011 0.00504 -0.00521 -0.13461 0.64836 0.00691 -0.00509 -0.64943 -0.1419 
618.84 20.928 101.569 -0.13338 0.65156 0.74241 32.92 1.0032 1.0032 0.99970 -0.74415 -0.00944 0.00232 -0.74778 1.00989 0.00725 0.00029 0.00491 -0.00499 -0.13033 0.65415 0.00679 -0.00477 -0.65522 -0.1377 
618.15 21.047 101.266 -0.13053 0.65523 0.73957 32.94 1.0032 1.0032 0.99970 -0.74143 -0.00962 0.00242 -0.74491 1.01003 0.00744 0.00029 0.00492 -0.00510 -0.12742 0.65789 0.00673 -0.00467 -0.65895 -0.1349 
617.13 21.228 100.814 -0.12622 0.66077 0.73526 33.27 1.0031 1.0031 0.99970 -0.73706 -0.00980 0.00245 -0.74054 1.00992 0.00759 0.00027 0.00489 -0.00523 -0.12292 0.66341 0.00671 -0.00458 -0.66448 -0.1307 
616.45 21.347 100.517 -0.12334 0.66436 0.73240 33.48 1.0030 1.0030 0.99970 -0.73407 -0.00995 0.00244 -0.73763 1.00971 0.00787 0.00022 0.00492 -0.00524 -0.11998 0.66692 0.00678 -0.00455 -0.66805 -0.1279 
615.42 21.530 100.067 -0.11891 0.66980 0.72799 33.65 1.0028 1.0028 0.99970 -0.72960 -0.00999 0.00256 -0.73310 1.00952 0.00793 -0.00013 0.00499 -0.00532 -0.11568 0.67232 0.00683 -0.00459 -0.67346 -0.1232 
614.74 21.648 99.773 -0.11599 0.67335 0.72516 33.97 1.0029 1.0029 0.99970 -0.72668 -0.00994 0.00260 -0.73043 1.00966 0.00780 -0.00014 0.00505 -0.00545 -0.11274 0.67587 0.00683 -0.00476 -0.67714 -0.1203 
613.71 21.831 99.335 -0.11158 0.67875 0.72076 34.36 1.0028 1.0028 0.99970 -0.72202 -0.00993 0.00261 -0.72618 1.00958 0.00788 -0.00008 0.00516 -0.00543 -0.10821 0.68120 0.00692 -0.00501 -0.68261 -0.1160 
613.03 21.956 99.046 -0.10864 0.68237 0.71774 34.66 1.0028 1.0029 0.99970 -0.71902 -0.00999 0.00249 -0.72320 1.00968 0.00809 0.00012 0.00512 -0.00543 -0.10531 0.68486 0.00679 -0.00500 -0.68629 -0.1130 
612.35 22.075 98.766 -0.10574 0.68573 0.71471 35.06 1.0028 1.0028 0.99970 -0.71597 -0.01008 0.00234 -0.72024 1.00979 0.00823 0.00045 0.00506 -0.00537 -0.10237 0.68817 0.00674 -0.00489 -0.68980 -0.1101 
611.32 22.254 98.351 -0.10140 0.69072 0.71021 35.66 1.0028 1.0028 0.99970 -0.71137 -0.01020 0.00212 -0.71587 1.00992 0.00826 0.00084 0.00516 -0.00533 -0.09798 0.69322 0.00709 -0.00497 -0.69487 -0.1058 
610.64 22.372 98.082 -0.09854 0.69395 0.70719 36.05 1.0027 1.0027 0.99970 -0.70828 -0.01028 0.00223 -0.71290 1.00992 0.00845 0.00065 0.00527 -0.00551 -0.09499 0.69650 0.00717 -0.00506 -0.69808 -0.1030 
609.61 22.556 97.680 -0.09427 0.69908 0.70268 36.70 1.0027 1.0027 0.99970 -0.70364 -0.01028 0.00232 -0.70853 1.00999 0.00860 0.00055 0.00519 -0.00547 -0.09070 0.70176 0.00694 -0.00473 -0.70317 -0.0988 
608.93 22.676 97.413 -0.09138 0.70235 0.69964 37.17 1.0027 1.0027 0.99970 -0.70058 -0.01032 0.00229 -0.70556 1.01011 0.00864 0.00062 0.00514 -0.00544 -0.08771 0.70515 0.00694 -0.00457 -0.70644 -0.0959 
607.91 22.859 97.019 -0.08708 0.70724 0.69496 37.72 1.0027 1.0028 0.99970 -0.69591 -0.01023 0.00224 -0.70103 1.01042 0.00862 0.00066 0.00518 -0.00571 -0.08325 0.71017 0.00708 -0.00467 -0.71146 -0.0918 
607.22 22.982 96.759 -0.08422 0.71056 0.69186 38.36 1.0027 1.0027 0.99970 -0.69265 -0.01006 0.00222 -0.69804 1.01037 0.00860 0.00067 0.00524 -0.00599 -0.08023 0.71347 0.00715 -0.00471 -0.71481 -0.0891 
606.20 23.159 96.379 -0.07995 0.71514 0.68721 39.46 1.0027 1.0027 0.99970 -0.68796 -0.01013 0.00245 -0.69352 1.01058 0.00874 0.00064 0.00532 -0.00627 -0.07585 0.71823 0.00710 -0.00437 -0.71939 -0.0849 
605.52 23.282 96.128 -0.07712 0.71827 0.68400 40.11 1.0025 1.0026 0.99970 -0.68467 -0.01011 0.00257 -0.69029 1.01047 0.00869 0.00070 0.00551 -0.00646 -0.07291 0.72135 0.00714 -0.00407 -0.72250 -0.0821 
604.49 23.470 95.747 -0.07277 0.72306 0.67908 41.09 1.0026 1.0026 0.99970 -0.67976 -0.01007 0.00257 -0.68555 1.01082 0.00869 0.00077 0.00562 -0.00663 -0.06845 0.72625 0.00710 -0.00380 -0.72746 -0.0779 
603.81 23.595 95.503 -0.06997 0.72624 0.67585 41.81 1.0027 1.0027 0.99970 -0.67661 -0.00998 0.00263 -0.68238 1.01111 0.00876 0.00050 0.00570 -0.00688 -0.06548 0.72964 0.00705 -0.00375 -0.73068 -0.0752 
603.13 23.721 95.260 -0.06716 0.72942 0.67260 42.16 1.0028 1.0028 0.99970 -0.67340 -0.00987 0.00285 -0.67922 1.01134 0.00880 0.00002 0.00573 -0.00697 -0.06248 0.73301 0.00681 -0.00332 -0.73388 -0.0726 
602.10 23.914 94.896 -0.06290 0.73431 0.66759 43.21 1.0027 1.0027 0.99970 -0.66814 -0.00978 0.00302 -0.67432 1.01120 0.00897 -0.00029 0.00600 -0.00724 -0.05805 0.73789 0.00674 -0.00312 -0.73873 -0.0684 
601.42 24.045 94.658 -0.06010 0.73757 0.66422 43.94 1.0027 1.0027 0.99970 -0.66480 -0.00981 0.00312 -0.67094 1.01129 0.00904 -0.00040 0.00599 -0.00719 -0.05514 0.74121 0.00672 -0.00303 -0.74204 -0.0657 
600.40 24.234 94.299 -0.05578 0.74215 0.65918 44.85 1.0028 1.0028 0.99970 -0.65985 -0.00977 0.00328 -0.66597 1.01161 0.00904 -0.00056 0.00599 -0.00719 -0.05064 0.74593 0.00669 -0.00304 -0.74676 -0.0616 
599.72 24.362 94.062 -0.05292 0.74528 0.65583 45.60 1.0028 1.0029 0.99970 -0.65649 -0.00974 0.00326 -0.66267 1.01175 0.00895 -0.00053 0.00597 -0.00732 -0.04763 0.74910 0.00664 -0.00315 -0.74999 -0.0588 
598.69 24.553 93.722 -0.04877 0.74979 0.65072 46.98 1.0030 1.0030 0.99970 -0.65149 -0.00982 0.00341 -0.65774 1.01227 0.00918 -0.00058 0.00599 -0.00773 -0.04330 0.75372 0.00662 -0.00319 -0.75483 -0.0548 
598.01 24.681 93.498 -0.04602 0.75278 0.64727 47.06 1.0030 1.0031 0.99970 -0.64828 -0.00987 0.00336 -0.65416 1.01249 0.00935 -0.00052 0.00594 -0.00782 -0.04043 0.75686 0.00661 -0.00311 -0.75787 -0.0522 
596.99 24.881 93.150 -0.04169 0.75759 0.64205 47.47 1.0032 1.0032 0.99970 -0.64321 -0.00983 0.00342 -0.64883 1.01268 0.00953 -0.00069 0.00580 -0.00770 -0.03601 0.76180 0.00644 -0.00284 -0.76275 -0.0479 
596.30 25.012 92.922 -0.03882 0.76063 0.63852 47.82 1.0032 1.0032 0.99970 -0.63974 -0.00984 0.00345 -0.64526 1.01276 0.00956 -0.00053 0.00572 -0.00769 -0.03307 0.76492 0.00648 -0.00279 -0.76583 -0.0451 
595.28 25.215 92.582 -0.03451 0.76539 0.63315 48.12 1.0032 1.0032 0.99970 -0.63442 -0.00969 0.00352 -0.63977 1.01278 0.00939 -0.00063 0.00560 -0.00774 -0.02860 0.76970 0.00639 -0.00285 -0.77063 -0.0409 
594.60 25.349 92.352 -0.03157 0.76844 0.62954 48.15 1.0033 1.0033 0.99970 -0.63090 -0.00969 0.00366 -0.63617 1.01300 0.00942 -0.00076 0.00551 -0.00775 -0.02565 0.77278 0.00629 -0.00278 -0.77386 -0.0379 
593.92 25.484 92.131 -0.02871 0.77159 0.62597 48.15 1.0033 1.0034 0.99970 -0.62749 -0.00973 0.00386 -0.63236 1.01293 0.00955 -0.00102 0.00538 -0.00769 -0.02279 0.77609 0.00621 -0.00280 -0.77683 -0.0350 
592.89 25.684 91.788 -0.02423 0.77615 0.62061 47.90 1.0033 1.0034 0.99970 -0.62203 -0.00978 0.00380 -0.62699 1.01286 0.00958 -0.00090 0.00513 -0.00757 -0.01822 0.78078 0.00595 -0.00271 -0.78126 -0.0305 
592.21 25.822 91.565 -0.02130 0.77934 0.61698 47.71 1.0033 1.0033 0.99970 -0.61829 -0.00973 0.00364 -0.62329 1.01265 0.00957 -0.00082 0.00510 -0.00774 -0.01527 0.78399 0.00580 -0.00271 -0.78433 -0.0276 
591.19 26.026 91.242 -0.01699 0.78389 0.61146 47.24 1.0034 1.0034 0.99970 -0.61272 -0.00969 0.00349 -0.61778 1.01270 0.00962 -0.00093 0.00505 -0.00789 -0.01078 0.78875 0.00589 -0.00324 -0.78875 -0.0234 
590.51 26.161 91.020 -0.01401 0.78677 0.60771 46.56 1.0033 1.0034 0.99970 -0.60903 -0.00953 0.00337 -0.61389 1.01266 0.00945 -0.00097 0.00504 -0.00798 -0.00758 0.79165 0.00595 -0.00339 -0.79162 -0.0206 
589.48 26.365 90.703 -0.00971 0.79116 0.60207 45.51 1.0033 1.0033 0.99970 -0.60345 -0.00937 0.00317 -0.60811 1.01261 0.00926 -0.00085 0.00487 -0.00792 -0.00322 0.79597 0.00611 -0.00371 -0.79607 -0.0163 
588.80 26.498 90.493 -0.00683 0.79389 0.59836 44.97 1.0031 1.0032 0.99970 -0.59967 -0.00928 0.00314 -0.60426 1.01236 0.00923 -0.00086 0.00483 -0.00796 -0.00027 0.79862 0.00609 -0.00364 -0.79874 -0.0135 
587.78 26.701 90.175 -0.00244 0.79826 0.59279 43.60 1.0032 1.0033 0.99970 -0.59401 -0.00912 0.00322 -0.59878 1.01245 0.00906 -0.00086 0.00485 -0.00817 0.00416 0.80304 0.00596 -0.00399 -0.80318 -0.0091 
587.10 26.834 89.968 0.00045 0.80102 0.58912 43.01 1.0032 1.0033 0.99970 -0.59017 -0.00903 0.00318 -0.59520 1.01241 0.00902 -0.00074 0.00488 -0.00835 0.00714 0.80578 0.00597 -0.00444 -0.80596 -0.0062 
586.41 26.970 89.763 0.00332 0.80373 0.58524 42.09 1.0033 1.0033 0.99970 -0.58618 -0.00896 0.00320 -0.59148 1.01259 0.00910 -0.00069 0.00485 -0.00843 0.01006 0.80862 0.00598 -0.00454 -0.80873 -0.0034 
585.39 27.175 89.463 0.00757 0.80788 0.57947 40.54 1.0034 1.0034 0.99970 -0.58056 -0.00897 0.00321 -0.58563 1.01281 0.00915 -0.00075 0.00476 -0.00866 0.01432 0.81295 0.00592 -0.00461 -0.81292 0.0009 
584.71 27.311 89.269 0.01034 0.81052 0.57561 39.50 1.0034 1.0034 0.99970 -0.57666 -0.00898 0.00321 -0.58179 1.01286 0.00912 -0.00103 0.00470 -0.00874 0.01709 0.81569 0.00594 -0.00466 -0.81553 0.0037 
583.69 27.512 88.982 0.01448 0.81441 0.56984 37.81 1.0033 1.0034 0.99970 -0.57091 -0.00895 0.00336 -0.57593 1.01288 0.00910 -0.00125 0.00461 -0.00886 0.02125 0.81972 0.00596 -0.00497 -0.81934 0.0079 
583.01 27.649 88.793 0.01722 0.81717 0.56601 36.78 1.0033 1.0034 0.99970 -0.56699 -0.00881 0.00348 -0.57206 1.01272 0.00913 -0.00137 0.00459 -0.00904 0.02400 0.82246 0.00591 -0.00504 -0.82203 0.0107 
581.98 27.857 88.513 0.02132 0.82129 0.56015 35.41 1.0033 1.0034 0.99970 -0.56087 -0.00864 0.00347 -0.56629 1.01255 0.00885 -0.00109 0.00460 -0.00903 0.02801 0.82650 0.00604 -0.00510 -0.82613 0.0149 
581.30 27.996 88.328 0.02406 0.82397 0.55617 34.47 1.0034 1.0035 0.99970 -0.55694 -0.00859 0.00346 -0.56231 1.01271 0.00859 -0.00107 0.00455 -0.00886 0.03068 0.82928 0.00629 -0.00523 -0.82889 0.0177 
580.28 28.201 88.065 0.02797 0.82782 0.55029 33.09 1.0036 1.0036 0.99970 -0.55110 -0.00851 0.00370 -0.55649 1.01303 0.00852 -0.00101 0.00457 -0.00884 0.03473 0.83327 0.00628 -0.00518 -0.83290 0.0216 
579.60 28.339 87.894 0.03054 0.83040 0.54632 32.14 1.0033 1.0034 0.99970 -0.54690 -0.00845 0.00395 -0.55238 1.01247 0.00846 -0.00115 0.00469 -0.00891 0.03729 0.83566 0.00625 -0.00512 -0.83524 0.0242 
578.58 28.544 87.631 0.03450 0.83407 0.54031 30.70 1.0030 1.0031 0.99970 -0.54079 -0.00838 0.00425 -0.54611 1.01192 0.00804 -0.00131 0.00477 -0.00877 0.04111 0.83911 0.00640 -0.00490 -0.83872 0.0283 
577.89 28.682 87.461 0.03710 0.83658 0.53628 30.11 1.0028 1.0029 0.99970 -0.53664 -0.00821 0.00432 -0.54193 1.01152 0.00797 -0.00135 0.00487 -0.00880 0.04382 0.84138 0.00658 -0.00484 -0.84116 0.0308 
577.21 28.820 87.293 0.03966 0.83891 0.53214 29.33 1.0027 1.0028 0.99970 -0.53241 -0.00812 0.00442 -0.53784 1.01151 0.00805 -0.00158 0.00487 -0.00879 0.04641 0.84374 0.00679 -0.00493 -0.84348 0.0334 
576.19 29.026 87.047 0.04346 0.84243 0.52604 28.03 1.0026 1.0026 0.99970 -0.52623 -0.00811 0.00458 -0.53164 1.01130 0.00820 -0.00160 0.00477 -0.00871 0.05028 0.84718 0.00690 -0.00526 -0.84695 0.0371 
575.51 29.164 86.884 0.04598 0.84466 0.52188 27.25 1.0026 1.0026 0.99970 -0.52206 -0.00812 0.00473 -0.52754 1.01148 0.00817 -0.00157 0.00476 -0.00855 0.05286 0.84941 0.00699 -0.00510 -0.84936 0.0396 
574.49 29.375 86.645 0.04972 0.84812 0.51555 26.43 1.0025 1.0025 0.99970 -0.51567 -0.00823 0.00488 -0.52120 1.01148 0.00819 -0.00134 0.00475 -0.00850 0.05660 0.85278 0.00719 -0.00543 -0.85294 0.0434 
573.81 29.513 86.481 0.05229 0.85022 0.51130 25.71 1.0024 1.0024 0.99970 -0.51144 -0.00824 0.00492 -0.51689 1.01148 0.00820 -0.00131 0.00459 -0.00841 0.05924 0.85489 0.00729 -0.00545 -0.85507 0.0459 
572.78 29.726 86.242 0.05607 0.85367 0.50491 24.97 1.0023 1.0023 0.99970 -0.50496 -0.00840 0.00495 -0.51048 1.01143 0.00795 -0.00136 0.00436 -0.00818 0.06322 0.85833 0.00744 -0.00554 -0.85851 0.0495 
572.10 29.868 86.090 0.05850 0.85596 0.50063 24.38 1.0023 1.0023 0.99970 -0.50071 -0.00850 0.00502 -0.50614 1.01146 0.00795 -0.00146 0.00430 -0.00819 0.06576 0.86070 0.00750 -0.00537 -0.86076 0.0519 
571.08 30.082 85.850 0.06235 0.85938 0.49417 23.81 1.0022 1.0022 0.99970 -0.49425 -0.00860 0.00499 -0.49953 1.01132 0.00815 -0.00129 0.00414 -0.00812 0.06958 0.86411 0.00773 -0.00511 -0.86411 0.0558 
570.40 30.224 85.693 0.06489 0.86153 0.48983 23.45 1.0019 1.0020 0.99970 -0.48988 -0.00857 0.00486 -0.49501 1.01095 0.00826 -0.00130 0.00401 -0.00796 0.07217 0.86619 0.00778 -0.00512 -0.86603 0.0583 
569.38 30.440 85.464 0.06862 0.86490 0.48332 22.79 1.0018 1.0018 0.99970 -0.48334 -0.00867 0.00485 -0.48832 1.01069 0.00849 -0.00136 0.00390 -0.00795 0.07582 0.86949 0.00805 -0.00530 -0.86930 0.0621 
568.70 30.586 85.312 0.07110 0.86717 0.47888 22.47 1.0018 1.0018 0.99970 -0.47887 -0.00868 0.00473 -0.48388 1.01072 0.00844 -0.00121 0.00380 -0.00774 0.07839 0.87176 0.00837 -0.00557 -0.87162 0.0646 
568.02 30.735 85.162 0.07359 0.86952 0.47440 22.33 1.0018 1.0018 0.99970 -0.47434 -0.00863 0.00470 -0.47936 1.01062 0.00859 -0.00135 0.00380 -0.00779 0.08102 0.87411 0.00854 -0.00592 -0.87390 0.0669 
567.00 30.957 84.939 0.07731 0.87294 0.46765 22.10 1.0018 1.0018 0.99970 -0.46748 -0.00868 0.00465 -0.47259 1.01049 0.00889 -0.00148 0.00359 -0.00787 0.08486 0.87763 0.00867 -0.00608 -0.87714 0.0706 
566.32 31.108 84.804 0.07962 0.87547 0.46315 21.94 1.0017 1.0018 0.99970 -0.46286 -0.00872 0.00449 -0.46799 1.01011 0.00898 -0.00140 0.00345 -0.00793 0.08727 0.88009 0.00878 -0.00636 -0.87943 0.0728 
565.29 31.337 84.588 0.08328 0.87906 0.45626 21.62 1.0016 1.0017 0.99970 -0.45569 -0.00866 0.00406 -0.46107 1.00958 0.00899 -0.00105 0.00331 -0.00802 0.09109 0.88344 0.00888 -0.00665 -0.88283 0.0763 
564.61 31.486 84.451 0.08561 0.88122 0.45167 21.66 1.0016 1.0017 0.99970 -0.45109 -0.00875 0.00393 -0.45645 1.00962 0.00918 -0.00125 0.00332 -0.00828 0.09360 0.88567 0.00903 -0.00684 -0.88498 0.0784 
563.59 31.716 84.258 0.08896 0.88472 0.44465 21.59 1.0017 1.0017 0.99970 -0.44397 -0.00874 0.00379 -0.44939 1.00943 0.00910 -0.00135 0.00323 -0.00840 0.09732 0.88906 0.00907 -0.00699 -0.88847 0.0814 
562.91 31.872 84.123 0.09130 0.88699 0.43984 21.56 1.0016 1.0017 0.99970 -0.43906 -0.00868 0.00369 -0.44457 1.00928 0.00888 -0.00130 0.00320 -0.00844 0.09974 0.89112 0.00917 -0.00715 -0.89083 0.0837 
561.89 32.107 83.930 0.09471 0.89056 0.43266 21.59 1.0017 1.0018 0.99970 -0.43174 -0.00879 0.00360 -0.43741 1.00914 0.00906 -0.00144 0.00326 -0.00848 0.10313 0.89470 0.00917 -0.00727 -0.89429 0.0871 
561.21 32.266 83.796 0.09707 0.89303 0.42784 21.67 1.0019 1.0019 0.99970 -0.42680 -0.00882 0.00365 -0.43261 1.00901 0.00907 -0.00155 0.00338 -0.00861 0.10547 0.89716 0.00905 -0.00723 -0.89668 0.0895 
560.53 32.428 83.670 0.09935 0.89563 0.42297 21.77 1.0021 1.0021 0.99970 -0.42176 -0.00877 0.00362 -0.42786 1.00899 0.00911 -0.00166 0.00347 -0.00881 0.10769 0.89976 0.00885 -0.00738 -0.89927 0.0919 
559.51 32.670 83.494 0.10253 0.89906 0.41544 21.98 1.0023 1.0024 0.99970 -0.41420 -0.00869 0.00354 -0.42040 1.00925 0.00902 -0.00177 0.00356 -0.00904 0.11089 0.90345 0.00880 -0.00767 -0.90273 0.0951 
558.83 32.831 83.383 0.10455 0.90126 0.41038 22.13 1.0025 1.0026 0.99970 -0.40920 -0.00866 0.00349 -0.41536 1.00955 0.00913 -0.00176 0.00356 -0.00913 0.11294 0.90578 0.00874 -0.00767 -0.90508 0.0971 
557.81 33.074 83.230 0.10739 0.90460 0.40276 22.60 1.0028 1.0028 0.99970 -0.40171 -0.00872 0.00352 -0.40763 1.00976 0.00894 -0.00188 0.00355 -0.00927 0.11571 0.90921 0.00868 -0.00795 -0.90854 0.1001 
557.13 33.239 83.137 0.10914 0.90678 0.39754 22.84 1.0029 1.0029 0.99970 -0.39640 -0.00872 0.00355 -0.40251 1.00994 0.00889 -0.00187 0.00348 -0.00926 0.11745 0.91140 0.00860 -0.00810 -0.91090 0.1019 
556.11 33.488 82.995 0.11183 0.91011 0.38967 23.33 1.0030 1.0030 0.99970 -0.38835 -0.00864 0.00358 -0.39473 1.00987 0.00890 -0.00150 0.00358 -0.00945 0.12011 0.91459 0.00859 -0.00852 -0.91434 0.1046 
555.43 33.659 82.905 0.11358 0.91244 0.38430 23.74 1.0030 1.0031 0.99970 -0.38287 -0.00860 0.00359 -0.38934 1.00972 0.00885 -0.00160 0.00365 -0.00965 0.12184 0.91688 0.00864 -0.00865 -0.91660 0.1064 
554.40 33.910 82.775 0.11607 0.91555 0.37624 24.44 1.0031 1.0032 0.99970 -0.37476 -0.00857 0.00361 -0.38132 1.00989 0.00881 -0.00173 0.00357 -0.00964 0.12446 0.92012 0.00857 -0.00882 -0.91976 0.1088 
553.72 34.079 82.698 0.11756 0.91750 0.37076 24.75 1.0031 1.0032 0.99970 -0.36934 -0.00858 0.00369 -0.37575 1.00993 0.00893 -0.00196 0.00356 -0.00981 0.12600 0.92212 0.00837 -0.00889 -0.92172 0.1103 
552.70 34.333 82.597 0.11956 0.92018 0.36240 25.41 1.0027 1.0028 0.99970 -0.36088 -0.00849 0.00398 -0.36728 1.00956 0.00916 -0.00215 0.00364 -0.01026 0.12822 0.92463 0.00817 -0.00903 -0.92426 0.1120 
552.02 34.508 82.524 0.12103 0.92226 0.35676 25.84 1.0025 1.0025 0.99970 -0.35515 -0.00840 0.00406 -0.36148 1.00899 0.00928 -0.00232 0.00376 -0.01055 0.12964 0.92640 0.00819 -0.00909 -0.92614 0.1135 
551.34 34.684 82.454 0.12242 0.92419 0.35102 26.31 1.0025 1.0026 0.99970 -0.34938 -0.00838 0.00416 -0.35579 1.00918 0.00937 -0.00237 0.00376 -0.01063 0.13099 0.92837 0.00815 -0.00911 -0.92822 0.1149 
550.32 34.955 82.359 0.12438 0.92712 0.34215 26.98 1.0026 1.0026 0.99970 -0.34040 -0.00830 0.00412 -0.34699 1.00934 0.00972 -0.00241 0.00366 -0.01083 0.13311 0.93137 0.00802 -0.00974 -0.93125 0.1168 
549.64 35.135 82.297 0.12565 0.92894 0.33619 27.36 1.0026 1.0026 0.99970 -0.33446 -0.00832 0.00413 -0.34102 1.00950 0.00978 -0.00264 0.00359 -0.01089 0.13438 0.93337 0.00812 -0.01034 -0.93305 0.1181 
548.62 35.409 82.206 0.12753 0.93174 0.32717 28.26 1.0025 1.0026 0.99970 -0.32559 -0.00848 0.00425 -0.33179 1.00959 0.00992 -0.00242 0.00349 -0.01093 0.13629 0.93626 0.00814 -0.01061 -0.93588 0.1199 
547.94 35.597 82.159 0.12858 0.93374 0.32098 28.59 1.0026 1.0027 0.99970 -0.31950 -0.00845 0.00429 -0.32550 1.00975 0.00975 -0.00256 0.00349 -0.01103 0.13739 0.93834 0.00804 -0.01050 -0.93796 0.1210 
546.92 35.881 82.085 0.13018 0.93637 0.31153 29.25 1.0025 1.0025 0.99970 -0.31014 -0.00845 0.00451 -0.31590 1.00983 0.00970 -0.00285 0.00326 -0.01094 0.13905 0.94115 0.00790 -0.01080 -0.94051 0.1226 
546.24 36.073 82.029 0.13138 0.93821 0.30516 29.64 1.0025 1.0026 0.99970 -0.30387 -0.00837 0.00449 -0.30941 1.00999 0.00954 -0.00292 0.00314 -0.01100 0.14031 0.94312 0.00782 -0.01047 -0.94239 0.1237 
545.22 36.364 81.965 0.13286 0.94119 0.29555 30.08 1.0025 1.0026 0.99970 -0.29437 -0.00825 0.00465 -0.29956 1.00984 0.00934 -0.00320 0.00312 -0.01117 0.14192 0.94623 0.00762 -0.01033 -0.94513 0.1251 
544.54 36.555 81.928 0.13372 0.94287 0.28915 30.35 1.0025 1.0025 0.99970 -0.28801 -0.00816 0.00476 -0.29309 1.01000 0.00943 -0.00322 0.00314 -0.01132 0.14282 0.94810 0.00762 -0.01028 -0.94679 0.1259 
543.52 36.849 81.872 0.13502 0.94541 0.27930 30.38 1.0022 1.0022 0.99970 -0.27812 -0.00790 0.00465 -0.28308 1.00960 0.00952 -0.00334 0.00308 -0.01146 0.14407 0.95072 0.00767 -0.01065 -0.94890 0.1272 
542.84 37.047 81.842 0.13574 0.94695 0.27262 30.52 1.0020 1.0021 0.99970 -0.27153 -0.00772 0.00467 -0.27624 1.00960 0.00949 -0.00353 0.00306 -0.01149 0.14485 0.95242 0.00761 -0.01052 -0.95029 0.1279 
542.16 37.248 81.813 0.13650 0.94869 0.26586 30.36 1.0022 1.0022 0.99970 -0.26488 -0.00766 0.00469 -0.26941 1.00994 0.00936 -0.00374 0.00294 -0.01160 0.14561 0.95442 0.00768 -0.01043 -0.95210 0.1287 
541.14 37.559 81.782 0.13743 0.95163 0.25551 29.83 1.0021 1.0021 0.99970 -0.25434 -0.00733 0.00472 -0.25904 1.00952 0.00907 -0.00419 0.00285 -0.01160 0.14681 0.95715 0.00743 -0.01044 -0.95487 0.1293 
540.46 37.766 81.775 0.13781 0.95338 0.24853 29.57 1.0019 1.0020 0.99970 -0.24725 -0.00712 0.00478 -0.25205 1.00929 0.00888 -0.00444 0.00288 -0.01189 0.14729 0.95890 0.00723 -0.01028 -0.95644 0.1296 
539.45 38.082 81.767 0.13833 0.95607 0.23794 28.86 1.0018 1.0019 0.99970 -0.23654 -0.00714 0.00485 -0.24141 1.00902 0.00876 -0.00466 0.00283 -0.01197 0.14800 0.96155 0.00701 -0.01017 -0.95892 0.1299 
538.77 38.295 81.766 0.13859 0.95780 0.23075 28.21 1.0017 1.0018 0.99970 -0.22935 -0.00707 0.00472 -0.23411 1.00886 0.00841 -0.00449 0.00288 -0.01184 0.14837 0.96317 0.00686 -0.00995 -0.96062 0.1300 
537.75 38.616 81.770 0.13888 0.96018 0.21985 26.84 1.0015 1.0016 0.99970 -0.21835 -0.00696 0.00473 -0.22316 1.00856 0.00799 -0.00458 0.00285 -0.01185 0.14884 0.96556 0.00679 -0.00946 -0.96274 0.1301 
537.07 38.835 81.774 0.13904 0.96172 0.21239 26.24 1.0014 1.0014 0.99970 -0.21078 -0.00687 0.00464 -0.21571 1.00834 0.00793 -0.00459 0.00271 -0.01173 0.14895 0.96698 0.00667 -0.00905 -0.96419 0.1302 
536.05 39.179 81.787 0.13922 0.96451 0.20077 25.10 1.0012 1.0013 0.99970 -0.19910 -0.00669 0.00452 -0.20393 1.00772 0.00756 -0.00486 0.00256 -0.01123 0.14907 0.96944 0.00652 -0.00875 -0.96674 0.1304 
535.37 39.408 81.799 0.13925 0.96623 0.19300 24.05 1.0013 1.0013 0.99970 -0.19124 -0.00650 0.00448 -0.19618 1.00766 0.00735 -0.00506 0.00252 -0.01105 0.14908 0.97119 0.00633 -0.00847 -0.96838 0.1304 
534.35 39.756 81.838 0.13895 0.96879 0.18118 22.72 1.0015 1.0016 0.99970 -0.17952 -0.00634 0.00435 -0.18423 1.00796 0.00753 -0.00479 0.00236 -0.01102 0.14862 0.97411 0.00607 -0.00807 -0.97090 0.1303 
533.67 39.994 81.856 0.13888 0.97050 0.17308 21.79 1.0016 1.0017 0.99970 -0.17133 -0.00632 0.00426 -0.17615 1.00793 0.00721 -0.00427 0.00221 -0.01079 0.14838 0.97578 0.00588 -0.00809 -0.97263 0.1304 
532.99 40.234 81.884 0.13862 0.97203 0.16487 20.78 1.0015 1.0015 0.99970 -0.16305 -0.00614 0.00403 -0.16790 1.00767 0.00692 -0.00395 0.00207 -0.01070 0.14800 0.97706 0.00560 -0.00786 -0.97416 0.1303 
531.97 40.597 81.938 0.13798 0.97413 0.15242 19.43 1.0014 1.0015 0.99970 -0.15046 -0.00610 0.00383 -0.15548 1.00749 0.00678 -0.00345 0.00187 -0.01070 0.14740 0.97927 0.00531 -0.00786 -0.97599 0.1296 
531.29 40.846 81.984 0.13737 0.97548 0.14385 18.57 1.0012 1.0013 0.99970 -0.14168 -0.00603 0.00382 -0.14701 1.00718 0.00662 -0.00314 0.00166 -0.01089 0.14681 0.98039 0.00500 -0.00767 -0.97727 0.1289 
530.27 41.233 82.059 0.13636 0.97753 0.13054 17.39 1.0011 1.0012 0.99970 -0.12821 -0.00586 0.00374 -0.13374 1.00690 0.00610 -0.00283 0.00140 -0.01081 0.14564 0.98240 0.00486 -0.00765 -0.97912 0.1280 
529.59 41.493 82.117 0.13551 0.97872 0.12157 16.52 1.0012 1.0012 0.99970 -0.11918 -0.00574 0.00376 -0.12479 1.00711 0.00598 -0.00276 0.00133 -0.01067 0.14481 0.98370 0.00468 -0.00732 -0.98039 0.1271 
528.58 41.888 82.209 0.13412 0.98029 0.10789 15.52 1.0010 1.0010 0.99970 -0.10539 -0.00584 0.00353 -0.11110 1.00688 0.00608 -0.00243 0.00119 -0.01073 0.14353 0.98540 0.00440 -0.00709 -0.98163 0.1256 
527.90 42.155 82.283 0.13292 0.98098 0.09863 14.89 1.0008 1.0008 0.99970 -0.09608 -0.00576 0.00330 -0.10184 1.00701 0.00615 -0.00221 0.00114 -0.01099 0.14247 0.98608 0.00415 -0.00704 -0.98248 0.1243 
526.88 42.565 82.391 0.13115 0.98176 0.08440 13.91 1.0004 1.0004 0.99970 -0.08178 -0.00566 0.00306 -0.08759 1.00697 0.00618 -0.00152 0.00107 -0.01076 0.14056 0.98685 0.00388 -0.00675 -0.98322 0.1226 
526.20 42.848 82.474 0.12978 0.98228 0.07457 13.27 1.0003 1.0003 0.99970 -0.07197 -0.00557 0.00278 -0.07770 1.00720 0.00608 -0.00113 0.00114 -0.01075 0.13913 0.98756 0.00374 -0.00642 -0.98378 0.1213 
525.52 43.135 82.556 0.12843 0.98295 0.06464 12.72 1.0001 1.0001 0.99970 -0.06197 -0.00551 0.00266 -0.06775 1.00701 0.00626 -0.00067 0.00118 -0.01070 0.13768 0.98804 0.00363 -0.00608 -0.98446 0.1201 
524.50 43.575 82.691 0.12622 0.98411 0.04939 12.11 1.0000 1.0000 0.99970 -0.04660 -0.00531 0.00245 -0.05250 1.00679 0.00636 -0.00022 0.00098 -0.01081 0.13514 0.98910 0.00327 -0.00603 -0.98551 0.1181 
523.82 43.880 82.782 0.12469 0.98454 0.03881 11.65 0.9999 1.0000 0.99970 -0.03595 -0.00533 0.00228 -0.04193 1.00698 0.00626 -0.00013 0.00075 -0.01066 0.13358 0.98970 0.00295 -0.00594 -0.98596 0.1166 
522.80 44.345 82.924 0.12226 0.98489 0.02269 11.31 0.9998 0.9999 0.99970 -0.01979 -0.00531 0.00189 -0.02574 1.00725 0.00619 0.00010 0.00053 -0.01062 0.13126 0.99050 0.00262 -0.00614 -0.98611 0.1141 
522.13 44.664 83.036 0.12034 0.98526 0.01165 11.10 0.9998 0.9998 0.99970 -0.00876 -0.00521 0.00174 -0.01463 1.00719 0.00606 0.00023 0.00047 -0.01050 0.12919 0.99093 0.00245 -0.00602 -0.98638 0.1123 
521.11 45.156 83.227 0.11704 0.98548 -0.00541 10.93 0.9996 0.9997 0.99970 0.00833 -0.00508 0.00158 0.00253 1.00714 0.00582 0.00039 0.00041 -0.01034 0.12586 0.99106 0.00210 -0.00616 -0.98664 0.1090 
520.43 45.489 83.359 0.11474 0.98554 -0.01694 10.73 0.9996 0.9997 0.99970 0.01987 -0.00497 0.00155 0.01413 1.00719 0.00561 0.00041 0.00027 -0.01040 0.12359 0.99111 0.00176 -0.00632 -0.98678 0.1067 
519.41 46.000 83.556 0.11124 0.98489 -0.03462 10.63 0.9992 0.9993 0.99970 0.03770 -0.00479 0.00124 0.03178 1.00697 0.00547 0.00083 0.00004 -0.01030 0.12004 0.99057 0.00137 -0.00620 -0.98578 0.1032 
518.73 46.347 83.701 0.10869 0.98456 -0.04662 10.55 0.9990 0.9990 0.99970 0.04980 -0.00470 0.00109 0.04374 1.00661 0.00562 0.00080 -0.00003 -0.01020 0.11738 0.99014 0.00104 -0.00603 -0.98520 0.1007 
517.71 46.883 83.950 0.10426 0.98368 -0.06512 10.54 0.9983 0.9983 0.99970 0.06840 -0.00441 0.00104 0.06219 1.00556 0.00556 0.00036 -0.00006 -0.01013 0.11302 0.98877 0.00076 -0.00641 -0.98377 0.0961 
517.04 47.255 84.119 0.10123 0.98288 -0.07792 10.54 0.9980 0.9981 0.99970 0.08125 -0.00431 0.00082 0.07497 1.00517 0.00554 0.00027 -0.00021 -0.01002 0.10990 0.98775 0.00059 -0.00667 -0.98280 0.0931 
516.36 47.637 84.302 0.09797 0.98190 -0.09108 10.66 0.9978 0.9978 0.99970 0.09434 -0.00424 0.00060 0.08824 1.00489 0.00557 -0.00008 -0.00024 -0.01001 0.10656 0.98674 0.00048 -0.00681 -0.98157 0.0898 
515.34 48.224 84.591 0.09283 0.98027 -0.11129 10.70 0.9976 0.9976 0.99970 0.11453 -0.00392 0.00049 0.10851 1.00444 0.00499 -0.00038 -0.00030 -0.00986 0.10137 0.98484 0.00022 -0.00693 -0.97976 0.0847 
514.66 48.624 84.800 0.08911 0.97905 -0.12503 10.87 0.9973 0.9973 0.99970 0.12834 -0.00386 0.00019 0.12217 1.00380 0.00485 -0.00050 -0.00046 -0.00986 0.09777 0.98335 -0.00001 -0.00729 -0.97817 0.0808 
513.64 49.242 85.142 0.08299 0.97649 -0.14619 11.04 0.9966 0.9967 0.99970 0.14953 -0.00370 0.00015 0.14320 1.00268 0.00467 -0.00063 -0.00041 -0.00956 0.09178 0.98033 -0.00042 -0.00780 -0.97496 0.0744 
512.96 49.669 85.377 0.07880 0.97457 -0.16079 11.12 0.9963 0.9963 0.99970 0.16407 -0.00373 0.00005 0.15779 1.00199 0.00454 -0.00077 -0.00048 -0.00933 0.08758 0.97825 -0.00067 -0.00795 -0.97253 0.0702 
511.95 50.331 85.753 0.07212 0.97132 -0.18338 11.46 0.9959 0.9959 0.99970 0.18660 -0.00377 -0.00015 0.18029 1.00097 0.00483 -0.00096 -0.00073 -0.00893 0.08106 0.97448 -0.00120 -0.00831 -0.96881 0.0632 
511.27 50.787 86.018 0.06743 0.96868 -0.19887 11.67 0.9956 0.9957 0.99970 0.20197 -0.00360 -0.00036 0.19577 1.00033 0.00471 -0.00118 -0.00091 -0.00884 0.07647 0.97141 -0.00134 -0.00818 -0.96599 0.0584 
510.25 51.485 86.445 0.05991 0.96421 -0.22252 12.10 0.9953 0.9953 0.99970 0.22546 -0.00343 -0.00063 0.21937 0.99941 0.00467 -0.00169 -0.00105 -0.00875 0.06911 0.96634 -0.00163 -0.00855 -0.96122 0.0507 
509.57 51.971 86.731 0.05487 0.96061 -0.23888 12.37 0.9951 0.9952 0.99970 0.24175 -0.00346 -0.00077 0.23572 0.99912 0.00462 -0.00164 -0.00129 -0.00839 0.06400 0.96256 -0.00194 -0.00859 -0.95753 0.0457 
508.56 52.714 87.188 0.04691 0.95496 -0.26387 12.89 0.9952 0.9952 0.99970 0.26664 -0.00323 -0.00092 0.26070 0.99878 0.00435 -0.00182 -0.00150 -0.00807 0.05606 0.95675 -0.00228 -0.00864 -0.95172 0.0377 
507.88 53.224 87.518 0.04120 0.95054 -0.28089 13.14 0.9952 0.9952 0.99970 0.28372 -0.00313 -0.00103 0.27758 0.99859 0.00443 -0.00142 -0.00179 -0.00788 0.05032 0.95224 -0.00267 -0.00905 -0.94721 0.0320 
507.20 53.748 87.857 0.03538 0.94558 -0.29827 13.55 0.9952 0.9952 0.99970 0.30105 -0.00307 -0.00102 0.29493 0.99839 0.00432 -0.00121 -0.00204 -0.00769 0.04454 0.94733 -0.00302 -0.00932 -0.94204 0.0262 
506.18 54.557 88.377 0.02657 0.93737 -0.32497 14.14 0.9947 0.9948 0.99970 0.32766 -0.00294 -0.00129 0.32128 0.99722 0.00390 -0.00154 -0.00227 -0.00747 0.03586 0.93862 -0.00364 -0.00940 -0.93323 0.0172 
505.50 55.109 88.757 0.02021 0.93106 -0.34297 14.55 0.9945 0.9945 0.99970 0.34557 -0.00278 -0.00135 0.33915 0.99678 0.00398 -0.00185 -0.00227 -0.00750 0.02975 0.93207 -0.00398 -0.00911 -0.92678 0.0106 
504.49 55.965 89.378 0.01000 0.92053 -0.37065 15.01 0.9942 0.9942 0.99970 0.37320 -0.00241 -0.00134 0.36658 0.99620 0.00381 -0.00218 -0.00228 -0.00746 0.01975 0.92156 -0.00450 -0.00955 -0.91573 0.0002 
503.81 56.551 89.815 0.00295 0.91264 -0.38931 15.49 0.9940 0.9940 0.99970 0.39169 -0.00208 -0.00137 0.38525 0.99598 0.00371 -0.00206 -0.00224 -0.00747 0.01271 0.91352 -0.00469 -0.00941 -0.90780 -0.0068 
502.79 57.444 90.483 -0.00759 0.89977 -0.41746 16.03 0.9938 0.9939 0.99970 0.41974 -0.00162 -0.00152 0.41338 0.99596 0.00383 -0.00222 -0.00209 -0.00686 0.00202 0.90100 -0.00508 -0.00909 -0.89465 -0.0172 
502.12 58.055 90.963 -0.01497 0.89020 -0.43637 16.32 0.9934 0.9934 0.99970 0.43853 -0.00150 -0.00134 0.43211 0.99549 0.00408 -0.00228 -0.00189 -0.00682 -0.00523 0.89132 -0.00541 -0.00881 -0.88479 -0.0246 
501.10 59.002 91.703 -0.02601 0.87463 -0.46534 16.83 0.9929 0.9929 0.99970 0.46718 -0.00125 -0.00176 0.46102 0.99499 0.00404 -0.00198 -0.00199 -0.00659 -0.01641 0.87561 -0.00582 -0.00882 -0.86901 -0.0355 
500.42 59.652 92.230 -0.03362 0.86329 -0.48492 17.09 0.9927 0.9927 0.99970 0.48667 -0.00085 -0.00191 0.48054 0.99488 0.00400 -0.00196 -0.00200 -0.00653 -0.02422 0.86414 -0.00613 -0.00879 -0.85775 -0.0428 
499.74 60.310 92.772 -0.04122 0.85122 -0.50441 17.05 0.9921 0.9921 0.99970 0.50582 -0.00059 -0.00207 0.49988 0.99412 0.00377 -0.00196 -0.00215 -0.00629 -0.03199 0.85193 -0.00626 -0.00887 -0.84525 -0.0502 
498.73 61.333 93.647 -0.05300 0.83145 -0.53418 17.13 0.9919 0.9919 0.99970 0.53556 -0.00007 -0.00215 0.52961 0.99433 0.00403 -0.00252 -0.00208 -0.00612 -0.04358 0.83258 -0.00646 -0.00899 -0.82537 -0.0621 
498.05 62.023 94.253 -0.06078 0.81738 -0.55382 17.15 0.9913 0.9914 0.99970 0.55504 0.00010 -0.00223 0.54891 0.99363 0.00439 -0.00245 -0.00207 -0.00615 -0.05151 0.81809 -0.00689 -0.00919 -0.81122 -0.0696 
497.03 63.078 95.220 -0.07259 0.79447 -0.58296 16.81 0.9909 0.9909 0.99970 0.58413 0.00048 -0.00248 0.57803 0.99385 0.00441 -0.00254 -0.00222 -0.00642 -0.06357 0.79544 -0.00758 -0.00920 -0.78837 -0.0811 
496.35 63.808 95.908 -0.08051 0.77813 -0.60278 16.55 0.9906 0.9906 0.99970 0.60369 0.00075 -0.00260 0.59792 0.99376 0.00455 -0.00281 -0.00219 -0.00632 -0.07143 0.77914 -0.00786 -0.00916 -0.77202 -0.0891 
495.34 64.916 97.013 -0.09252 0.75215 -0.63213 15.88 0.9900 0.9901 0.99970 0.63283 0.00119 -0.00273 0.62704 0.99336 0.00431 -0.00291 -0.00220 -0.00573 -0.08377 0.75320 -0.00840 -0.00933 -0.74589 -0.1006 
494.66 65.673 97.789 -0.10036 0.73369 -0.65161 15.47 0.9895 0.9896 0.99970 0.65197 0.00178 -0.00299 0.64636 0.99281 0.00431 -0.00294 -0.00212 -0.00554 -0.09198 0.73448 -0.00866 -0.00980 -0.72740 -0.1080 
493.64 66.832 99.053 -0.11209 0.70356 -0.67995 14.89 0.9885 0.9885 0.99970 0.67996 0.00230 -0.00317 0.67445 0.99222 0.00419 -0.00289 -0.00227 -0.00521 -0.10380 0.70429 -0.00888 -0.00976 -0.69714 -0.1195 
492.97 67.631 99.985 -0.12010 0.68217 -0.69901 14.47 0.9881 0.9881 0.99970 0.69880 0.00259 -0.00318 0.69356 0.99221 0.00423 -0.00276 -0.00242 -0.00502 -0.11216 0.68310 -0.00937 -0.00989 -0.67572 -0.1271 
491.95 68.850 101.493 -0.13175 0.64801 -0.72674 13.86 0.9871 0.9872 0.99970 0.72612 0.00281 -0.00322 0.72119 0.99182 0.00382 -0.00210 -0.00285 -0.00451 -0.12445 0.64917 -0.00986 -0.00951 -0.64136 -0.1379 
491.27 69.669 102.590 -0.13943 0.62429 -0.74468 13.48 0.9863 0.9864 0.99970 0.74364 0.00329 -0.00309 0.73884 0.99105 0.00372 -0.00231 -0.00293 -0.00443 -0.13236 0.62516 -0.01001 -0.00936 -0.61764 -0.1452 
490.60 70.506 103.800 -0.14722 0.59940 -0.76254 12.95 0.9859 0.9859 0.99970 0.76113 0.00372 -0.00321 0.75667 0.99077 0.00322 -0.00260 -0.00308 -0.00462 -0.14028 0.60006 -0.01002 -0.00964 -0.59303 -0.1528 
489.58 71.764 105.789 -0.15845 0.56036 -0.78778 12.29 0.9851 0.9852 0.99970 0.78614 0.00428 -0.00356 0.78184 0.99068 0.00315 -0.00284 -0.00319 -0.00384 -0.15229 0.56115 -0.01033 -0.00964 -0.55417 -0.1631 
488.90 72.618 107.276 -0.16572 0.53286 -0.80396 11.81 0.9845 0.9845 0.99970 0.80194 0.00443 -0.00351 0.79802 0.99039 0.00321 -0.00297 -0.00324 -0.00344 -0.15999 0.53381 -0.01045 -0.00967 -0.52663 -0.1698 
487.89 73.917 109.775 -0.17599 0.48949 -0.82710 11.08 0.9837 0.9837 0.99970 0.82484 0.00483 -0.00361 0.82108 0.99030 0.00302 -0.00225 -0.00337 -0.00264 -0.17097 0.49046 -0.01079 -0.00937 -0.48363 -0.1792 
487.21 74.788 111.691 -0.18270 0.45931 -0.84170 10.55 0.9830 0.9830 0.99970 0.83921 0.00504 -0.00392 0.83539 0.98985 0.00328 -0.00197 -0.00357 -0.00237 -0.17806 0.46015 -0.01122 -0.00943 -0.45367 -0.1854 
486.19 76.093 114.965 -0.19194 0.41228 -0.86199 10.00 0.9822 0.9822 0.99970 0.85934 0.00536 -0.00397 0.85559 0.98979 0.00300 -0.00174 -0.00373 -0.00178 -0.18815 0.41271 -0.01180 -0.00971 -0.40751 -0.1937 
485.52 76.959 117.536 -0.19788 0.37954 -0.87438 9.62 0.9818 0.9818 0.99970 0.87182 0.00552 -0.00426 0.86790 0.98995 0.00308 -0.00172 -0.00383 -0.00167 -0.19453 0.37988 -0.01220 -0.00993 -0.37528 -0.1992 
484.50 78.231 122.083 -0.20615 0.32885 -0.89098 9.40 0.9811 0.9812 0.99970 0.88856 0.00568 -0.00458 0.88452 0.99033 0.00288 -0.00167 -0.00393 -0.00162 -0.20349 0.32885 -0.01260 -0.00989 -0.32556 -0.2068 
483.82 79.056 125.731 -0.21135 0.29379 -0.90088 9.23 0.9807 0.9808 0.99970 0.89840 0.00589 -0.00480 0.89452 0.99049 0.00263 -0.00166 -0.00397 -0.00166 -0.20911 0.29343 -0.01283 -0.00981 -0.29127 -0.2115 
482.81 80.223 132.317 -0.21851 0.24000 -0.91378 9.17 0.9803 0.9803 0.99970 0.91137 0.00611 -0.00502 0.90742 0.99070 0.00279 -0.00182 -0.00397 -0.00123 -0.21684 0.23928 -0.01355 -0.01016 -0.23841 -0.2181 
482.13 80.941 137.645 -0.22271 0.20304 -0.92106 9.32 0.9802 0.9802 0.99970 0.91877 0.00631 -0.00519 0.91491 0.99113 0.00318 -0.00184 -0.00409 -0.00116 -0.22158 0.20225 -0.01382 -0.01012 -0.20196 -0.2218 
481.46 81.576 143.798 -0.22655 0.16582 -0.92711 9.40 0.9799 0.9799 0.99970 0.92480 0.00666 -0.00526 0.92079 0.99100 0.00342 -0.00191 -0.00415 -0.00100 -0.22587 0.16499 -0.01431 -0.01049 -0.16511 -0.2251 
480.44 82.344 154.808 -0.23138 0.10884 -0.93386 9.63 0.9794 0.9795 0.99970 0.93132 0.00694 -0.00537 0.92721 0.99047 0.00381 -0.00240 -0.00439 -0.00090 -0.23123 0.10786 -0.01518 -0.01127 -0.10875 -0.2293 
479.76 82.687 163.302 -0.23412 0.07023 -0.93664 9.71 0.9792 0.9793 0.99970 0.93405 0.00717 -0.00533 0.92984 0.99027 0.00399 -0.00291 -0.00435 -0.00084 -0.23432 0.06912 -0.01570 -0.01155 -0.07064 -0.2316 
478.75 82.895 177.198 -0.23737 0.01162 -0.93847 9.83 0.9790 0.9791 0.99970 0.93573 0.00746 -0.00543 0.93134 0.98979 0.00452 -0.00349 -0.00431 -0.00083 -0.23812 0.01006 -0.01633 -0.01206 -0.01306 -0.2341 
478.07 82.807 186.571 -0.23897 -0.02753 -0.93786 9.76 0.9791 0.9791 0.99970 0.93518 0.00771 -0.00529 0.93066 0.98977 0.00477 -0.00349 -0.00424 -0.00057 -0.24013 -0.02925 -0.01676 -0.01239 0.02551 -0.2353 
477.06 82.356 199.803 -0.24035 -0.08655 -0.93456 10.00 0.9791 0.9791 0.99970 0.93176 0.00811 -0.00530 0.92692 0.98913 0.00505 -0.00391 -0.00419 -0.00054 -0.24212 -0.08841 -0.01736 -0.01319 0.08371 -0.2359 
476.38 81.874 207.599 -0.24034 -0.12564 -0.93039 10.28 0.9791 0.9792 0.99970 0.92768 0.00832 -0.00530 0.92259 0.98901 0.00542 -0.00425 -0.00423 -0.00043 -0.24243 -0.12764 -0.01769 -0.01365 0.12223 -0.2356 
475.36 80.927 217.566 -0.23946 -0.18418 -0.92180 10.90 0.9794 0.9795 0.99970 0.91924 0.00845 -0.00512 0.91360 0.98863 0.00561 -0.00483 -0.00428 -0.00002 -0.24203 -0.18633 -0.01819 -0.01474 0.17988 -0.2341 
474.69 80.177 223.115 -0.23831 -0.22313 -0.91452 11.50 0.9795 0.9796 0.99970 0.91170 0.00858 -0.00503 0.90588 0.98778 0.00585 -0.00539 -0.00429 0.00007 -0.24106 -0.22535 -0.01845 -0.01578 0.21812 -0.2326 
474.01 79.372 227.863 -0.23641 -0.26130 -0.90587 12.22 0.9798 0.9799 0.99970 0.90301 0.00868 -0.00529 0.89718 0.98755 0.00599 -0.00584 -0.00442 0.00032 -0.23959 -0.26367 -0.01860 -0.01663 0.25560 -0.2302 
473.00 78.063 233.810 -0.23270 -0.31806 -0.89041 13.89 0.9804 0.9805 0.99970 0.88765 0.00890 -0.00518 0.88136 0.98705 0.00652 -0.00680 -0.00437 0.00036 -0.23613 -0.32046 -0.01882 -0.01792 0.31144 -0.2262 
472.32 77.145 237.124 -0.22958 -0.35520 -0.87838 15.16 0.9807 0.9808 0.99970 0.87552 0.00897 -0.00523 0.86903 0.98639 0.00682 -0.00746 -0.00435 0.00046 -0.23309 -0.35735 -0.01897 -0.01899 0.34810 -0.2229 
471.31 75.739 241.341 -0.22369 -0.40928 -0.85824 16.96 0.9816 0.9818 0.99970 0.85574 0.00913 -0.00509 0.84883 0.98641 0.00754 -0.00804 -0.00411 0.00081 -0.22762 -0.41167 -0.01920 -0.01982 0.40120 -0.2167 
470.63 74.786 243.724 -0.21927 -0.44411 -0.84325 17.86 0.9818 0.9819 0.99970 0.84059 0.00911 -0.00511 0.83350 0.98558 0.00767 -0.00811 -0.00411 0.00083 -0.22358 -0.44628 -0.01940 -0.02039 0.43541 -0.2117 
469.61 73.358 246.815 -0.21169 -0.49425 -0.81906 18.88 0.9826 0.9828 0.99970 0.81655 0.00939 -0.00479 0.80940 0.98544 0.00785 -0.00882 -0.00408 0.00094 -0.21648 -0.49618 -0.01931 -0.02145 0.48498 -0.2037 
468.94 72.402 248.630 -0.20611 -0.52673 -0.80194 19.54 0.9831 0.9833 0.99970 0.79941 0.00944 -0.00471 0.79216 0.98494 0.00787 -0.00914 -0.00394 0.00134 -0.21098 -0.52846 -0.01924 -0.02222 0.51692 -0.1981 
467.92 70.972 251.059 -0.19675 -0.57330 -0.77421 20.59 0.9839 0.9840 0.99970 0.77199 0.00950 -0.00448 0.76422 0.98452 0.00794 -0.00945 -0.00387 0.00166 -0.20191 -0.57436 -0.01915 -0.02326 0.56319 -0.1885 
467.25 70.023 252.507 -0.19005 -0.60300 -0.75469 21.49 0.9843 0.9844 0.99970 0.75241 0.00962 -0.00437 0.74474 0.98408 0.00830 -0.00966 -0.00382 0.00179 -0.19530 -0.60365 -0.01874 -0.02389 0.59257 -0.1817 
466.23 68.629 254.414 -0.17991 -0.64497 -0.72456 23.43 0.9852 0.9854 0.99970 0.72256 0.00947 -0.00383 0.71470 0.98393 0.00838 -0.00979 -0.00389 0.00240 -0.18529 -0.64518 -0.01827 -0.02448 0.63421 -0.1716 
465.56 67.709 255.573 -0.17278 -0.67165 -0.70370 25.08 0.9858 0.9859 0.99970 0.70169 0.00929 -0.00347 0.69397 0.98362 0.00847 -0.00976 -0.00393 0.00234 -0.17836 -0.67153 -0.01801 -0.02544 0.66056 -0.1643 
464.88 66.794 256.674 -0.16511 -0.69705 -0.68189 27.36 0.9861 0.9863 0.99970 0.68002 0.00926 -0.00318 0.67222 0.98336 0.00841 -0.00969 -0.00402 0.00263 -0.17072 -0.69666 -0.01747 -0.02580 0.68563 -0.1567 
463.87 65.447 258.170 -0.15353 -0.73303 -0.64862 31.16 0.9868 0.9870 0.99970 0.64701 0.00953 -0.00285 0.63903 0.98305 0.00870 -0.01024 -0.00379 0.00267 -0.15922 -0.73217 -0.01658 -0.02647 0.72125 -0.1452 
463.19 64.577 259.071 -0.14581 -0.75509 -0.62621 33.29 0.9874 0.9875 0.99970 0.62482 0.00940 -0.00272 0.61683 0.98312 0.00887 -0.01038 -0.00361 0.00298 -0.15168 -0.75420 -0.01607 -0.02697 0.74300 -0.1374 
462.18 63.290 260.383 -0.13324 -0.78635 -0.59189 34.73 0.9879 0.9881 0.99970 0.59069 0.00917 -0.00220 0.58272 0.98278 0.00933 -0.01015 -0.00322 0.00381 -0.13966 -0.78534 -0.01512 -0.02660 0.77358 -0.1245 
461.50 62.462 261.191 -0.12478 -0.80524 -0.56896 34.70 0.9884 0.9885 0.99970 0.56810 0.00900 -0.00183 0.55999 0.98303 0.00956 -0.00976 -0.00313 0.00353 -0.13125 -0.80438 -0.01442 -0.02708 0.79219 -0.1162 
460.49 61.243 262.332 -0.11194 -0.83150 -0.53422 33.56 0.9891 0.9892 0.99970 0.53397 0.00884 -0.00156 0.52557 0.98365 0.00974 -0.00936 -0.00297 0.00357 -0.11852 -0.83069 -0.01359 -0.02706 0.81846 -0.1035 
459.81 60.445 263.031 -0.10363 -0.84776 -0.51096 32.57 0.9893 0.9895 0.99970 0.51091 0.00869 -0.00125 0.50249 0.98362 0.00988 -0.00936 -0.00285 0.00346 -0.11010 -0.84705 -0.01297 -0.02734 0.83433 -0.0954 
458.80 59.288 264.036 -0.09083 -0.86942 -0.47611 31.21 0.9899 0.9901 0.99970 0.47654 0.00851 -0.00089 0.46822 0.98460 0.01004 -0.00927 -0.00261 0.00352 -0.09758 -0.86906 -0.01192 -0.02712 0.85613 -0.0826 
458.12 58.534 264.654 -0.08262 -0.88294 -0.45319 31.08 0.9904 0.9905 0.99970 0.45387 0.00823 -0.00066 0.44562 0.98510 0.01038 -0.00915 -0.00246 0.00328 -0.08930 -0.88263 -0.01124 -0.02695 0.86984 -0.0747 
457.11 57.435 265.535 -0.07040 -0.90148 -0.41916 31.73 0.9910 0.9911 0.99970 0.42001 0.00794 -0.00002 0.41211 0.98550 0.01056 -0.00909 -0.00240 0.00295 -0.07699 -0.90132 -0.00999 -0.02719 0.88829 -0.0628 
456.43 56.726 266.085 -0.06245 -0.91254 -0.39681 32.77 0.9913 0.9914 0.99970 0.39777 0.00801 0.00046 0.39007 0.98576 0.01081 -0.00902 -0.00250 0.00255 -0.06893 -0.91259 -0.00919 -0.02709 0.89923 -0.0551 
455.76 56.032 266.616 -0.05455 -0.92253 -0.37459 33.72 0.9917 0.9918 0.99970 0.37576 0.00785 0.00081 0.36820 0.98636 0.01100 -0.00899 -0.00243 0.00246 -0.06105 -0.92248 -0.00853 -0.02700 0.90971 -0.0473 
454.74 55.029 267.381 -0.04278 -0.93530 -0.34186 33.59 0.9921 0.9922 0.99970 0.34339 0.00738 0.00151 0.33598 0.98758 0.01132 -0.00824 -0.00245 0.00241 -0.04954 -0.93540 -0.00757 -0.02638 0.92329 -0.0355 
454.07 54.374 267.876 -0.03498 -0.94299 -0.32029 32.25 0.9921 0.9922 0.99970 0.32202 0.00711 0.00203 0.31456 0.98786 0.01138 -0.00801 -0.00252 0.00240 -0.04184 -0.94309 -0.00707 -0.02609 0.93117 -0.0277 
453.05 53.427 268.563 -0.02390 -0.95288 -0.28877 28.98 0.9921 0.9922 0.99970 0.29071 0.00665 0.00272 0.28341 0.98846 0.01164 -0.00800 -0.00263 0.00213 -0.03041 -0.95318 -0.00631 -0.02592 0.94130 -0.0171 
452.38 52.816 269.001 -0.01672 -0.95864 -0.26829 26.39 0.9924 0.9925 0.99970 0.27038 0.00646 0.00305 0.26326 0.98933 0.01192 -0.00787 -0.00255 0.00195 -0.02312 -0.95946 -0.00586 -0.02574 0.94731 -0.0101 
451.37 51.924 269.633 -0.00620 -0.96596 -0.23812 22.92 0.9926 0.9927 0.99970 0.24058 0.00600 0.00368 0.23334 0.99050 0.01200 -0.00760 -0.00264 0.00204 -0.01242 -0.96725 -0.00520 -0.02559 0.95520 0.0001 
450.69 51.347 270.036 0.00060 -0.96991 -0.21847 21.35 0.9927 0.9929 0.99970 0.22111 0.00583 0.00389 0.21390 0.99149 0.01216 -0.00731 -0.00262 0.00204 -0.00555 -0.97174 -0.00459 -0.02552 0.95952 0.0067 
449.68 50.512 270.610 0.01039 -0.97514 -0.18999 20.02 0.9927 0.9928 0.99970 0.19282 0.00576 0.00457 0.18560 0.99209 0.01264 -0.00719 -0.00280 0.00183 0.00470 -0.97788 -0.00371 -0.02503 0.96440 0.0160 
449.00 49.976 270.966 0.01649 -0.97803 -0.17163 19.93 0.9927 0.9928 0.99970 0.17459 0.00571 0.00474 0.16732 0.99245 0.01279 -0.00706 -0.00283 0.00207 0.01091 -0.98106 -0.00318 -0.02478 0.96732 0.0219 
447.99 49.201 271.457 0.02499 -0.98203 -0.14508 19.58 0.9925 0.9926 0.99970 0.14808 0.00533 0.00513 0.14091 0.99220 0.01325 -0.00689 -0.00301 0.00200 0.01935 -0.98500 -0.00233 -0.02466 0.97110 0.0304 
447.31 48.700 271.771 0.03043 -0.98424 -0.12789 19.30 0.9925 0.9926 0.99970 0.13088 0.00512 0.00562 0.12386 0.99217 0.01337 -0.00690 -0.00299 0.00193 0.02482 -0.98722 -0.00181 -0.02451 0.97325 0.0358 
446.64 48.219 272.096 0.03608 -0.98585 -0.11130 18.45 0.9926 0.9927 0.99970 0.11417 0.00502 0.00592 0.10758 0.99262 0.01366 -0.00677 -0.00299 0.00202 0.03049 -0.98932 -0.00142 -0.02395 0.97482 0.0414 
445.63 47.515 272.547 0.04391 -0.98706 -0.08697 16.56 0.9928 0.9929 0.99970 0.08991 0.00490 0.00642 0.08348 0.99395 0.01316 -0.00626 -0.00307 0.00195 0.03840 -0.99176 -0.00064 -0.02293 0.97610 0.0491 
444.95 47.060 272.804 0.04836 -0.98754 -0.07120 15.07 0.9923 0.9924 0.99970 0.07411 0.00475 0.00675 0.06782 0.99349 0.01301 -0.00650 -0.00310 0.00191 0.04281 -0.99235 -0.00039 -0.02296 0.97600 0.0536 
443.94 46.400 273.187 0.05498 -0.98742 -0.04838 13.06 0.9922 0.9923 1.00000 0.05134 0.00447 0.00726 0.04515 0.99420 0.01306 -0.00602 -0.00304 0.00192 0.04943 -0.99291 0.00024 -0.02258 0.97620 0.0602 
443.26 45.976 273.428 0.05914 -0.98723 -0.03370 12.25 0.9920 0.9921 1.00000 0.03669 0.00428 0.00755 0.03052 0.99423 0.01304 -0.00594 -0.00298 0.00196 0.05383 -0.99291 0.00044 -0.02232 0.97585 0.0641 
442.25 45.365 273.760 0.06484 -0.98657 -0.01261 11.65 0.9915 0.9916 1.00000 0.01558 0.00415 0.00797 0.00955 0.99408 0.01296 -0.00576 -0.00304 0.00227 0.05968 -0.99217 0.00090 -0.02252 0.97512 0.0696 
441.57 44.976 273.961 0.06830 -0.98638 0.00083 11.59 0.9920 0.9921 1.00070 0.00212 0.00405 0.00828 -0.00379 0.99449 0.01275 -0.00559 -0.00308 0.00217 0.06325 -0.99276 0.00106 -0.02271 0.97525 0.0730 
440.56 44.417 274.226 0.07280 -0.98526 0.02011 11.77 0.9908 0.9909 1.00010 -0.01711 0.00394 0.00869 -0.02298 0.99320 0.01253 -0.00556 -0.00276 0.00242 0.06764 -0.99148 0.00136 -0.02203 0.97244 0.0775 
439.89 44.054 274.387 0.07555 -0.98484 0.03262 11.93 0.9906 0.9907 1.00000 -0.02953 0.00377 0.00898 -0.03546 0.99285 0.01227 -0.00530 -0.00265 0.00260 0.07037 -0.99073 0.00162 -0.02199 0.97191 0.0802 
439.21 43.706 274.533 0.07803 -0.98429 0.04464 11.78 0.9907 0.9908 1.00010 -0.04146 0.00359 0.00927 -0.04748 0.99269 0.01198 -0.00502 -0.00254 0.00281 0.07283 -0.98996 0.00187 -0.02199 0.97152 0.0827 
438.20 43.205 274.726 0.08128 -0.98320 0.06190 11.27 0.9908 0.9909 1.00040 -0.05858 0.00329 0.00969 -0.06479 0.99258 0.01146 -0.00452 -0.00237 0.00316 0.07603 -0.98852 0.00224 -0.02206 0.97098 0.0860 
437.53 42.883 274.839 0.08316 -0.98231 0.07299 10.65 0.9902 0.9903 0.99990 -0.06951 0.00307 0.00996 -0.07587 0.99178 0.01106 -0.00415 -0.00224 0.00342 0.07781 -0.98658 0.00248 -0.02213 0.96986 0.0878 
436.51 42.426 274.980 0.08546 -0.98071 0.08870 9.89 0.9898 0.9899 0.99980 -0.08498 0.00272 0.01037 -0.09162 0.99122 0.01040 -0.00354 -0.00205 0.00385 0.07999 -0.98388 0.00283 -0.02231 0.96873 0.0902 
435.84 42.135 275.057 0.08668 -0.97948 0.09865 9.57 0.9900 0.9901 1.00030 -0.09481 0.00247 0.01064 -0.10168 0.99138 0.00991 -0.00309 -0.00191 0.00417 0.08116 -0.98235 0.00307 -0.02250 0.96845 0.0915 
434.83 41.718 275.148 0.08806 -0.97737 0.11293 9.16 0.9893 0.9893 1.00000 -0.10877 0.00208 0.01103 -0.11602 0.99055 0.00910 -0.00234 -0.00169 0.00469 0.08235 -0.97859 0.00340 -0.02282 0.96692 0.0929 
434.15 41.454 275.191 0.08865 -0.97579 0.12190 8.88 0.9889 0.9890 1.00010 -0.11754 0.00180 0.01129 -0.12508 0.99028 0.00851 -0.00181 -0.00153 0.00507 0.08284 -0.97608 0.00362 -0.02308 0.96611 0.0936 
433.14 41.079 275.230 0.08907 -0.97317 0.13460 8.32 0.9881 0.9882 1.00000 -0.12988 0.00135 0.01168 -0.13791 0.98960 0.00756 -0.00094 -0.00129 0.00567 0.08305 -0.97165 0.00395 -0.02353 0.96457 0.0942 
432.47 40.843 275.237 0.08903 -0.97125 0.14253 7.82 0.9877 0.9878 1.00020 -0.13759 0.00104 0.01193 -0.14598 0.98939 0.00687 -0.00032 -0.00112 0.00610 0.08287 -0.96866 0.00415 -0.02388 0.96372 0.0943 
431.45 40.509 275.223 0.08850 -0.96811 0.15367 6.98 0.9866 0.9867 1.00010 -0.14833 0.00055 0.01230 -0.15729 0.98866 0.00577 0.00066 -0.00085 0.00679 0.08209 -0.96337 0.00446 -0.02448 0.96197 0.0939 
430.78 40.401 275.212 0.08820 -0.96699 0.15725 6.39 0.9858 0.9859 0.99970 -0.15170 0.00038 0.01242 -0.16087 0.98804 0.00538 0.00101 -0.00076 0.00703 0.08168 -0.96112 0.00456 -0.02468 0.96100 0.0936 

# MINIMA:
430.78 9.610 81.766 -0.32960 -0.98754 -0.93847 6.39 0.9790 0.9791 0.99970 -0.94307 -0.01032 -0.00543 -0.94769 0.98278 0.00263 -0.01038 -0.00442 -0.01197 -0.33062 -0.99291 -0.01940 -0.02734 -0.98678 -0.3302 

# MAXIMA:
849.54 82.895 275.237 0.13925 0.98554 0.94338 51.12 1.0036 1.0036 1.00070 0.93573 0.00962 0.01242 0.93134 1.01303 0.01431 0.00277 0.00740 0.00703 0.14908 0.99111 0.00917 0.00047 0.97620 0.1304 

# PEAKS:

# END SPECTRUM

